2015.08.13,00:00,3526.9,3557.5,3504,3504.7,9987
2015.08.14,00:00,3504.4,3538.6,3473.4,3511.5,8042
2015.08.16,00:00,3512.1,3513.8,3509.6,3511.7,224
2015.08.17,00:00,3511.3,3537.4,3452.5,3504,7882
2015.08.18,00:00,3504.4,3511.1,3477.5,3486.5,7054
2015.08.19,00:00,3486.7,3493.6,3419.2,3423.4,10592
2015.08.20,00:00,3423.6,3428.6,3301.3,3304.8,13820
2015.08.21,00:00,3305.2,3352.4,3206.4,3213.9,19628
2015.08.23,00:00,3199.7,3201.2,3178.2,3192.4,3252
2015.08.24,00:00,3191.9,3200.7,2951,3061,59052
2015.08.25,00:00,3060.5,3237.9,3052.8,3112.5,51089
2015.08.26,00:00,3112.2,3245.3,3080.4,3228.3,41806
2015.08.27,00:00,3228.8,3300.2,3223.2,3293.3,23104
2015.08.28,00:00,3293.5,3307.7,3248.7,3288.5,20078
2015.08.30,00:00,3281.3,3282.8,3229.6,3240,5074
2015.08.31,00:00,3240.3,3285.7,3236.7,3243.9,15029
2015.09.01,00:00,3244.2,3244.9,3139.6,3162.9,28592
2015.09.02,00:00,3163.1,3235.5,3157.2,3231.5,24754
2015.09.03,00:00,3230.7,3296,3212.6,3246.6,17170
2015.09.04,00:00,3247.1,3248.6,3152,3169.8,20204
2015.09.06,00:00,3171.6,3187.2,3170.6,3181,1232
2015.09.07,00:00,3181.2,3228,3169.1,3193.2,13402
2015.09.08,00:00,3193.5,3275.4,3190.8,3245,15298
2015.09.09,00:00,3245.5,3326.4,3204.5,3210,19308
2015.09.10,00:00,3210.5,3266.6,3205,3234.7,19150
2015.09.11,00:00,3234.2,3251.1,3180.7,3209,13029
2015.09.13,00:00,3210.2,3214.1,3207.3,3213.2,536
2015.09.14,00:00,3213.6,3232.3,3167.4,3183.9,13465
2015.09.15,00:00,3184.4,3226.9,3156.4,3221.9,11452
2015.09.16,00:00,3222.2,3266.9,3210.2,3262.9,10275
2015.09.17,00:00,3262.7,3296.9,3225.8,3240.5,11942
2015.09.18,00:00,3240,3247.9,3136.9,3159,17977
2015.09.20,00:00,3167.3,3167.3,3155.7,3158.9,820
2015.09.21,00:00,3159.1,3198.8,3134.9,3189.6,12810
2015.09.22,00:00,3190.1,3198.8,3065.8,3085.3,13899
2015.09.23,00:00,3085.5,3124.8,3044.1,3080.2,14373
2015.09.24,00:00,3079.8,3100.4,2993.4,3055.2,21487
2015.09.25,00:00,3055.7,3129.4,3043.9,3069.9,18284
2015.09.27,00:00,3066.3,3072.1,3053.9,3061.6,1088
2015.09.28,00:00,3061.1,3111.1,3015.7,3030.9,16751
2015.09.29,00:00,3031.2,3056.7,2978.7,3036.2,20064
2015.09.30,00:00,3036.7,3116.2,3027.5,3092.6,17930
2015.10.01,00:00,3093.1,3145.2,3049.7,3086,18631
2015.10.02,00:00,3085.5,3136.6,3033.2,3135.1,18774
2015.10.04,00:00,3130.5,3133.9,3122.2,3122.7,696
2015.10.05,00:00,3123.2,3217.3,3123.2,3202.6,14086
2015.10.06,00:00,3202.4,3234.7,3164.3,3194.7,16474
2015.10.07,00:00,3195.7,3270.4,3194.7,3247.5,17507
2015.10.08,00:00,3247.7,3262,3203,3254.1,16971
2015.10.09,00:00,3254.6,3270,3232.9,3247.3,12571
2015.10.11,00:00,3240.3,3242.2,3238.8,3240.3,248
2015.10.12,00:00,3240.5,3264.4,3228.8,3243.5,9907
2015.10.13,00:00,3244,3247.8,3190.4,3193.3,12639
2015.10.14,00:00,3193.8,3226.1,3177.4,3192.6,14940
2015.10.15,00:00,3193.1,3271.9,3191.2,3267.5,14286
2015.10.16,00:00,3267,3273.9,3245.9,3270.7,11358
2015.10.18,00:00,3267.1,3268.5,3266.1,3267.5,194
2015.10.19,00:00,3267,3293.9,3251.9,3264,11843
2015.10.20,00:00,3264.4,3280.8,3237.9,3246.3,10322
2015.10.21,00:00,3245.8,3281.8,3235.9,3249,13606
2015.10.22,00:00,3248.5,3394.2,3245.6,3390.6,14942
2015.10.23,00:00,3390.9,3451.2,3377.7,3426.6,15651
2015.10.25,00:00,3427.3,3428.3,3422.9,3424.3,422
2015.10.26,00:00,3424.1,3433.8,3400.2,3412.7,11194
2015.10.27,00:00,3413.1,3416.4,3379.4,3386.8,10442
2015.10.28,00:00,3386.3,3451.1,3384.4,3440.5,12875
2015.10.29,00:00,3441,3442.4,3385.2,3408.1,12708
2015.10.30,00:00,3408.3,3427.4,3390.4,3404.5,12825
2015.11.01,00:00,3400.3,3401.3,3389.5,3393.4,454
2015.11.02,00:00,3393.9,3449.9,3377.4,3438.6,11315
2015.11.03,00:00,3439.1,3457.6,3414.6,3439.8,9993
2015.11.04,00:00,3439.3,3472.6,3429.4,3433.2,13499
2015.11.05,00:00,3433,3475.2,3419.4,3438.8,11752
2015.11.06,00:00,3438.3,3485.9,3421.9,3479.2,12132
2015.11.08,00:00,3476,3479,3475,3477.3,290
2015.11.09,00:00,3477,3488.5,3409.7,3424.3,12680
2015.11.10,00:00,3424.8,3438.7,3391.6,3424.9,11357
2015.11.11,00:00,3425.2,3468.2,3423,3427.8,10102
2015.11.12,00:00,3428.1,3458.3,3352.6,3362.9,13923
2015.11.13,00:00,3362.4,3391.7,3324.5,3333.5,15811
2015.11.15,00:00,3297.5,3304.8,3281.2,3288.7,1032
2015.11.16,00:00,3288.2,3401.4,3286.8,3395.4,14239
2015.11.17,00:00,3395.7,3453.1,3384.7,3422.3,10335
2015.11.18,00:00,3422.6,3461.6,3412.6,3452.8,10820
2015.11.19,00:00,3452.3,3475.6,3430.9,3433,9639
2015.11.20,00:00,3432.5,3469.4,3425,3448.9,8817
2015.11.22,00:00,3449.2,3458.4,3449.2,3454.8,538
2015.11.23,00:00,3454.6,3457.3,3420.3,3430.2,7941
2015.11.24,00:00,3430.7,3437.3,3372.6,3414.2,11633
2015.11.25,00:00,3413.7,3472.1,3401.6,3455.4,7803
2015.11.26,00:00,3455.1,3507.2,3451.8,3486.1,3922
2015.11.27,00:00,3485.8,3512.4,3467.2,3488.4,6331
2015.11.29,00:00,3481.1,3482.6,3475.3,3478.4,382
2015.11.30,00:00,3478.7,3523.4,3469.4,3510.7,7608
2015.12.01,00:00,3510.2,3521.8,3466.8,3477.2,8859
2015.12.02,00:00,3477.7,3499.6,3430.6,3442.9,10253
2015.12.03,00:00,3442.4,3534.1,3292.6,3308.8,23494
2015.12.04,00:00,3309.3,3374.3,3292.9,3366.6,14471
2015.12.06,00:00,3372.4,3373.9,3363.9,3367.9,554
2015.12.07,00:00,3367.4,3394.9,3346.3,3365.6,11172
2015.12.08,00:00,3365.1,3366.7,3280.9,3296,14900
2015.12.09,00:00,3295.5,3315.9,3228.4,3249,16306
2015.12.10,00:00,3249.2,3287.6,3244,3256.7,12991
2015.12.11,00:00,3256.2,3269.6,3168.7,3176.6,15696
2015.12.13,00:00,3180.4,3191.7,3179.9,3188.3,932
2015.12.14,00:00,3188.8,3243.9,3132.9,3189.4,18994
2015.12.15,00:00,3189.9,3252.9,3165.9,3240,11851
2015.12.16,00:00,3239.5,3307.7,3225.9,3296,14652
2015.12.17,00:00,3296.5,3344.3,3273.6,3277.3,12082
2015.12.18,00:00,3277.8,3298.4,3216.8,3222.9,14921
2015.12.20,00:00,3229.2,3233.2,3227.7,3230.7,1340
2015.12.21,00:00,3230.3,3291.4,3208,3233.3,11228
2015.12.22,00:00,3233.7,3251,3185.9,3237.8,10243
2015.12.23,00:00,3237.6,3301.9,3232.6,3292.6,7228
2015.12.24,00:00,3292.8,3297.6,3281.4,3284.2,4752
2015.12.27,00:00,3286.2,3290.4,3285.2,3286.4,474
2015.12.28,00:00,3286,3293.9,3249.6,3267.3,5301
2015.12.29,00:00,3267.5,3316.8,3264.9,3313,5797
2015.12.30,00:00,3313.2,3318.6,3270.1,3276.9,6038
2015.12.31,00:00,3277.3,3279.7,3234.7,3246.7,9772
2016.01.03,00:00,3254.4,3264.4,3254.4,3259.6,632
2016.01.04,00:00,3259.8,3263.6,3145.3,3193.5,15645
2016.01.05,00:00,3193.8,3201.6,3134.4,3184.9,13615
2016.01.06,00:00,3184.7,3189.4,3103.9,3132.3,16515
2016.01.07,00:00,3131.6,3135.1,3022.3,3036.6,20894
2016.01.08,00:00,3036.3,3114.9,2999.3,3005.7,22270
2016.01.10,00:00,2990.4,2993.2,2968.7,2972.6,2660
2016.01.11,00:00,2972.8,3075.9,2968.2,3052.2,20058
2016.01.12,00:00,3052.5,3098.6,3010.9,3069.4,18893
2016.01.13,00:00,3069.9,3124.6,2999.6,3003.7,17510
2016.01.14,00:00,3004.3,3073.3,2970.3,3061.5,21054
2016.01.15,00:00,3061.8,3067.5,2905.7,2934.7,24648
2016.01.17,00:00,2914.6,2929.3,2901.9,2921.2,1470
2016.01.18,00:00,2921.7,2983.7,2913.7,2932.1,13375
2016.01.19,00:00,2932.6,3008.7,2928.5,2967.4,18914
2016.01.20,00:00,2966.9,2967.7,2838.4,2918.3,27752
2016.01.21,00:00,2919.3,2969.9,2863.4,2944.7,30331
2016.01.22,00:00,2944.5,3045.6,2926.4,3037,18063
2016.01.24,00:00,3046.3,3048.5,3036.4,3040.9,707
2016.01.25,00:00,3040.6,3046.6,2963.4,2966.6,15453
2016.01.26,00:00,2966.9,3041.9,2943.4,3021.9,15917
2016.01.27,00:00,3022.4,3058.4,2988.4,2991.7,17288
2016.01.28,00:00,2992,3054.9,2953.4,2978,20560
2016.01.29,00:00,2977.8,3055.7,2967,3052.1,19069
2016.01.31,00:00,3052.4,3054.9,3046.7,3047.7,586
2016.02.01,00:00,3047.9,3057.7,2986.9,3008,15263
2016.02.02,00:00,3007.5,3015.4,2915.3,2919.3,12918
2016.02.03,00:00,2919.9,2947.9,2860.3,2920.4,18947
2016.02.04,00:00,2919.9,2947.6,2864.1,2895.4,18649
2016.02.05,00:00,2894.9,2932.1,2861.1,2867,19738
2016.02.07,00:00,2874.4,2877,2869.3,2871.6,453
2016.02.08,00:00,2873.1,2894.1,2766.3,2787.3,20714
2016.02.09,00:00,2787.1,2809.3,2708.3,2751.9,24229
2016.02.10,00:00,2751.4,2826.3,2719.4,2741.8,23151
2016.02.11,00:00,2742.3,2754.3,2670.9,2716.3,23734
2016.02.12,00:00,2716.5,2762.4,2696.9,2757.2,20228
2016.02.14,00:00,2769.5,2777.5,2768,2774.5,636
2016.02.15,00:00,2775,2854.6,2770.5,2832.9,12692
2016.02.16,00:00,2833.4,2860.6,2802.4,2836.4,16414
2016.02.17,00:00,2836.9,2914.5,2816.4,2913.5,14737
2016.02.18,00:00,2913.7,2935.7,2881.6,2887.3,13385
2016.02.19,00:00,2887.6,2902.6,2842.7,2863,13648
2016.02.21,00:00,2854.2,2854.2,2845.7,2848.2,195
2016.02.22,00:00,2848.7,2935.2,2848.7,2920.5,9899
2016.02.23,00:00,2920.2,2933.6,2867.1,2869.1,12349
2016.02.24,00:00,2868.6,2889.6,2798.6,2873.3,15793
2016.02.25,00:00,2873.8,2898.5,2837.6,2893.7,14690
2016.02.26,00:00,2894.2,2951.6,2889.7,2905.2,12620
2016.02.28,00:00,2903.9,2905.4,2898.8,2901.9,338
2016.02.29,00:00,2902.4,2947.8,2877.4,2916.1,14155
2016.03.01,00:00,2915.6,3015.7,2893.9,3006.3,12424
2016.03.02,00:00,3005.8,3031,2992.4,3012.6,12714
2016.03.03,00:00,3012.4,3031.4,2994.6,3020.3,9919
2016.03.04,00:00,3020.6,3055.6,3010.6,3020.7,11375
2016.03.06,00:00,3020.5,3025.5,3020.2,3021.2,280
2016.03.07,00:00,3020.7,3033.6,2995.4,3017.4,9717
2016.03.08,00:00,3017.2,3026.7,2966.7,3002.4,12086
2016.03.09,00:00,3002.2,3047.2,2996.7,3011.7,10092
2016.03.10,00:00,3011.2,3130.4,2937.4,2975.4,21441
2016.03.11,00:00,2976.6,3086.9,2975,3083.3,13460
2016.03.13,00:00,3078.7,3082,3073.9,3078.2,386
2016.03.14,00:00,3077.7,3115.9,3073,3088.2,7598
2016.03.15,00:00,3087.8,3088.7,3052,3072.7,7920
2016.03.16,00:00,3072.4,3087,3043.9,3069.5,9308
2016.03.17,00:00,3069,3091.9,2986.9,3038.5,8997
2016.03.18,00:00,3039,3066.9,3019.9,3051.2,7845
2016.03.20,00:00,3048.3,3048.8,3044.6,3048.4,209
2016.03.21,00:00,3047.9,3087.6,3027.6,3046.7,8300
2016.03.22,00:00,3046.4,3056.5,2993.6,3045.6,12017
2016.03.23,00:00,3046,3075.5,3023.2,3026.6,9080
2016.03.24,00:00,3026.2,3028.5,2982,3000.1,8167
2016.03.27,00:00,3002.6,3006,3001.8,3002.2,213
2016.03.28,00:00,3001.8,3017,2983.4,2999.4,6868
2016.03.29,00:00,2999.2,3023,2980.6,3013.9,9878
2016.03.30,00:00,3014.2,3063.4,3013,3033.2,6852
2016.03.31,00:00,3032.8,3034.6,2992.7,3000.1,8396
2016.04.01,00:00,3000.5,3003.5,2915.6,2955,12156
2016.04.03,00:00,2953.2,2954.2,2950.6,2953.8,107
2016.04.04,00:00,2953.3,2993.6,2928.6,2942.3,8383
2016.04.05,00:00,2941.8,2944.5,2876.5,2885.2,9845
2016.04.06,00:00,2885.7,2914.5,2880.4,2907.4,9266
2016.04.07,00:00,2907,2922.5,2844.5,2846.2,9527
2016.04.08,00:00,2846.4,2922.4,2843.2,2905.9,8942
2016.04.10,00:00,2902.6,2905.1,2899.9,2902.8,231
2016.04.11,00:00,2903,2947.4,2882.4,2901.7,10175
2016.04.12,00:00,2902.1,2951.1,2899.4,2948.1,9584
2016.04.13,00:00,2947.6,3040.4,2946.1,3031.5,8067
2016.04.14,00:00,3032,3064,3027.8,3053.8,8250
2016.04.15,00:00,3054.3,3062,3042.4,3046.5,5729
2016.04.17,00:00,3023.5,3031.3,3022.5,3028.4,403
2016.04.18,00:00,3028.8,3071.8,3005,3064.6,6713
2016.04.19,00:00,3064.1,3117.7,3064.1,3109.2,6785
2016.04.20,00:00,3109.8,3155.4,3090.7,3146.9,7155
2016.04.21,00:00,3147.5,3170.6,3123.3,3131.3,10528
2016.04.22,00:00,3131.6,3154.3,3126.5,3148.1,8047
2016.04.24,00:00,3155.4,3155.9,3151.1,3152.7,157
2016.04.25,00:00,3152.1,3153.7,3103,3123.6,6419
2016.04.26,00:00,3124.2,3149.1,3107.5,3122.1,5862
2016.04.27,00:00,3122.4,3139.2,3108.5,3137.9,7237
2016.04.28,00:00,3137.4,3142.1,3066,3090.1,9566
2016.04.29,00:00,3090.7,3097,3014.6,3029.2,8213
2016.05.01,00:00,3026.9,3031.3,3025.8,3027.4,192
2016.05.02,00:00,3027.7,3044.6,3017.6,3035.3,5409
2016.05.03,00:00,3035.8,3037.4,2970.3,2974.6,8222
2016.05.04,00:00,2975.1,2982.3,2921.2,2931.7,8247
2016.05.05,00:00,2932.2,2959.3,2919.3,2920.8,6643
2016.05.06,00:00,2921.3,2958.4,2892.6,2957.8,8459
2016.05.08,00:00,2952,2960.3,2952,2959.3,215
2016.05.09,00:00,2960.3,2985.3,2937.6,2943.5,8595
2016.05.10,00:00,2943,3003,2943,2982.3,7808
2016.05.11,00:00,2981.7,2985.4,2939.2,2944.1,8211
2016.05.12,00:00,2944.6,2989.5,2924.3,2939.4,8976
2016.05.13,00:00,2939.9,2968.3,2902.2,2923.2,11457
2016.05.15,00:00,2910,2914.6,2908,2914.6,118
2016.05.16,00:00,2914.9,2959.6,2913.1,2955,3245
2016.05.17,00:00,2955.5,2989.7,2915.9,2919.8,7680
2016.05.18,00:00,2920.3,2962.9,2911.9,2949.6,9883
2016.05.19,00:00,2949.1,2953.2,2914.9,2934.9,9217
2016.05.20,00:00,2935.4,2962.9,2929.8,2951.6,6359
2016.05.22,00:00,2954.5,2956,2952.4,2952.9,156
2016.05.23,00:00,2952.4,2965.5,2920,2931.8,8337
2016.05.24,00:00,2931.3,3023.9,2917.5,3023.9,6031
2016.05.25,00:00,3024.5,3069.8,3023.9,3053.4,5836
2016.05.26,00:00,3052.9,3074.5,3043.9,3071.7,5197
2016.05.27,00:00,3072,3082.3,3059.5,3077.2,3860
2016.05.29,00:00,3082.6,3089.7,3082,3089.4,101
2016.05.30,00:00,3089.7,3096.1,3072.3,3085.6,1891
2016.05.31,00:00,3085.9,3097.8,3049.8,3062.1,4640
2016.06.01,00:00,3062.7,3068.6,3026.1,3034.5,5296
2016.06.02,00:00,3035,3052.3,3022.3,3044.6,5364
2016.06.03,00:00,3045.1,3054.3,2979.3,2997.2,5679
2016.06.05,00:00,2998.5,3001.6,2998.5,2999.5,117
2016.06.06,00:00,2999,3012.1,2986.1,2997.9,4100
2016.06.07,00:00,2998.4,3052.6,2995.3,3026.3,3967
2016.06.08,00:00,3026.8,3035.8,3007.8,3019.1,3609
2016.06.09,00:00,3018.5,3019.1,2978.3,2986.6,4470
2016.06.10,00:00,2987.1,2989.1,2892.4,2904,5381
2016.06.12,00:00,2895.7,2895.7,2885.7,2888.2,218
2016.06.13,00:00,2888.7,2892.7,2823.9,2826.5,7989
2016.06.14,00:00,2827.1,2844.2,2793.6,2801.7,7159
2016.06.15,00:00,2802.3,2850.6,2799.5,2818.4,7347
2016.06.16,00:00,2819,2854.1,2777.6,2851.3,8165
2016.06.17,00:00,2851.9,2873.4,2832.1,2864.2,6937
2016.06.19,00:00,2902.9,2913.2,2897.8,2906.5,425
2016.06.20,00:00,2905.8,2952.8,2900.5,2939.3,7131
2016.06.21,00:00,2938.7,2998.5,2925.6,2975.2,7835
2016.06.22,00:00,2975.8,3002.3,2964.2,2991.1,6622
2016.06.23,00:00,2990.5,3100.5,2983.3,3059.1,13476
2016.06.24,00:00,3059.5,3062.7,2649.8,2724.7,46672
2016.06.26,00:00,2704.9,2712.4,2683.4,2712.4,719
2016.06.27,00:00,2713.2,2797.3,2677.8,2719.4,18753
2016.06.28,00:00,2720,2790,2710.2,2780.6,11994
2016.06.29,00:00,2781,2853.7,2765.9,2843.8,10205
2016.06.30,00:00,2843.5,2907.2,2801.4,2879.1,10036
2016.07.01,00:00,2878.5,2896.1,2849.2,2874.6,8063
2016.07.03,00:00,2879.2,2879.2,2873.8,2875.5,97
2016.07.04,00:00,2874.9,2895.4,2855.9,2861.6,3648
2016.07.05,00:00,2862.2,2862.7,2790.1,2799.7,8973
2016.07.06,00:00,2800.3,2807.1,2740.8,2776.4,11512
2016.07.07,00:00,2776.9,2807.8,2759.8,2773.2,7978
2016.07.08,00:00,2773.8,2853,2763.2,2829.3,7807
2016.07.10,00:00,2828.5,2831,2828.5,2830.5,73
2016.07.11,00:00,2830,2889.3,2830,2870.7,6834
2016.07.12,00:00,2871.3,2939.7,2866.9,2926.4,5461
2016.07.13,00:00,2927,2945.7,2916.7,2921.1,5797
2016.07.14,00:00,2921.4,2977.7,2918.5,2951,7031
2016.07.15,00:00,2951.6,2968.4,2927.2,2933.2,6910
2016.07.17,00:00,2956.7,2973.2,2956.6,2968.3,224
2016.07.18,00:00,2968.9,2982.4,2929,2944.6,5159
2016.07.19,00:00,2944,2948,2908.7,2931.8,4991
2016.07.20,00:00,2932.3,2971.3,2924.8,2959.2,3754
2016.07.21,00:00,2959.7,2978.3,2941.5,2955.6,6005
2016.07.22,00:00,2955,2982.7,2944.5,2972.1,5000
2016.07.24,00:00,2970.8,2973.4,2970.8,2973.4,53
2016.07.25,00:00,2974,2998.3,2961.3,2965.9,5245
2016.07.26,00:00,2965.4,2987.1,2950.3,2980.5,5735
2016.07.27,00:00,2981,3016.4,2981,2989.3,6648
2016.07.28,00:00,2988.8,3007.4,2964.8,2988.8,5886
2016.07.29,00:00,2989,2995.2,2967.3,2994.5,8318
2016.07.31,00:00,2999.2,3007.3,2998.7,2999.6,79
2016.08.01,00:00,2997.9,3032.3,2951,2954.4,4183
2016.08.02,00:00,2953.9,2966.9,2898,2907.3,5884
2016.08.03,00:00,2907.9,2922.6,2891,2920.2,5494
2016.08.04,00:00,2920.8,2946.5,2916.5,2932,5302
2016.08.05,00:00,2931,2978.1,2931,2969.2,3564
2016.08.07,00:00,2968.9,2975.6,2967.3,2975.1,45
2016.08.08,00:00,2974.5,2998.7,2970.7,2978.4,2676
2016.08.09,00:00,2977.9,3029.5,2976.5,3014.1,3225
2016.08.10,00:00,3014.4,3031,3010.9,3013.7,3476
2016.08.11,00:00,3014.2,3049.7,3012.6,3040.8,3555
2016.08.12,00:00,3041.4,3049.7,3035.9,3043.2,3502
2016.08.14,00:00,3041.8,3043.5,3041.3,3042.9,29
2016.08.15,00:00,3042.4,3064.9,3035.8,3040.3,2191
2016.08.16,00:00,3040.6,3040.9,3007.6,3011.6,3968
2016.08.17,00:00,3012.1,3025.8,2977.3,2997.8,4239
2016.08.18,00:00,2998.3,3004.3,2976.6,2989.2,3102
2016.08.19,00:00,2988.6,2998.6,2949.1,2975.3,3279
2016.08.21,00:00,2974.5,2975,2972.3,2973.4,59
2016.08.22,00:00,2973.9,2998,2949,2962.7,4505
2016.08.23,00:00,2962.1,3001.8,2959.5,2988.1,4090
2016.08.24,00:00,2988.6,3017.9,2967.8,3000.3,4754
2016.08.25,00:00,3000.9,3005.9,2970.9,2982.3,4717
2016.08.26,00:00,2982.9,3016.9,2972.9,2994.3,5916
2016.08.28,00:00,2991.2,2992.9,2988.5,2990.1,104
2016.08.29,00:00,2990.7,3009,2973.9,3009,3441
2016.08.30,00:00,3009.6,3041.3,3004.2,3028.6,3380
2016.08.31,00:00,3029.2,3049.1,3010.1,3020.7,3786
2016.09.01,00:00,3021.3,3054.1,3003.8,3025.6,5091
2016.09.02,00:00,3026.2,3085.8,3016.8,3084,5242
2016.09.04,00:00,3082,3090.4,3081,3086.5,75
2016.09.05,00:00,3086,3098.8,3074.8,3079,3571
2016.09.06,00:00,3078.5,3093.6,3065.6,3073.5,4072
2016.09.07,00:00,3072.9,3095.8,3062.6,3082.3,4553
2016.09.08,00:00,3081.7,3100.8,3041.4,3078.4,6731
2016.09.09,00:00,3078.7,3086.4,3008.4,3011.8,7941
2016.09.11,00:00,3014.9,3017.5,2993,3003.1,384
2016.09.12,00:00,3002.5,3052.2,2976.7,3041.7,9613
2016.09.13,00:00,3042.3,3045.7,2962.5,2989.1,9324
2016.09.14,00:00,2989.5,2999.4,2948.7,2955.6,11238
2016.09.15,00:00,2956.1,2984.3,2939.5,2968.9,5181
2016.09.16,00:00,2969.1,2979.3,2924.3,2942.1,7177
2016.09.18,00:00,2941.8,2942.7,2938.9,2938.9,97
2016.09.19,00:00,2939.1,2971.8,2938.4,2959.8,4521
2016.09.20,00:00,2960.3,2985.8,2955,2964.1,5616
2016.09.21,00:00,2963.9,3009.8,2954.4,2997.9,9189
2016.09.22,00:00,2997.5,3063.3,2996.8,3045.4,3840
2016.09.23,00:00,3045,3050.4,3023.8,3024.4,3950
2016.09.25,00:00,3022.9,3029.1,3022.9,3027.7,100
2016.09.26,00:00,3027.3,3029,2971,2972.1,4691
2016.09.27,00:00,2972.5,2999,2945.3,2979,6303
2016.09.28,00:00,2979.5,3014.8,2967.8,3011.1,5261
2016.09.29,00:00,3010.6,3031.8,2946.1,2959.1,7579
2016.09.30,00:00,2959.6,3010.9,2920.1,2994.3,8969
2016.10.02,00:00,2999.9,3003.3,2995.9,3002.8,154
2016.10.03,00:00,3003.3,3011.1,2978.1,2993.2,2015
2016.10.04,00:00,2993.7,3040,2991,3005.1,6345
2016.10.05,00:00,3004.6,3035.3,2990,3033.1,5345
2016.10.06,00:00,3033.3,3044.4,3013.8,3032.5,4957
2016.10.07,00:00,3032,3032.1,2987.5,3001.5,7518
2016.10.09,00:00,3011.3,3011.7,3006.8,3008.3,209
2016.10.10,00:00,3007.9,3040.8,2983.1,3039.8,3699
2016.10.11,00:00,3040.2,3050.1,3006.9,3018,5727
2016.10.12,00:00,3017.6,3031,3004.2,3012.1,5852
2016.10.13,00:00,3011.6,3014,2953.2,2984.1,7410
2016.10.14,00:00,2984.6,3037.6,2979.3,3020.9,4981
2016.10.16,00:00,3022.4,3024.4,3012.1,3013.9,285
2016.10.17,00:00,3013.5,3026.6,3001.2,3009.6,5398
2016.10.18,00:00,3010.1,3054.6,3009.6,3046.2,4056
2016.10.19,00:00,3046.7,3062.8,3036.6,3056,3263
2016.10.20,00:00,3055.6,3086.4,3044.4,3080.5,5392
2016.10.21,00:00,3081.3,3086.4,3063.1,3082.8,3872
2016.10.23,00:00,3082.6,3090.1,3081.7,3087.8,143
2016.10.24,00:00,3088.2,3109.2,3077.5,3095,2845
2016.10.25,00:00,3095.4,3107.2,3080.2,3084.8,3806
2016.10.26,00:00,3084.4,3087.4,3058.8,3072,4438
2016.10.27,00:00,3071.6,3097.1,3061.7,3078.3,5628
2016.10.28,00:00,3077.9,3081.7,3048.7,3059.4,7569
2016.10.30,00:00,3049.7,3059.2,3047.9,3056.6,229
2016.10.31,00:00,3056.1,3071.5,3048.8,3057.9,3431
2016.11.01,00:00,3057.5,3077.8,2999.8,3011.9,6192
2016.11.02,00:00,3011.5,3013.6,2969.1,2983.5,6102
2016.11.03,00:00,2983.9,3000.9,2962.9,2969.3,5277
2016.11.04,00:00,2968.9,2973,2934.6,2937.4,4187
2016.11.06,00:00,2975.5,2979,2961.2,2964.8,620
2016.11.07,00:00,2964.4,3017.3,2961.4,3009.8,3389
2016.11.08,00:00,3009.5,3054.2,3000.1,3047.9,5781
2016.11.09,00:00,3047.5,3072.9,2871.2,3059.4,47981
2016.11.10,00:00,3059.9,3105.9,3027.8,3058.6,11750
2016.11.11,00:00,3058.1,3069.3,3012.8,3034.5,8798
2016.11.13,00:00,3041.4,3050,3040.5,3048.7,213
2016.11.14,00:00,3048.2,3070.8,3026.5,3041.1,8324
2016.11.15,00:00,3041.6,3063.1,3028.6,3061,6042
2016.11.16,00:00,3061.5,3071,3009,3021.9,5621
2016.11.17,00:00,3021.5,3053.1,3012.1,3048.6,4662
2016.11.18,00:00,3049,3057.1,3014.2,3022,4918
2016.11.20,00:00,3022.2,3024,3021.8,3023.1,103
2016.11.21,00:00,3022.7,3046.2,3002.2,3039.8,4705
2016.11.22,00:00,3040.2,3061.2,3038.6,3050.5,5039
2016.11.23,00:00,3051.4,3054.7,3013.9,3031.1,4394
2016.11.24,00:00,3030.6,3048.9,3025.3,3043.1,3360
2016.11.25,00:00,3042.6,3059.8,3029,3054.8,4254
2016.11.27,00:00,3046.1,3051.5,3045.2,3050.1,84
2016.11.28,00:00,3050.6,3052.4,3004.6,3005.5,6400
2016.11.29,00:00,3006,3045.6,3003.1,3034.4,4185
2016.11.30,00:00,3034.6,3064.1,3029.6,3045.6,5969
2016.12.01,00:00,3045.2,3050.9,3011.4,3013.2,7135
2016.12.02,00:00,3013.4,3025.8,2983.8,3011.2,5553
2016.12.04,00:00,2964.2,2991.5,2964.2,2987.3,420
2016.12.05,00:00,2988,3073.2,2975.2,3058.3,10035
2016.12.06,00:00,3058.7,3122.9,3046.8,3113.3,5431
2016.12.07,00:00,3113.5,3169.3,3111.9,3149,5246
2016.12.08,00:00,3149.5,3197.2,3138.2,3187.6,8680
2016.12.09,00:00,3187.9,3213.1,3178.1,3211.3,5506
2016.12.11,00:00,3212.5,3248.6,3212.5,3228.9,363
2016.12.12,00:00,3229.4,3233.5,3182.4,3184.3,7414
2016.12.13,00:00,3184.7,3243.7,3183.5,3231.8,5323
2016.12.14,00:00,3231.4,3237.6,3202.9,3209.8,6578
2016.12.15,00:00,3210.2,3259.2,3206.3,3251.5,10030
2016.12.16,00:00,3252,3277.1,3239.1,3252.9,5648
2016.12.18,00:00,3255.6,3260.6,3255.6,3258.2,142
2016.12.19,00:00,3258.5,3265.3,3248.7,3253.6,5346
2016.12.20,00:00,3254.1,3281,3250.3,3273.4,4370
2016.12.21,00:00,3273,3277.7,3261.3,3270.7,3657
2016.12.22,00:00,3271.2,3275.3,3258.3,3265.8,3328
2016.12.23,00:00,3266.3,3278.3,3263.3,3272.3,1669
2016.12.26,00:00,3273.4,3275.4,3273,3274,47
2016.12.27,00:00,3274.4,3282.5,3265.4,3273.9,933
2016.12.28,00:00,3273.5,3282.5,3262.3,3265.6,2092
2016.12.29,00:00,3265.2,3274,3258.3,3264,2162
2016.12.30,00:00,3264.5,3293.3,3259.3,3270.5,3563
2017.01.02,00:00,3272.3,3313.3,3271.3,3310,1038
2017.01.03,00:00,3309.5,3334.5,3301.8,3321.1,4845
2017.01.04,00:00,3320.7,3327.5,3301.8,3314.9,3967
2017.01.05,00:00,3314.7,3322.7,3298.6,3312.8,4146
2017.01.06,00:00,3312.4,3327.3,3299.3,3321.4,4203
2017.01.08,00:00,3326.1,3328.9,3325.6,3328.4,107
2017.01.09,00:00,3327.9,3335.2,3296.1,3303.2,3098
2017.01.10,00:00,3303.7,3318.3,3295,3302.6,3677
2017.01.11,00:00,3303.1,3325,3284,3311.7,4297
2017.01.12,00:00,3312.1,3312.5,3279.2,3301.2,5372
2017.01.13,00:00,3300.9,3327.1,3295.2,3317.9,3716
2017.01.15,00:00,3312.8,3314.2,3311.4,3312.8,91
2017.01.16,00:00,3313.1,3319.8,3290.7,3292.3,2736
2017.01.17,00:00,3291.8,3300.4,3265.4,3288,5106
2017.01.18,00:00,3288.5,3302.4,3273.7,3301,3744
2017.01.19,00:00,3301.2,3306.7,3277.7,3287.4,4641
2017.01.20,00:00,3287.9,3309.9,3277.7,3295.9,4760
2017.01.22,00:00,3294.4,3294.4,3283,3285.6,126
2017.01.23,00:00,3286.1,3292,3259.9,3279.6,4360
2017.01.24,00:00,3280.1,3298.3,3268,3292.9,2854
2017.01.25,00:00,3293.4,3334,3286.1,3327.3,2971
2017.01.26,00:00,3326.8,3343,3309.3,3310.3,4138
2017.01.27,00:00,3309.8,3321.3,3293.1,3301.9,3508
2017.01.29,00:00,3290.4,3295.8,3287.6,3290.5,118
2017.01.30,00:00,3290.1,3295.9,3252.3,3270.5,3455
2017.01.31,00:00,3271,3282.5,3230.5,3246.5,5297
2017.02.01,00:00,3246,3273.3,3241.7,3253.7,5443
2017.02.02,00:00,3253.3,3264.2,3239.8,3257.1,5350
2017.02.03,00:00,3256.7,3284.3,3244.4,3275.3,4343
2017.02.05,00:00,3275.5,3277.4,3272.3,3272.8,69
2017.02.06,00:00,3272.3,3282.5,3228.5,3234.4,4544
2017.02.07,00:00,3233.9,3251.5,3217.5,3235.2,4532
2017.02.08,00:00,3235.7,3250.5,3213.5,3240.5,3951
2017.02.09,00:00,3240,3281.7,3234.2,3277.4,3884
2017.02.10,00:00,3277.9,3293.7,3263.5,3275.4,3592
2017.02.12,00:00,3276.7,3279.6,3275.7,3278.6,92
2017.02.13,00:00,3278.2,3315.3,3272.3,3306.5,3096
2017.02.14,00:00,3306,3321.9,3296.3,3316.2,3981
2017.02.15,00:00,3315.7,3333,3310,3327.2,3625
2017.02.16,00:00,3327.4,3330.2,3303.5,3312.7,4278
2017.02.17,00:00,3312.2,3319.2,3281.2,3318.1,4180
2017.02.19,00:00,3306.9,3312.9,3305.4,3311.9,127
2017.02.20,00:00,3311.4,3332.2,3303.9,3312.3,2760
2017.02.21,00:00,3312.8,3345.1,3299.9,3338.9,3524
2017.02.22,00:00,3338.4,3354.1,3323.5,3342.2,3642
2017.02.23,00:00,3341.7,3350.2,3325.2,3331.4,3138
2017.02.24,00:00,3331.9,3334.4,3279.1,3313.1,3764
2017.02.26,00:00,3317.8,3325.2,3317.3,3319.2,140
2017.02.27,00:00,3318.2,3323.1,3302.6,3316.4,4965
2017.02.28,00:00,3316.2,3325,3301.6,3321.7,3655
2017.03.01,00:00,3322.2,3398.5,3320.9,3392.7,7335
2017.03.02,00:00,3393.2,3394.5,3377.9,3380.1,4043
2017.03.03,00:00,3380.6,3414.5,3370.9,3401.4,4062
2017.03.05,00:00,3393.7,3394.9,3385.2,3385.7,277
2017.03.06,00:00,3385.2,3398.2,3378.2,3392.9,4443
2017.03.07,00:00,3392.4,3399.1,3373.8,3377.5,3372
2017.03.08,00:00,3378,3401.4,3372,3382.8,5200
2017.03.09,00:00,3382.3,3420.3,3377.8,3418.4,5501
2017.03.10,00:00,3418.6,3441.5,3405.5,3412.6,5217
2017.03.12,00:00,3413.8,3415.7,3405.2,3405.7,175
2017.03.13,00:00,3406.1,3424.9,3405.7,3421.9,3918
2017.03.14,00:00,3421.5,3424.9,3388.2,3401.6,3877
2017.03.15,00:00,3402,3427.7,3398.1,3427.7,4103
2017.03.16,00:00,3427.4,3450.1,3426.3,3440.7,3546
2017.03.17,00:00,3441.2,3458.1,3428.1,3443.8,2887
2017.03.19,00:00,3439.4,3440.9,3436.3,3439.1,171
2017.03.20,00:00,3438.7,3448.4,3429.5,3431.7,2710
2017.03.21,00:00,3431.3,3471.3,3409,3413,6416
2017.03.22,00:00,3413.4,3431,3396.3,3431,6028
2017.03.23,00:00,3430.6,3452.5,3411.9,3443.9,5195
2017.03.24,00:00,3444.4,3459.9,3432.3,3443.3,5309
2017.03.26,00:00,3432.9,3434.8,3423.3,3429.1,387
2017.03.27,00:00,3428.7,3446.3,3407.3,3444.8,6930
2017.03.28,00:00,3445.2,3475.9,3436.4,3472.1,4593
2017.03.29,00:00,3472.6,3484.4,3462.3,3472.1,3910
2017.03.30,00:00,3472.5,3486.4,3462.4,3482.5,3948
2017.03.31,00:00,3482.2,3504.5,3465.8,3494.7,4264
2017.04.02,00:00,3499.3,3501.6,3498.9,3500.5,106
2017.04.03,00:00,3500.8,3509.5,3457.5,3478,4628
2017.04.04,00:00,3477.7,3490.4,3462.4,3488.6,3843
2017.04.05,00:00,3489.1,3494.7,3444,3453.4,4570
2017.04.06,00:00,3453.9,3493.7,3439.5,3488.9,5613
2017.04.07,00:00,3489.2,3504,3460.7,3497.3,10743
2017.04.09,00:00,3495.2,3497.4,3492.6,3496.9,64
2017.04.10,00:00,3497.4,3507.7,3471.7,3476.7,4327
2017.04.11,00:00,3476.3,3486.1,3446.1,3480.7,5360
2017.04.12,00:00,3481.2,3499.1,3457,3460.7,5880
2017.04.13,00:00,3460.3,3466.4,3432.2,3445.2,5336
2017.04.16,00:00,3440.7,3441,3436.3,3438.5,194
2017.04.17,00:00,3439,3469.4,3434.2,3463.5,4910
2017.04.18,00:00,3463.3,3464.6,3392.2,3401.8,4917
2017.04.19,00:00,3402.3,3425.8,3400.9,3407.7,4438
2017.04.20,00:00,3407.9,3449,3403.6,3438.6,4725
2017.04.21,00:00,3438.2,3457,3418,3449.9,3674
2017.04.23,00:00,3537.8,3538.6,3495,3504.7,563
2017.04.24,00:00,3503.8,3584.1,3492.5,3582.2,4846
2017.04.25,00:00,3581.8,3597.7,3572.5,3582.2,2751
2017.04.26,00:00,3582.6,3588.5,3554.9,3559.4,3143
2017.04.27,00:00,3558.9,3572.4,3553.5,3561.6,3096
2017.04.28,00:00,3561.4,3571.8,3540,3542.2,2600
2017.04.30,00:00,3542.4,3542.4,3536.2,3541,107
2017.05.01,00:00,3541.4,3557.3,3537.4,3551.5,4391
2017.05.02,00:00,3552,3583.8,3547.6,3581.4,1864
2017.05.03,00:00,3581,3585.3,3569.8,3580.2,2024
2017.05.04,00:00,3579.7,3625,3579.7,3618.1,2122
2017.05.05,00:00,3618.5,3682.9,3607.8,3682.5,2817
2017.05.07,00:00,3687.4,3688.6,3663.5,3672.5,180
2017.05.08,00:00,3673.3,3688,3633,3645.1,3318
2017.05.09,00:00,3645.6,3662.4,3632.4,3632.4,1961
2017.05.10,00:00,3632.6,3648.5,3630.3,3644.8,2170
2017.05.11,00:00,3644.4,3649.9,3605.8,3626.6,2681
2017.05.12,00:00,3626.2,3642,3615,3639.4,2202
2017.05.14,00:00,3639,3641.6,3637.1,3639.3,78
2017.05.15,00:00,3639.8,3646.4,3618.8,3634.9,2121
2017.05.16,00:00,3634.7,3649.2,3626.2,3626.2,2010
2017.05.17,00:00,3626.7,3634.7,3552.8,3564.4,5460
2017.05.18,00:00,3565.2,3584.3,3527.9,3571.6,5772
2017.05.19,00:00,3571.4,3590.2,3564.5,3588.6,2518
2017.05.21,00:00,3587.4,3590.7,3587.4,3589.5,100
2017.05.22,00:00,3589.1,3597.1,3569.8,3574.3,2802
2017.05.23,00:00,3573.9,3605.8,3566.8,3597.9,3244
2017.05.24,00:00,3597.7,3599.3,3578.7,3588.9,2360
2017.05.25,00:00,3589.2,3607.7,3570.7,3579.7,3135
2017.05.26,00:00,3579.3,3582.3,3545.6,3579.8,2475
2017.05.28,00:00,3578.8,3583.3,3578.8,3582.9,150
2017.05.29,00:00,3583.1,3584.6,3567.6,3569.6,1143
2017.05.30,00:00,3569.4,3570,3545.2,3554.3,2942
2017.05.31,00:00,3554.7,3588,3548.2,3555.8,3949
2017.06.01,00:00,3556,3585,3553.6,3582.5,3659
2017.06.02,00:00,3582.1,3615.7,3580.9,3596.1,4301
2017.06.04,00:00,3594.3,3595.5,3593.5,3593.9,79
2017.06.05,00:00,3593.7,3593.9,3566.4,3575.4,1243
2017.06.06,00:00,3575.8,3576.8,3546.8,3554.6,4019
2017.06.07,00:00,3554.2,3576.9,3536.9,3550.1,4025
2017.06.08,00:00,3550.3,3573.9,3546.9,3565.5,4878
2017.06.09,00:00,3565.3,3597.9,3556.4,3570,6492
2017.06.11,00:00,3569,3572,3565.2,3571.6,176
2017.06.12,00:00,3571.8,3581,3532.5,3540.5,5464
2017.06.13,00:00,3540.1,3567.4,3539.3,3564.8,3259
2017.06.14,00:00,3564.4,3588.8,3539.8,3544.4,4767
2017.06.15,00:00,3544.2,3550,3497.8,3527.2,6424
2017.06.16,00:00,3527,3554,3526,3553.6,3681
2017.06.18,00:00,3553.4,3553.8,3550.4,3551.6,100
2017.06.19,00:00,3551.8,3591.9,3551.2,3584.2,2994
2017.06.20,00:00,3584,3598.4,3549.6,3554.2,3598
2017.06.21,00:00,3554.4,3562.6,3520.6,3539.4,5085
2017.06.22,00:00,3539,3558.7,3525.7,3547.1,3590
2017.06.23,00:00,3547.3,3554.7,3527.3,3537.1,3718
2017.06.25,00:00,3537.7,3537.7,3533.5,3535.9,88
2017.06.26,00:00,3535.5,3581.4,3535.5,3563.2,3139
2017.06.27,00:00,3563.4,3564.4,3515.3,3518.7,6018
2017.06.28,00:00,3518.5,3549.4,3496.5,3546.2,5894
2017.06.29,00:00,3546.6,3555.8,3446.5,3463.5,7308
2017.06.30,00:00,3463.7,3489.8,3433.8,3457.8,6246
2017.07.02,00:00,3461.1,3461.9,3458.1,3461.7,110
2017.07.03,00:00,3461.5,3493.9,3455.8,3477.1,2858
2017.07.04,00:00,3476.7,3493.7,3469.1,3472.4,2667
2017.07.05,00:00,3472.6,3488.3,3466.2,3486.9,4329
2017.07.06,00:00,3486.5,3486.5,3434.5,3452.8,4866
2017.07.07,00:00,3453,3475.4,3449.9,3471.6,4150
2017.07.09,00:00,3472.2,3473,3471.8,3471.8,45
2017.07.10,00:00,3471.4,3486.1,3467.1,3477.5,3278
2017.07.11,00:00,3477.1,3495.1,3458.9,3479,3308
2017.07.12,00:00,3479.4,3525.8,3470.9,3516.8,3306
2017.07.13,00:00,3516.6,3540.4,3513.8,3529.8,3019
2017.07.14,00:00,3530.2,3535.8,3511.8,3531,2967
2017.07.16,00:00,3532.2,3535.6,3532,3532.4,42
2017.07.17,00:00,3532,3536.8,3503.8,3515.1,2997
2017.07.18,00:00,3515.5,3518.6,3468.6,3484.2,3965
2017.07.19,00:00,3484,3508.2,3476.6,3502.6,2941
2017.07.20,00:00,3503,3530.1,3484.6,3497.3,5053
2017.07.21,00:00,3497.5,3507.7,3435.2,3458.5,4651
2017.07.23,00:00,3457.1,3459.1,3457.1,3457.9,23
2017.07.24,00:00,3458.3,3463.8,3429.8,3458.6,4018
2017.07.25,00:00,3458.3,3493.4,3452.8,3473.6,3382
2017.07.26,00:00,3473.2,3499.9,3469.4,3481.3,3554
2017.07.27,00:00,3481.6,3506.4,3468,3477.7,5806
2017.07.28,00:00,3478,3478,3449,3469,4786
2017.07.30,00:00,3465.4,3466.8,3465,3465.4,59
2017.07.31,00:00,3465.8,3479.2,3439.1,3441.9,3883
2017.08.01,00:00,3442.1,3490.8,3441.9,3478.4,4146
2017.08.02,00:00,3478,3482.4,3449.5,3458.4,4211
2017.08.03,00:00,3458.2,3471.9,3436.7,3459.2,4449
2017.08.04,00:00,3458.9,3516.4,3455,3503.7,3907
2017.08.06,00:00,3504.7,3508,3504.7,3506.8,86
2017.08.07,00:00,3507.2,3517.4,3496.4,3500,3108
2017.08.08,00:00,3500.4,3525.3,3489.5,3492.1,3662
2017.08.09,00:00,3491.7,3495.3,3451.4,3472,6786
2017.08.10,00:00,3472.4,3473.8,3407.2,3412.2,8716
2017.08.11,00:00,3412.6,3421.6,3391.6,3404.5,7202
2017.08.13,00:00,3410.5,3411.2,3409.1,3410.9,114
2017.08.14,00:00,3411.2,3460.4,3410.9,3453.2,5148
2017.08.15,00:00,3452.9,3474.1,3452,3462.9,4017
2017.08.16,00:00,3462.5,3496.5,3459.9,3468.7,3676
2017.08.17,00:00,3469.1,3485.6,3424.6,3433.7,7373
2017.08.18,00:00,3434.1,3454.7,3419.6,3441.5,4821
2017.08.20,00:00,3449.2,3452.4,3446,3446.9,132
2017.08.21,00:00,3447.4,3447.8,3409.7,3421.2,3898
2017.08.22,00:00,3421,3466.3,3420.2,3462.6,3112
2017.08.23,00:00,3463,3466.7,3429.6,3433.7,3550
2017.08.24,00:00,3433.5,3460.4,3431,3447.2,3470
2017.08.25,00:00,3446.8,3461.1,3432.4,3435,3913
2017.08.27,00:00,3427,3436.6,3426.5,3434.8,118
2017.08.28,00:00,3434.3,3439.1,3382.2,3401.4,3643
2017.08.29,00:00,3400.9,3407,3361.4,3402.1,6521
2017.08.30,00:00,3402.5,3417.4,3396.4,3410.6,2630
2017.08.31,00:00,3411.1,3438,3411.1,3428.7,3154
2017.09.01,00:00,3428.4,3455,3425.7,3443.8,2859
2017.09.03,00:00,3421.9,3437.6,3420.4,3431.2,433
2017.09.04,00:00,3431.6,3437.6,3416,3434.6,2863
2017.09.05,00:00,3434.8,3448.4,3393.4,3403.5,4741
2017.09.06,00:00,3403.9,3454.2,3396.4,3441.7,4412
2017.09.07,00:00,3442.7,3468,3438.2,3453.2,5468
2017.09.08,00:00,3452.8,3452.8,3432.3,3445.5,3995
2017.09.10,00:00,3459.8,3460.2,3453.3,3455.7,218
2017.09.11,00:00,3456.1,3505.6,3454.3,3496.6,2483
2017.09.12,00:00,3497.6,3520.8,3496.7,3511.7,2297
2017.09.13,00:00,3511.5,3528.8,3502.8,3516,2048
2017.09.14,00:00,3515.5,3530.8,3510.8,3515.6,3668
2017.09.15,00:00,3515.1,3531.8,3508.9,3520.9,2852
2017.09.17,00:00,3518.9,3522.2,3518.9,3520.8,59
2017.09.18,00:00,3521.2,3537.4,3521.2,3527.6,2117
2017.09.19,00:00,3527.4,3530.5,3520,3520.7,1965
2017.09.20,00:00,3520.2,3547.6,3519.6,3542.5,2294
2017.09.21,00:00,3542.7,3546.7,3535.6,3542.1,2300
2017.09.22,00:00,3542.3,3552.5,3528.9,3538.2,2593
2017.09.24,00:00,3531.4,3538.4,3531,3537.5,149
2017.09.25,00:00,3537,3546.1,3526.2,3539.3,3373
2017.09.26,00:00,3539.7,3542.3,3528.3,3532.1,3044
2017.09.27,00:00,3532.6,3568.1,3529.4,3556.1,2962
2017.09.28,00:00,3555.7,3567.4,3555.1,3562,2681
2017.09.29,00:00,3561.7,3595,3560.5,3593.9,2374
2017.10.01,00:00,3592.2,3606.9,3591.2,3602.2,348
2017.10.02,00:00,3601.8,3607.2,3588,3604.2,2313
2017.10.03,00:00,3604.7,3613.2,3599,3609.7,1608
2017.10.04,00:00,3610.2,3615.6,3584,3592.1,1843
2017.10.05,00:00,3591.7,3617.5,3588,3614.5,1467
2017.10.06,00:00,3614.3,3616.2,3595.1,3605.9,1621
2017.10.08,00:00,3607.5,3608.8,3607,3607.5,89
2017.10.09,00:00,3607.9,3618.1,3596.7,3599,1457
2017.10.10,00:00,3598.8,3613.8,3589.7,3609.6,2033
2017.10.11,00:00,3609.9,3613.6,3589.8,3605.3,1833
2017.10.12,00:00,3605,3611.8,3594.9,3605.2,992
2017.10.13,00:00,3605.4,3618.1,3598.1,3607.3,1454
2017.10.15,00:00,3607.7,3610.9,3607.7,3610.4,157
2017.10.16,00:00,3610.2,3613.1,3598.1,3607.1,1488
2017.10.17,00:00,3607.4,3619.3,3597.3,3609.2,1227
2017.10.18,00:00,3609,3625.5,3606.4,3621.6,1259
2017.10.19,00:00,3621.9,3622.6,3585.4,3602.1,2638
2017.10.20,00:00,3602.5,3623.2,3599.4,3607.2,2748
2017.10.22,00:00,3608.8,3612,3608.6,3608.6,179
2017.10.23,00:00,3608.2,3625.7,3596.1,3600.9,2131
2017.10.24,00:00,3601.1,3624.1,3600.5,3606.4,1979
2017.10.25,00:00,3605.9,3622.3,3575.3,3595,3167
2017.10.26,00:00,3594.5,3649.8,3579.3,3647.3,4164
2017.10.27,00:00,3647.1,3669.3,3640.1,3649.4,3261
2017.10.29,00:00,3648,3652.9,3646.6,3647.6,236
2017.10.30,00:00,3647.1,3668.3,3645,3654.4,2626
2017.10.31,00:00,3654.6,3687.1,3654,3680.9,1393
2017.11.01,00:00,3680.5,3707.9,3680.1,3694.4,3119
2017.11.02,00:00,3694.9,3698.6,3672.1,3695.8,3777
2017.11.03,00:00,3696.3,3697.7,3675.5,3685,1744
2017.11.05,00:00,3684.3,3690.9,3684.3,3688.7,76
2017.11.06,00:00,3688.3,3691.3,3669,3684.6,2144
2017.11.07,00:00,3684.2,3696.6,3642.8,3644.1,2485
2017.11.08,00:00,3644.5,3666.9,3640.2,3655.2,2269
2017.11.09,00:00,3654.7,3662.6,3587.1,3607.2,6075
2017.11.10,00:00,3607,3619.1,3588.1,3590.1,3386
2017.11.12,00:00,3592.8,3598.7,3592.6,3598.2,156
2017.11.13,00:00,3598.7,3602.1,3545.9,3572.4,3164
2017.11.14,00:00,3572.8,3588.5,3544.8,3549.6,3448
2017.11.15,00:00,3550,3551.6,3518.6,3541.9,4837
2017.11.16,00:00,3541.5,3576.6,3540.9,3574.6,3304
2017.11.17,00:00,3574.4,3575.4,3539,3540.4,3963
2017.11.19,00:00,3543.5,3544.5,3534.3,3538.4,310
2017.11.20,00:00,3538.8,3566.5,3521.9,3556.4,5070
2017.11.21,00:00,3556.2,3591,3550.3,3580.5,3347
2017.11.22,00:00,3580.3,3596.3,3554.7,3557.9,3396
2017.11.23,00:00,3557.5,3580.8,3544.1,3565.1,3241
2017.11.24,00:00,3565.4,3601.2,3564.7,3578,3837
2017.11.26,00:00,3579.9,3581.1,3578.6,3579.5,132
2017.11.27,00:00,3579.3,3596.3,3561.9,3564.6,4703
2017.11.28,00:00,3565,3604,3557.1,3599.6,5115
2017.11.29,00:00,3599.3,3619.8,3581.4,3587.1,5036
2017.11.30,00:00,3587.6,3613.4,3558.5,3568.9,6832
2017.12.01,00:00,3569.3,3575.5,3513.9,3546.6,10354
2017.12.03,00:00,3574.8,3577.1,3561.6,3569.4,821
2017.12.04,00:00,3569.8,3585.8,3551.9,3564.1,7789
2017.12.05,00:00,3563.8,3582.8,3551.8,3557.2,7748
2017.12.06,00:00,3557.6,3569.5,3530.5,3560.9,7942
2017.12.07,00:00,3561.4,3586,3557.1,3585.6,5873
2017.12.08,00:00,3585.2,3612.3,3580.9,3596.1,4295
2017.12.10,00:00,3599.2,3602,3595.5,3598.8,201
2017.12.11,00:00,3598.3,3604.3,3577.8,3593.7,3490
2017.12.12,00:00,3593.9,3599.2,3567.5,3588.3,3700
2017.12.13,00:00,3587.9,3602.2,3567,3572.3,3877
2017.12.14,00:00,3572.1,3582,3541.5,3546.7,3251
2017.12.15,00:00,3546.3,3577.1,3542.5,3576.7,4045
2017.12.17,00:00,3579.7,3582.8,3578.5,3582.2,240
2017.12.18,00:00,3582.4,3613.6,3578.7,3605,3249
2017.12.19,00:00,3606,3613.2,3577.3,3586.9,2504
2017.12.20,00:00,3587.3,3592.7,3543.6,3548.3,4046
2017.12.21,00:00,3548.5,3574.7,3532.6,3558,2776
2017.12.22,00:00,3558.2,3564.7,3546.1,3555.1,2321
2017.12.25,00:00,3555.9,3558.3,3555.5,3556.9,205
2017.12.26,00:00,3556.7,3558.7,3551.2,3558.3,3040
2017.12.27,00:00,3557.9,3569.9,3540,3547.6,2943
2017.12.28,00:00,3548,3550.3,3518.4,3524.9,2105
2017.12.29,00:00,3525.1,3529.4,3485.5,3486.1,2910
2018.01.01,00:00,3502,3503.5,3499.1,3501.2,157
2018.01.02,00:00,3501.6,3514.9,3466.9,3492.1,2869
2018.01.03,00:00,3491.9,3519.6,3488.4,3518.1,2476
2018.01.04,00:00,3518.5,3580.6,3515.4,3568,2877
2018.01.05,00:00,3567.8,3612.8,3565.3,3608.4,2821
2018.01.07,00:00,3611.4,3620.5,3611.4,3617.7,236
2018.01.08,00:00,3617.3,3624.8,3607.9,3618.4,2672
2018.01.09,00:00,3618.2,3629.7,3609.5,3623.3,2948
2018.01.10,00:00,3623.1,3625.1,3598.1,3606.4,3403
2018.01.11,00:00,3606.7,3617.8,3586.5,3605.4,3236
2018.01.12,00:00,3605.2,3615.5,3597,3613.1,2828
2018.01.14,00:00,3620.1,3621.2,3615.3,3619.8,180
2018.01.15,00:00,3620.2,3623.3,3602.5,3607.8,1859
2018.01.16,00:00,3608.1,3638.8,3593.2,3599.1,4022
2018.01.17,00:00,3599.5,3630.6,3598.7,3628.3,4033
2018.01.18,00:00,3627.9,3630.6,3605.4,3619.8,4532
2018.01.19,00:00,3619.4,3661.2,3608.9,3657.9,4107
2018.01.21,00:00,3663.9,3663.9,3654.9,3657.9,367
2018.01.22,00:00,3658,3678.6,3643.8,3674.1,3209
2018.01.23,00:00,3673.9,3689,3662,3668.7,4043
2018.01.24,00:00,3668.9,3674,3631.8,3643.3,4720
2018.01.25,00:00,3642.9,3659.5,3612.3,3638.2,5880
2018.01.26,00:00,3638.4,3668.1,3629.3,3666.2,3865
2018.01.28,00:00,3664.4,3669.2,3663.8,3668.6,222
2018.01.29,00:00,3668.4,3670.9,3634.5,3643.6,4225
2018.01.30,00:00,3643.2,3645.1,3600.3,3605.3,8056
2018.01.31,00:00,3605.6,3622.5,3599,3611.2,7349
2018.02.01,00:00,3610.9,3635.4,3566.1,3582.4,6872
2018.02.02,00:00,3582.2,3584.1,3492.8,3495.8,10544
2018.02.04,00:00,3471.3,3475,3452.4,3466.1,2119
2018.02.05,00:00,3465.8,3507.4,3311.9,3342.1,24700
2018.02.06,00:00,3342.3,3477,3213.3,3462.4,56501
2018.02.07,00:00,3462.2,3473.3,3394.7,3397.1,23889
2018.02.08,00:00,3397.3,3443,3339.3,3351.7,28092
2018.02.09,00:00,3352.2,3379.3,3258.5,3356.9,32011
2018.02.11,00:00,3364.1,3367.7,3353.9,3367.3,1629
2018.02.12,00:00,3367.5,3392.1,3351.5,3383.3,14560
2018.02.13,00:00,3383.5,3392.7,3338.2,3355,14479
2018.02.14,00:00,3355.1,3393.7,3312.1,3381.9,12372
2018.02.15,00:00,3381.8,3414.2,3375.4,3401.4,11590
2018.02.16,00:00,3401.1,3440.3,3395.4,3429.7,8275
2018.02.18,00:00,3433.6,3438.5,3433.3,3437.8,698
2018.02.19,00:00,3437.5,3445.9,3399.4,3406.8,4897
2018.02.20,00:00,3407,3437.8,3391.9,3421.1,11741
2018.02.21,00:00,3420.6,3442,3394.4,3396,12812
2018.02.22,00:00,3395.7,3440.3,3386,3429.9,12468
2018.02.23,00:00,3430.2,3459.1,3422.7,3454.5,8587
2018.02.25,00:00,3462.8,3465.1,3460,3461.1,434
2018.02.26,00:00,3461.2,3485.3,3448.3,3482.6,7038
2018.02.27,00:00,3482.3,3484.9,3435.1,3449.3,10270
2018.02.28,00:00,3449.4,3462.7,3414.2,3422,11501
2018.03.01,00:00,3421.7,3434.9,3351,3372.4,19035
2018.03.02,00:00,3372.7,3379,3314.3,3349.5,13121
2018.03.04,00:00,3339.9,3343.5,3327.8,3336.8,1115
2018.03.05,00:00,3337.1,3372.5,3291.3,3366.7,13621
2018.03.06,00:00,3367,3389.9,3321.3,3327.7,10222
2018.03.07,00:00,3327.4,3386.4,3316.5,3380.4,14124
2018.03.08,00:00,3380.8,3419.5,3374,3411.2,8079
2018.03.09,00:00,3410.9,3435.2,3401.5,3420.8,7078
2018.03.11,00:00,3423.5,3432.9,3423.5,3429.5,726
2018.03.12,00:00,3429.8,3445.7,3416.7,3421.2,5613
2018.03.13,00:00,3421.9,3446.4,3370.9,3379.5,6448
2018.03.14,00:00,3379.3,3416,3373.4,3397.5,7586
2018.03.15,00:00,3397.2,3418.2,3383.6,3417.3,8616
2018.03.16,00:00,3417.4,3449.4,3407,3430,6420
2018.03.18,00:00,3427.5,3429.1,3423.9,3426.9,912
2018.03.19,00:00,3421.5,3429.5,3375.7,3392.6,8438
2018.03.20,00:00,3392.9,3418.9,3382.2,3414.1,7935
2018.03.21,00:00,3414.4,3421.9,3380.4,3387.7,8150
2018.03.22,00:00,3387.4,3396.8,3282.1,3286,14350
2018.03.23,00:00,3286.3,3323.4,3261.4,3268.4,20663
2018.03.25,00:00,3263.6,3279.7,3260,3265.1,1635
2018.03.26,00:00,3265.3,3320,3261.1,3307.7,14263
2018.03.27,00:00,3308,3336.4,3267.7,3280.3,15943
2018.03.28,00:00,3280.5,3348.8,3266.9,3341.6,23959
2018.03.29,00:00,3341.8,3380.4,3323,3361.7,13872
2018.04.01,00:00,3362.2,3370.5,3359.2,3363.8,723
2018.04.02,00:00,3364.1,3370.5,3297.7,3328.2,49878
2018.04.03,00:00,3328.5,3364.1,3322.7,3357.9,14678
2018.04.04,00:00,3358,3378.3,3299.3,3378.3,16199
2018.04.05,00:00,3378,3434.2,3369.1,3383.2,11221
2018.04.06,00:00,3383,3421.3,3367.7,3383.4,23799
2018.04.09,00:00,3390.3,3433.6,3388.2,3406.6,13903
2018.04.10,00:00,3406.3,3454.9,3401.7,3431,21320
2018.04.11,00:00,3431.2,3434.4,3410.4,3417.1,12364
2018.04.12,00:00,3417.2,3447.1,3412.6,3434.7,11397
2018.04.13,00:00,3434.6,3466.3,3432.8,3448.3,9366
2018.04.15,00:00,3468.2,3477,3465.8,3472.1,914
2018.04.16,00:00,3472.4,3473,3434.7,3446.4,8931
2018.04.17,00:00,3446.1,3485.6,3445.3,3479.8,6488
2018.04.18,00:00,3479.5,3493.9,3478.7,3492.9,5793
2018.04.19,00:00,3493,3497.7,3472.2,3480.7,6152
2018.04.20,00:00,3480.5,3506.4,3475.3,3489.1,7953
2018.04.22,00:00,3504.5,3504.5,3497.8,3499.2,598
2018.04.23,00:00,3499,3514.7,3481.9,3511.2,6708
2018.04.24,00:00,3511.4,3522.9,3464.5,3482.5,8372
2018.04.25,00:00,3482.6,3501.4,3462.6,3496.8,12649
2018.04.26,00:00,3496.6,3521.5,3475.3,3516.9,8718
2018.04.27,00:00,3517.2,3522.4,3502.3,3515.3,6990
2018.04.29,00:00,3519,3523.6,3517.1,3518.5,318
2018.04.30,00:00,3518.4,3538.2,3512.7,3516.3,5765
2018.05.01,00:00,3516.2,3537.6,3499.6,3535,19971
2018.05.02,00:00,3535.3,3557.4,3521.2,3539.7,8019
2018.05.03,00:00,3539.6,3549,3521.7,3542.1,6363
2018.05.04,00:00,3542.4,3554,3523.6,3550,7142
2018.05.06,00:00,3551.8,3556.6,3551.8,3555,330
2018.05.07,00:00,3555.2,3567.8,3539.3,3557.6,5896
2018.05.08,00:00,3557.9,3566.1,3540.5,3564.1,4651
2018.05.09,00:00,3564.3,3573.6,3556.9,3568.1,3957
2018.05.10,00:00,3567.9,3576.3,3547.7,3564.8,3994
2018.05.11,00:00,3565.1,3573.9,3555.3,3563.3,3687
2018.05.13,00:00,3569.8,3571,3567.8,3568.5,250
2018.05.14,00:00,3568.3,3574.5,3552.6,3561.6,3312
2018.05.15,00:00,3561.8,3570.6,3551.6,3559.6,4205
2018.05.16,00:00,3559.7,3572.9,3549.7,3572.3,4008
2018.05.17,00:00,3571.9,3589.4,3562.2,3578.9,3905
2018.05.18,00:00,3578.6,3593.2,3565.3,3566.5,4002
2018.05.20,00:00,3587.2,3589,3581.4,3581.7,546
2018.05.21,00:00,3581.9,3599.7,3575.7,3579.9,2694
2018.05.22,00:00,3579.7,3593.9,3571.8,3582.5,3271
2018.05.23,00:00,3582.2,3582.8,3527,3546.3,5889
2018.05.24,00:00,3546.1,3560.7,3505.7,3534.7,5802
2018.05.25,00:00,3535,3550.5,3491.6,3507,5877
2018.05.27,00:00,3517.3,3518.8,3514,3514,396
2018.05.28,00:00,3514.2,3541.8,3472.1,3478.3,5437
2018.05.29,00:00,3477.9,3483.1,3389.8,3413,11180
2018.05.30,00:00,3413.4,3455.8,3406.2,3441,9927
2018.05.31,00:00,3441.2,3454.5,3390.6,3421.9,9140
2018.06.01,00:00,3421.7,3467.6,3418.4,3463.6,6121
2018.06.03,00:00,3460,3461.3,3455.5,3455.8,286
2018.06.04,00:00,3456.1,3484.7,3455.5,3463.6,5422
2018.06.05,00:00,3463.3,3496.5,3450.5,3453.3,5226
2018.06.06,00:00,3453,3478.9,3432.7,3471,5248
2018.06.07,00:00,3470.7,3489.5,3429.2,3438.9,5218
2018.06.08,00:00,3439.1,3454.1,3421.2,3448.7,5643
2018.06.10,00:00,3438.4,3440.8,3437,3439.4,316
2018.06.11,00:00,3439.1,3492.2,3436.7,3487.7,5251
2018.06.12,00:00,3487.9,3498.2,3466.5,3471.9,5757
2018.06.13,00:00,3472.1,3488.2,3462.8,3473.6,4349
2018.06.14,00:00,3474,3544.5,3456.9,3531.5,5496
2018.06.15,00:00,3531.9,3540,3501.4,3515.7,4337
2018.06.17,00:00,3515.6,3519.1,3515.6,3518.1,192
2018.06.18,00:00,3517.8,3519.8,3450.9,3470.4,4430
2018.06.19,00:00,3470.7,3471,3409.4,3448.3,8827
2018.06.20,00:00,3448.5,3462.7,3435.5,3443.2,6879
2018.06.21,00:00,3443.5,3460.9,3392.3,3400.2,7643
2018.06.22,00:00,3400.3,3445.7,3398.5,3426.1,5375
2018.06.24,00:00,3427.4,3430.7,3424,3429.7,303
2018.06.25,00:00,3430,3430.1,3362.2,3377.3,10402
2018.06.26,00:00,3377.6,3390.2,3362.1,3382,8650
2018.06.27,00:00,3382.2,3424.6,3340.2,3380.3,11061
2018.06.28,00:00,3380.5,3403.6,3346.9,3374.8,11540
2018.06.29,00:00,3374.6,3420.6,3372.7,3380.4,9625
2018.07.01,00:00,3383.6,3386.3,3368.3,3381.6,842
2018.07.02,00:00,3381.2,3389.4,3343.4,3382.3,9469
2018.07.03,00:00,3382.4,3418.5,3374.5,3393.2,9534
2018.07.04,00:00,3393,3417.7,3391.7,3413.3,5766
2018.07.05,00:00,3413,3459.7,3403.4,3440.1,10518
2018.07.06,00:00,3439.8,3464.8,3429.1,3449.5,9565
2018.07.08,00:00,3452.1,3452.8,3450.4,3451.6,190
2018.07.09,00:00,3451.8,3471,3450.4,3467.3,6675
2018.07.10,00:00,3466.9,3480.6,3444,3447.4,8482
2018.07.11,00:00,3447.6,3454.9,3413.6,3423.1,10272
2018.07.12,00:00,3423.5,3452.2,3417.1,3448.8,6156
2018.07.13,00:00,3449.5,3466.2,3447.1,3458.2,5193
2018.07.15,00:00,3462.4,3467.1,3459.7,3466.4,328
2018.07.16,00:00,3466.6,3467.1,3441.4,3448.9,5686
2018.07.17,00:00,3448.6,3473.6,3429.2,3470.6,6104
2018.07.18,00:00,3471,3487.8,3464.6,3481.7,4361
2018.07.19,00:00,3481.9,3485.8,3463.4,3468.9,5786
2018.07.20,00:00,3469.3,3480.3,3430.5,3457.9,9812
2018.07.22,00:00,3460.8,3463.2,3459.5,3461.5,260
2018.07.23,00:00,3461.1,3465.7,3440.9,3464.7,7599
2018.07.24,00:00,3464.8,3492.9,3458.7,3472.4,6178
2018.07.25,00:00,3472.5,3502.9,3458.9,3485.4,8035
2018.07.26,00:00,3485.2,3517.9,3478.3,3509.2,7516
2018.07.27,00:00,3509.4,3529.2,3503.6,3505.6,6547
2018.07.29,00:00,3501.3,3504.4,3500.9,3503,289
2018.07.30,00:00,3502.6,3521.2,3492,3507.4,5200
2018.07.31,00:00,3507.2,3536,3501.9,3516.7,7330
2018.08.01,00:00,3516.5,3531,3498.1,3506,7454
2018.08.02,00:00,3506.1,3507,3459,3484.5,6621
2018.08.03,00:00,3484.6,3492.1,3468.9,3488.9,4835
2018.08.05,00:00,3490.6,3490.6,3487.9,3489.6,116
2018.08.06,00:00,3489.2,3501.1,3470.6,3481.7,5180
2018.08.07,00:00,3481.5,3514.9,3481.4,3502.2,3662
2018.08.08,00:00,3502.1,3508.4,3479.2,3483.4,3820
2018.08.09,00:00,3483.1,3497,3477.9,3485.6,4097
2018.08.10,00:00,3485.7,3489.3,3412.4,3429.2,5594
2018.08.12,00:00,3415.3,3418,3410.5,3416.9,355
2018.08.13,00:00,3416.6,3419.7,3393.6,3415.3,6355
2018.08.14,00:00,3414.9,3434.9,3397.1,3422.7,4707
2018.08.15,00:00,3423.1,3425.3,3336.6,3356.2,5586
2018.08.16,00:00,3356.6,3388.2,3346.8,3371.6,6077
2018.08.17,00:00,3371.3,3385.5,3352.6,3379.1,4802
2018.08.19,00:00,3378.8,3382.6,3378.8,3382.3,172
2018.08.20,00:00,3382.6,3404.7,3372.5,3388.8,4218
2018.08.21,00:00,3389.2,3424.1,3383.6,3392.9,5290
2018.08.22,00:00,3393.3,3429.5,3391.4,3420.9,3847
2018.08.23,00:00,3420.6,3430.4,3411.7,3415.7,3015
2018.08.24,00:00,3415.3,3436.3,3414.5,3430,3181
2018.08.26,00:00,3432.6,3435.6,3432.3,3434.9,112
2018.08.27,00:00,3435.3,3463.2,3433,3462.2,2656
2018.08.28,00:00,3462.5,3468.1,3443.8,3451,2571
2018.08.29,00:00,3450.7,3459.2,3436.8,3458.2,2678
2018.08.30,00:00,3458.5,3458.5,3412.6,3414.6,4147
2018.08.31,00:00,3414.9,3426.9,3376.7,3396.6,4067
2018.09.02,00:00,3392.9,3393.9,3390.6,3392.9,73
2018.09.03,00:00,3392.7,3397.1,3380.7,3389.7,2998
2018.09.04,00:00,3389.4,3407,3343.3,3361,4552
2018.09.05,00:00,3360.7,3364.5,3311.6,3317.3,4902
2018.09.06,00:00,3317.6,3328.3,3292.2,3303.2,4995
2018.09.07,00:00,3303.6,3305.2,3273.5,3287.8,6543
2018.09.09,00:00,3289.2,3293,3289.2,3291,145
2018.09.10,00:00,3290.7,3323.1,3287.2,3313.8,4392
2018.09.11,00:00,3313.5,3322.6,3286.4,3321.7,3982
2018.09.12,00:00,3322,3329.1,3303.3,3315.2,4469
2018.09.13,00:00,3314.9,3354,3313.6,3337.8,3601
2018.09.14,00:00,3337.5,3351.2,3332.9,3342,3983
2018.09.16,00:00,3337.1,3337.4,3331.3,3334.2,238
2018.09.17,00:00,3333.9,3351.2,3314.2,3314.8,3940
2018.09.18,00:00,3314.5,3368.9,3314.5,3366.6,3952
2018.09.19,00:00,3366.2,3373.8,3350.6,3372.7,2686
2018.09.20,00:00,3373,3413.5,3365.3,3411.7,3542
2018.09.21,00:00,3411.6,3436.2,3410.9,3420.9,2869
2018.09.23,00:00,3414.4,3415.4,3411.8,3415.1,138
2018.09.24,00:00,3416.7,3422.3,3403.8,3404.4,2279
2018.09.25,00:00,3404.1,3424.8,3401.6,3417.9,2071
2018.09.26,00:00,3418.1,3435.9,3415.2,3426.6,2581
2018.09.27,00:00,3426.8,3453.9,3407.4,3438.5,2563
2018.09.28,00:00,3438.8,3443.9,3379,3398.5,3673
2018.09.30,00:00,3403.6,3403.6,3398.4,3400.6,189
2018.10.01,00:00,3400.9,3425.3,3398.8,3403.3,2520
2018.10.02,00:00,3403,3404.3,3370.6,3385,3263
2018.10.03,00:00,3384.6,3425.4,3380.5,3405.3,3025
2018.10.04,00:00,3405,3405.9,3360.8,3369.5,5030
2018.10.05,00:00,3369.8,3378.8,3328.2,3346.3,4418
2018.10.07,00:00,3347.3,3348.8,3342.5,3345,399
2018.10.08,00:00,3345.2,3347.2,3298,3321.4,6664
2018.10.09,00:00,3321.8,3330.9,3277.1,3322.2,4377
2018.10.10,00:00,3322.6,3324.4,3218,3229.4,9961
2018.10.11,00:00,3229.7,3253.6,3173.6,3228.2,22651
2018.10.12,00:00,3228.5,3254.6,3168.1,3208.6,14457
2018.10.14,00:00,3201,3201.3,3187.3,3194.7,1040
2018.10.15,00:00,3194.4,3218.2,3178.1,3206.7,9860
2018.10.16,00:00,3206.1,3269.2,3205.6,3264.7,6860
2018.10.17,00:00,3265,3281.1,3229.3,3247.2,6241
2018.10.18,00:00,3246.9,3258.3,3185.2,3200.3,10552
2018.10.19,00:00,3200.5,3226.4,3184.1,3207.9,9900
2018.10.21,00:00,3198.2,3201.6,3188.9,3194.7,863
2018.10.22,00:00,3194.3,3242.4,3184,3191.6,11204
2018.10.23,00:00,3191.9,3192.6,3130.4,3173,14177
2018.10.24,00:00,3173.4,3185.6,3099,3121,16729
2018.10.25,00:00,3121.3,3177.8,3101.7,3130.1,18329
2018.10.26,00:00,3129.8,3156.4,3089.4,3135.7,22067
2018.10.28,00:00,3141.2,3160.1,3139.3,3149.7,1604
2018.10.29,00:00,3149.4,3181.4,3107.7,3138.5,15545
2018.10.30,00:00,3138.6,3172.6,3121,3166.7,19495
2018.10.31,00:00,3167,3210.1,3160.4,3194.7,10920
2018.11.01,00:00,3194.4,3228.4,3185.3,3207.1,10176
2018.11.02,00:00,3207.3,3250.7,3202.5,3224.5,13456
