2015.08.14,00:00,4970.2,5017.4,4939.4,4985.5,32582
2015.08.16,00:00,4986.4,4988.8,4982.8,4985.8,264
2015.08.17,00:00,4985.2,5025.9,4920.1,4994.9,33822
2015.08.18,00:00,4995.5,5005,4954.4,4964.1,31500
2015.08.19,00:00,4964.4,4974.2,4875.3,4883.9,42597
2015.08.20,00:00,4884.2,4892.7,4707.6,4713.9,48392
2015.08.21,00:00,4714.5,4776.2,4577.2,4595.2,72937
2015.08.23,00:00,4575,4576.8,4546.7,4565,3396
2015.08.24,00:00,4564.3,4574.2,4225,4358.5,142957
2015.08.25,00:00,4357.8,4596.3,4346.7,4435,127478
2015.08.26,00:00,4434.6,4595.2,4390,4582.4,118947
2015.08.27,00:00,4583.1,4687.3,4574.2,4674.1,80280
2015.08.28,00:00,4674.4,4691.7,4621.7,4662.6,63373
2015.08.30,00:00,4652.4,4654.5,4589,4598.7,5840
2015.08.31,00:00,4599.1,4670.4,4593.8,4623,43898
2015.09.01,00:00,4623.4,4624.4,4472.3,4508.7,93016
2015.09.02,00:00,4509,4616.2,4500.5,4606.3,76399
2015.09.03,00:00,4605.3,4692.8,4577.4,4618.6,63675
2015.09.04,00:00,4619.3,4621.1,4485.3,4512.5,74353
2015.09.06,00:00,4515,4537.2,4513.6,4528.4,1424
2015.09.07,00:00,4528.8,4590.8,4511.5,4543.3,35734
2015.09.08,00:00,4543.6,4655.5,4538.7,4608.5,47605
2015.09.09,00:00,4609.2,4732.2,4569.8,4577.9,54853
2015.09.10,00:00,4579,4666.4,4572.4,4618.4,63606
2015.09.11,00:00,4617.7,4638.1,4543.7,4577,43759
2015.09.13,00:00,4578.7,4583.6,4574.5,4582.9,666
2015.09.14,00:00,4583.6,4613,4506.4,4535.1,43305
2015.09.15,00:00,4534.7,4595.7,4500.7,4590,40166
2015.09.16,00:00,4590.3,4667.3,4570.9,4658.2,35103
2015.09.17,00:00,4657.9,4710.7,4612.5,4631.7,37849
2015.09.18,00:00,4631,4647.2,4494.2,4537.5,61778
2015.09.20,00:00,4549.5,4549.5,4530.8,4536.3,936
2015.09.21,00:00,4536.7,4606.2,4507.6,4591.6,47518
2015.09.22,00:00,4592.3,4600.2,4413.2,4440.6,57796
2015.09.23,00:00,4441.3,4489.9,4387.6,4440.5,51710
2015.09.24,00:00,4439.8,4455.2,4308.2,4400.5,69236
2015.09.25,00:00,4401.1,4514.7,4385.3,4421.8,60980
2015.09.27,00:00,4416.6,4424.9,4397.2,4406.9,1216
2015.09.28,00:00,4406.2,4470.8,4322.6,4344.3,64755
2015.09.29,00:00,4344.4,4378,4272.9,4355.2,70745
2015.09.30,00:00,4355.3,4475,4342.7,4443.3,58418
2015.10.01,00:00,4443.4,4527.8,4400.4,4454.5,66162
2015.10.02,00:00,4454.4,4531.3,4384.3,4530.6,62610
2015.10.04,00:00,4523.9,4528.8,4512.4,4513.1,1202
2015.10.05,00:00,4513.2,4651.8,4513.2,4632,46670
2015.10.06,00:00,4631.7,4685.1,4587,4622.9,51429
2015.10.07,00:00,4623,4729.9,4622.9,4699.9,53136
2015.10.08,00:00,4700,4726.7,4642.9,4715.8,52627
2015.10.09,00:00,4715.9,4739.1,4679.4,4695.8,41664
2015.10.11,00:00,4685.6,4688.5,4683.5,4685.6,498
2015.10.12,00:00,4685.7,4715.4,4662.5,4687.8,31414
2015.10.13,00:00,4687.9,4694,4595.4,4606.6,42605
2015.10.14,00:00,4606.7,4660.9,4579.9,4617.6,46263
2015.10.15,00:00,4617.7,4723.4,4615.6,4718.3,40458
2015.10.16,00:00,4718.2,4720.1,4678.2,4711.1,36728
2015.10.18,00:00,4706,4706,4700.8,4702.8,334
2015.10.19,00:00,4703.8,4744.9,4681.4,4696.4,35412
2015.10.20,00:00,4696.5,4711.9,4648.5,4663.5,33319
2015.10.21,00:00,4663.4,4717.7,4640.8,4660.8,39375
2015.10.22,00:00,4660.7,4860.8,4655.9,4854.8,44254
2015.10.23,00:00,4854.9,4950,4837.1,4925.5,46828
2015.10.25,00:00,4926.6,4928,4920.2,4922.2,742
2015.10.26,00:00,4921.9,4932.8,4880.2,4891,32737
2015.10.27,00:00,4890.5,4896.2,4846.7,4853.9,31608
2015.10.28,00:00,4853.8,4931.2,4847.7,4916.1,39757
2015.10.29,00:00,4916.2,4919.6,4840.3,4878.6,36512
2015.10.30,00:00,4878.8,4908.8,4864.4,4876.9,35005
2015.11.01,00:00,4868.4,4869.8,4852.9,4858.2,840
2015.11.02,00:00,4858.4,4938.6,4836.1,4922.9,31086
2015.11.03,00:00,4923,4956.2,4894.4,4932.6,26963
2015.11.04,00:00,4932.5,4993,4930.4,4940.3,37382
2015.11.05,00:00,4940,5007.5,4933,4966.8,37136
2015.11.06,00:00,4966.7,5011.6,4929.6,5002.3,41646
2015.11.08,00:00,4997.1,5001.4,4995.6,4998.9,512
2015.11.09,00:00,4998.5,5013.5,4899.9,4917.3,37534
2015.11.10,00:00,4917.5,4943.6,4871.9,4914.4,34284
2015.11.11,00:00,4914.3,4973.8,4909.3,4928,31700
2015.11.12,00:00,4928.1,4963.3,4808.4,4822.9,41619
2015.11.13,00:00,4822.8,4859.7,4761.1,4765.6,51819
2015.11.15,00:00,4624.3,4670.2,4619.2,4651.8,1654
2015.11.16,00:00,4651.7,4865.2,4649.3,4855.7,50215
2015.11.17,00:00,4855.4,4941.2,4839,4899.2,37615
2015.11.18,00:00,4899.3,4949,4877,4935.4,38262
2015.11.19,00:00,4935.3,4962.7,4890.6,4894.4,32084
2015.11.20,00:00,4894.3,4935.3,4880.1,4905.5,31636
2015.11.22,00:00,4907.9,4920.5,4907.3,4915.6,916
2015.11.23,00:00,4915.3,4917.9,4857.1,4866.9,30416
2015.11.24,00:00,4867,4880.6,4772.3,4828.9,40713
2015.11.25,00:00,4828.8,4911.9,4816.8,4887.2,28088
2015.11.26,00:00,4887.1,4956.6,4876.4,4929.2,17141
2015.11.27,00:00,4929.1,4961.9,4902.3,4922.4,25444
2015.11.29,00:00,4916.2,4918.3,4908.3,4912.1,670
2015.11.30,00:00,4912.2,4974.4,4899.1,4957.6,27494
2015.12.01,00:00,4957.5,4977.6,4896.3,4913,32066
2015.12.02,00:00,4913.2,4942.4,4855.6,4872,38124
2015.12.03,00:00,4871.9,4975.3,4659.3,4683.5,74531
2015.12.04,00:00,4683.6,4772.3,4669.2,4763.5,56233
2015.12.06,00:00,4763.4,4765.6,4752.4,4759.1,940
2015.12.07,00:00,4759,4803.9,4731.8,4767.2,48560
2015.12.08,00:00,4767.1,4768.8,4655.2,4682.3,56912
2015.12.09,00:00,4682.2,4715.7,4569.6,4600.8,64624
2015.12.10,00:00,4600.9,4661.3,4595.1,4618,52322
2015.12.11,00:00,4617.9,4637,4505.6,4523.9,65748
2015.12.13,00:00,4536.7,4547.8,4536,4543,1614
2015.12.14,00:00,4543.1,4623.7,4465.7,4541.2,75480
2015.12.15,00:00,4541.3,4629.9,4516.7,4614.2,46159
2015.12.16,00:00,4614.1,4710.5,4592.4,4694.4,50692
2015.12.17,00:00,4694.5,4749,4643.9,4646.1,43575
2015.12.18,00:00,4646.2,4672.7,4564.7,4575.7,54993
2015.12.20,00:00,4582.2,4587,4577.3,4581.8,2028
2015.12.21,00:00,4581.7,4666.8,4558.1,4595.7,41316
2015.12.22,00:00,4595.8,4616.1,4524,4598.8,41024
2015.12.23,00:00,4598.6,4695.6,4591.5,4680.7,28554
2015.12.24,00:00,4680.8,4687.8,4647.3,4649.9,6819
2015.12.27,00:00,4655.7,4659.6,4650.4,4656,744
2015.12.28,00:00,4655.9,4674.6,4611.7,4632.2,18764
2015.12.29,00:00,4632.3,4701.6,4628.8,4691.7,24155
2015.12.30,00:00,4692,4708.4,4658.7,4668.2,25634
2015.12.31,00:00,4668.3,4677.9,4598,4617.3,17071
2016.01.03,00:00,4627.2,4642.9,4627.2,4633.2,1084
2016.01.04,00:00,4633.5,4638.9,4489.1,4565.7,61641
2016.01.05,00:00,4565.8,4578.8,4480.9,4550.2,51035
2016.01.06,00:00,4550.1,4555.5,4431.7,4468.9,58694
2016.01.07,00:00,4468.7,4472.2,4319.9,4340.1,72965
2016.01.08,00:00,4339.7,4437.7,4292.2,4300.7,73184
2016.01.10,00:00,4280.3,4284,4251.7,4257.1,4196
2016.01.11,00:00,4257.3,4385.7,4251.1,4349.9,65790
2016.01.12,00:00,4350.2,4429.4,4292.4,4387.5,61111
2016.01.13,00:00,4387.6,4465.9,4289.9,4298.9,60259
2016.01.14,00:00,4299,4382.2,4234,4368.1,70293
2016.01.15,00:00,4368.2,4376,4148.2,4182.2,83612
2016.01.17,00:00,4155.5,4180.3,4143.6,4169.7,2389
2016.01.18,00:00,4169.8,4255.2,4160.2,4187.4,50476
2016.01.19,00:00,4187.5,4308.1,4182.2,4251,68195
2016.01.20,00:00,4250.9,4251.5,4064.4,4176.5,88129
2016.01.21,00:00,4176.8,4241.2,4100.7,4205.8,96475
2016.01.22,00:00,4205.7,4370.9,4180.7,4358.6,62506
2016.01.24,00:00,4371.2,4374.1,4356.8,4363.5,1198
2016.01.25,00:00,4363.4,4369.2,4258,4262.4,55879
2016.01.26,00:00,4262.8,4377.9,4223.1,4352.2,57947
2016.01.27,00:00,4352.4,4402.7,4304.2,4310.3,61812
2016.01.28,00:00,4310.4,4405.2,4281.4,4325.1,70587
2016.01.29,00:00,4325,4429.4,4306.9,4421.8,57720
2016.01.31,00:00,4424.4,4427.7,4413.9,4415.3,966
2016.02.01,00:00,4415.4,4430.9,4348,4373.9,51894
2016.02.02,00:00,4373.8,4384.3,4239.3,4245.2,48194
2016.02.03,00:00,4245.3,4295.4,4177.4,4262.6,65595
2016.02.04,00:00,4262.5,4300.1,4174.3,4216.3,68043
2016.02.05,00:00,4216.2,4270.3,4177.8,4187.7,67057
2016.02.07,00:00,4197.7,4201.1,4190.5,4193.7,769
2016.02.08,00:00,4194.1,4222.8,4039.8,4075.1,69994
2016.02.09,00:00,4075,4092.1,3949.8,4015.1,85831
2016.02.10,00:00,4015,4114.3,3970.5,3997.5,87558
2016.02.11,00:00,3997.6,4013.3,3890.4,3948.6,95210
2016.02.12,00:00,3948.9,4007.4,3921.9,4001.8,66974
2016.02.14,00:00,4018.9,4030.5,4017.3,4026.3,1002
2016.02.15,00:00,4026.5,4144.8,4020,4110.4,43434
2016.02.16,00:00,4110.6,4158.8,4086,4129.3,61618
2016.02.17,00:00,4129.5,4256.1,4101,4254.7,50029
2016.02.18,00:00,4254.8,4280.2,4210.7,4231.6,46405
2016.02.19,00:00,4232,4256.9,4181,4217.9,51246
2016.02.21,00:00,4205.4,4205.4,4194.8,4198.4,310
2016.02.22,00:00,4198.5,4303.8,4198.5,4276.1,37108
2016.02.23,00:00,4276,4302.3,4207.9,4210.7,46148
2016.02.24,00:00,4210.6,4243,4116.1,4231.1,59368
2016.02.25,00:00,4231.2,4283.1,4193.3,4274.1,55078
2016.02.26,00:00,4274.2,4352.6,4267.8,4276.4,48914
2016.02.28,00:00,4273.8,4274.5,4266.6,4268.9,557
2016.02.29,00:00,4269,4359.2,4244.5,4310.5,52941
2016.03.01,00:00,4310.3,4431.7,4276.6,4419.6,44119
2016.03.02,00:00,4419.5,4462.1,4385.7,4412,47307
2016.03.03,00:00,4411.7,4435.2,4390.9,4426.8,38340
2016.03.04,00:00,4426.9,4481.1,4412.7,4432.6,47438
2016.03.06,00:00,4437.8,4444.2,4437.5,4438.2,449
2016.03.07,00:00,4438.1,4459.1,4406.2,4438.1,40451
2016.03.08,00:00,4437.8,4438.1,4362,4401.8,48840
2016.03.09,00:00,4401.7,4459.3,4393.8,4422.4,45211
2016.03.10,00:00,4422.3,4581.6,4304.9,4360.8,73855
2016.03.11,00:00,4361.1,4509.1,4360.3,4503.1,50337
2016.03.13,00:00,4496.9,4501.5,4490.2,4496.2,626
2016.03.14,00:00,4496.1,4535.6,4488.9,4504.6,35201
2016.03.15,00:00,4504.5,4505.3,4448.9,4480.7,34525
2016.03.16,00:00,4480.6,4503.6,4437.2,4472,38917
2016.03.17,00:00,4471.9,4503.4,4365.9,4434.5,42807
2016.03.18,00:00,4434.6,4473.9,4416.2,4450.5,35712
2016.03.20,00:00,4441.5,4443,4436.3,4442.4,356
2016.03.21,00:00,4442.3,4482.3,4414.3,4427.2,33457
2016.03.22,00:00,4426.8,4440.5,4354.8,4424.8,41871
2016.03.23,00:00,4425,4469.5,4394.8,4400.3,35001
2016.03.24,00:00,4400.2,4402.7,4322.1,4355.9,30633
2016.03.27,00:00,4354.4,4358.6,4353.1,4353.7,310
2016.03.28,00:00,4353.5,4372.9,4326.8,4345.6,7855
2016.03.29,00:00,4345.4,4389.4,4330.8,4381.1,37328
2016.03.30,00:00,4381.2,4466.7,4379.8,4430.6,28078
2016.03.31,00:00,4430.4,4432.5,4365.2,4375.1,30848
2016.04.01,00:00,4375.2,4380.1,4259.2,4319.7,43130
2016.04.03,00:00,4316.9,4317.1,4312.2,4316.5,169
2016.04.04,00:00,4316.4,4378.2,4277.7,4320.2,36015
2016.04.05,00:00,4320.1,4323.3,4235.9,4251.6,41028
2016.04.06,00:00,4251.7,4299.7,4242.2,4288.2,37076
2016.04.07,00:00,4288.1,4317.2,4211.4,4214.3,39739
2016.04.08,00:00,4214.4,4315.9,4210,4292.6,35839
2016.04.10,00:00,4288.8,4292.6,4285.2,4289.6,382
2016.04.11,00:00,4289.7,4340.9,4261.9,4281.3,39136
2016.04.12,00:00,4281.4,4360.4,4268.9,4353.1,38562
2016.04.13,00:00,4353,4494.7,4350.5,4484,32966
2016.04.14,00:00,4484.1,4517.8,4472.3,4501.3,31868
2016.04.15,00:00,4501.4,4510.8,4480.3,4484.8,23050
2016.04.17,00:00,4452.7,4465.3,4450,4461.3,640
2016.04.18,00:00,4461.4,4517.8,4424.8,4506.1,28930
2016.04.19,00:00,4506,4578.6,4505.4,4561.7,28551
2016.04.20,00:00,4561.9,4608.3,4535.3,4594.7,30952
2016.04.21,00:00,4594.8,4629,4541.5,4549.6,42653
2016.04.22,00:00,4549.7,4586,4547.7,4578.8,33871
2016.04.24,00:00,4589.2,4589.9,4583.2,4585.1,277
2016.04.25,00:00,4585,4586.6,4521.5,4548.2,29969
2016.04.26,00:00,4548.4,4581.4,4514,4535.3,29797
2016.04.27,00:00,4535.4,4577.5,4520.9,4574.3,29765
2016.04.28,00:00,4574.1,4579.9,4480.6,4505.6,34907
2016.04.29,00:00,4505.7,4515.3,4412.5,4431.2,37970
2016.05.01,00:00,4428,4434.2,4426.4,4428.7,330
2016.05.02,00:00,4429.1,4458.3,4416.9,4449.2,20985
2016.05.03,00:00,4449.4,4451.9,4362.8,4370,34743
2016.05.04,00:00,4370.1,4388.9,4301.1,4315.9,31913
2016.05.05,00:00,4316.1,4346.3,4282.7,4284.9,28507
2016.05.06,00:00,4285,4330.3,4244.5,4329.4,34848
2016.05.08,00:00,4321.9,4334,4321.9,4332.7,370
2016.05.09,00:00,4333.7,4364.3,4288.7,4291.3,31336
2016.05.10,00:00,4291.2,4375.1,4290.6,4342.9,32060
2016.05.11,00:00,4342.8,4347.3,4288,4298.7,28826
2016.05.12,00:00,4298.8,4362.8,4265.8,4301.7,33916
2016.05.13,00:00,4301.8,4336.5,4251.5,4278.8,38965
2016.05.15,00:00,4260.1,4268.4,4257.3,4268.4,208
2016.05.16,00:00,4268.5,4321.9,4268.2,4314,18971
2016.05.17,00:00,4315,4363.7,4266.8,4272.2,33275
2016.05.18,00:00,4272.3,4330.2,4263.4,4309.2,39049
2016.05.19,00:00,4309.1,4317.9,4273.2,4312.8,38433
2016.05.20,00:00,4312.9,4353.8,4303,4339,30084
2016.05.22,00:00,4343.1,4345.2,4340.1,4340.8,267
2016.05.23,00:00,4340.7,4358,4298.5,4319.7,31760
2016.05.24,00:00,4319.5,4444.2,4299.3,4444.2,25821
2016.05.25,00:00,4444.3,4490,4444.2,4477.9,25989
2016.05.26,00:00,4477.7,4517.1,4464.2,4516.3,23698
2016.05.27,00:00,4516.4,4521.6,4492.7,4512.1,18774
2016.05.29,00:00,4517.5,4528.3,4516.6,4527.9,174
2016.05.30,00:00,4528,4537.4,4503.4,4521.1,8286
2016.05.31,00:00,4521.2,4537.9,4488.1,4505.2,22449
2016.06.01,00:00,4505.3,4514.9,4457.7,4463.1,24795
2016.06.02,00:00,4463.2,4488.9,4445.7,4479,26939
2016.06.03,00:00,4479.1,4492.2,4395.2,4415.7,29618
2016.06.05,00:00,4417.6,4422,4417.6,4419,196
2016.06.06,00:00,4418.9,4435.6,4403.1,4417.3,22228
2016.06.07,00:00,4417.4,4486.8,4413.6,4461.4,18030
2016.06.08,00:00,4461.6,4473.5,4434.3,4449.9,19004
2016.06.09,00:00,4449.8,4453.4,4393.3,4394.9,21504
2016.06.10,00:00,4395,4403.7,4279.3,4291.3,26815
2016.06.12,00:00,4279.5,4279.5,4260.5,4265.4,365
2016.06.13,00:00,4265.5,4276.5,4184.7,4188.2,35053
2016.06.14,00:00,4188.4,4213.2,4123.9,4134.9,35096
2016.06.15,00:00,4135.1,4203.4,4131.8,4152.9,31384
2016.06.16,00:00,4153,4201.6,4099.4,4199.9,39217
2016.06.17,00:00,4200.1,4233.8,4168.3,4222.1,36533
2016.06.19,00:00,4277.3,4292.2,4270.2,4282.3,762
2016.06.20,00:00,4282.1,4350.8,4274.1,4333.3,29778
2016.06.21,00:00,4333.1,4413.4,4312.3,4381.7,33257
2016.06.22,00:00,4381.9,4417.3,4359.4,4399.9,30379
2016.06.23,00:00,4399.8,4559.8,4391.3,4501.6,51412
2016.06.24,00:00,4501.7,4504.5,3920,4028.4,95923
2016.06.26,00:00,4007.7,4014.8,3976.5,4014.8,1390
2016.06.27,00:00,4015,4115.2,3955.2,4018.5,62878
2016.06.28,00:00,4018.6,4126.4,4001.6,4116.5,41076
2016.06.29,00:00,4116.6,4222.1,4095.5,4208.9,39897
2016.06.30,00:00,4208.5,4297.4,4153.7,4259.2,44097
2016.07.01,00:00,4259,4288.8,4215.7,4254.3,36786
2016.07.03,00:00,4264.1,4264.1,4256.4,4258.9,175
2016.07.04,00:00,4258.7,4291.6,4230.6,4235.2,17054
2016.07.05,00:00,4235.3,4236.8,4130.5,4142.3,37892
2016.07.06,00:00,4142.5,4154,4060.3,4112.5,49037
2016.07.07,00:00,4112.6,4168.1,4088.1,4106.4,36555
2016.07.08,00:00,4106.5,4210.1,4092,4177.1,35732
2016.07.10,00:00,4175.9,4179.1,4175.9,4178.4,137
2016.07.11,00:00,4178.2,4271.9,4177.6,4248.9,32900
2016.07.12,00:00,4249.1,4343.2,4243.3,4326.2,27891
2016.07.13,00:00,4326.3,4358.7,4315.4,4329.3,28902
2016.07.14,00:00,4329.4,4402.7,4325.7,4357.8,31222
2016.07.15,00:00,4358,4383.8,4318.1,4327.9,30138
2016.07.17,00:00,4365.4,4389.5,4365.4,4382.6,410
2016.07.18,00:00,4382.7,4407.8,4333.3,4352.8,25128
2016.07.19,00:00,4352.7,4357.3,4303.1,4332.8,25537
2016.07.20,00:00,4333,4392,4322.5,4370.1,19330
2016.07.21,00:00,4370.2,4390.5,4339.7,4359.3,28343
2016.07.22,00:00,4359.2,4399.8,4343.4,4381.4,23442
2016.07.24,00:00,4379.5,4384.1,4379.5,4384.1,98
2016.07.25,00:00,4384.2,4420.8,4366.8,4375.3,24295
2016.07.26,00:00,4375.1,4409.8,4353.3,4403.5,26196
2016.07.27,00:00,4403.6,4470.2,4403.6,4434.3,26542
2016.07.28,00:00,4434.1,4476.2,4416.6,4450.3,26381
2016.07.29,00:00,4450.4,4455.9,4407.3,4444.9,30227
2016.07.31,00:00,4451.2,4461.5,4450.5,4452.3,140
2016.08.01,00:00,4451.9,4486.7,4383.5,4390.4,17806
2016.08.02,00:00,4390.3,4408.7,4313.6,4329.6,27665
2016.08.03,00:00,4329.7,4349.4,4292.9,4332,25789
2016.08.04,00:00,4332.1,4360.9,4321.9,4349,26852
2016.08.05,00:00,4347.7,4416.9,4347.7,4401.5,18879
2016.08.07,00:00,4401.1,4412.1,4398.7,4411.3,83
2016.08.08,00:00,4411.2,4441.2,4404.8,4408.3,15322
2016.08.09,00:00,4408.2,4468.7,4404.2,4443.4,15376
2016.08.10,00:00,4443.5,4465.9,4438.2,4443.5,17490
2016.08.11,00:00,4443.6,4507,4441.8,4495.8,19692
2016.08.12,00:00,4495.9,4510.3,4487.3,4495.7,16335
2016.08.14,00:00,4493.6,4496.1,4492.9,4495.3,51
2016.08.15,00:00,4495.1,4527.8,4483.9,4489.5,11430
2016.08.16,00:00,4489.6,4499.8,4454.3,4457.9,19853
2016.08.17,00:00,4458.1,4480.5,4414,4440.8,21580
2016.08.18,00:00,4441,4449.8,4412.3,4428.1,16123
2016.08.19,00:00,4428,4441.8,4373.1,4412.2,18751
2016.08.21,00:00,4411.1,4411.8,4407.8,4409.4,107
2016.08.22,00:00,4409.6,4444.2,4375.9,4397.9,24050
2016.08.23,00:00,4397.8,4436.3,4393.4,4412.1,18775
2016.08.24,00:00,4412.3,4454.4,4380.5,4425.3,21694
2016.08.25,00:00,4425.5,4433.9,4377.4,4398,23589
2016.08.26,00:00,4398.1,4457.3,4385.9,4417.1,26010
2016.08.28,00:00,4412.5,4415,4408.5,4410.9,193
2016.08.29,00:00,4411,4440.9,4388.8,4440.9,14606
2016.08.30,00:00,4441,4475.4,4432.3,4454.1,19055
2016.08.31,00:00,4454.2,4487,4420.8,4436.1,20553
2016.09.01,00:00,4436.3,4491.8,4420.3,4451,25490
2016.09.02,00:00,4451.1,4553.6,4444.3,4550.2,27308
2016.09.04,00:00,4547.3,4560.4,4546.1,4554,139
2016.09.05,00:00,4553.8,4566.6,4539.2,4541.9,16486
2016.09.06,00:00,4541.7,4561.3,4522.7,4535.2,20080
2016.09.07,00:00,4535.1,4561.4,4518,4543.1,19628
2016.09.08,00:00,4544.1,4569.4,4483.4,4533.7,29336
2016.09.09,00:00,4533.8,4545.9,4431.1,4436.1,30552
2016.09.11,00:00,4440.1,4444,4404.9,4417.5,694
2016.09.12,00:00,4417.3,4493.8,4384.8,4476.9,40504
2016.09.13,00:00,4477,4482.7,4374.1,4409.7,40219
2016.09.14,00:00,4409.8,4424.9,4345.4,4355.6,36171
2016.09.15,00:00,4355.7,4389.5,4331.8,4364.5,28882
2016.09.16,00:00,4364.8,4381.5,4308.3,4345.8,31521
2016.09.18,00:00,4345.3,4347.2,4341.6,4341.6,178
2016.09.19,00:00,4341.9,4399.5,4340.8,4380.3,22739
2016.09.20,00:00,4380.5,4420.3,4373.2,4386.5,24394
2016.09.21,00:00,4386.4,4451.7,4373.4,4433.8,30676
2016.09.22,00:00,4433.7,4529.6,4428.7,4502.7,24214
2016.09.23,00:00,4502.6,4508.8,4473.4,4474.8,20828
2016.09.25,00:00,4472.1,4480.7,4472.1,4478.9,177
2016.09.26,00:00,4478.8,4480.8,4395.2,4395.5,25068
2016.09.27,00:00,4395.6,4440.2,4361.2,4409.7,30371
2016.09.28,00:00,4409.8,4473.3,4393.3,4467.9,31354
2016.09.29,00:00,4467.8,4505.8,4378.5,4398.6,38335
2016.09.30,00:00,4398.7,4464,4340.2,4438.1,42213
2016.10.02,00:00,4446.7,4452.7,4441.3,4452,273
2016.10.03,00:00,4452.1,4465.5,4431.2,4450.5,15449
2016.10.04,00:00,4450.6,4521.6,4447.5,4467.9,36992
2016.10.05,00:00,4467.8,4506,4438.6,4502.9,28254
2016.10.06,00:00,4503,4512.3,4469.3,4497.2,28750
2016.10.07,00:00,4497.1,4497.1,4430.5,4455.4,39931
2016.10.09,00:00,4467.9,4468.5,4461.8,4465.2,365
2016.10.10,00:00,4465.1,4514.3,4427.2,4511,23658
2016.10.11,00:00,4511.1,4520.1,4451,4467.8,29707
2016.10.12,00:00,4467.7,4487.6,4439.8,4455.8,29256
2016.10.13,00:00,4455.7,4458.9,4369.7,4417.8,35017
2016.10.14,00:00,4417.9,4498.2,4410.4,4474.1,29536
2016.10.16,00:00,4476.5,4481,4460.3,4461.2,486
2016.10.17,00:00,4461.1,4474.9,4439.3,4455.3,29534
2016.10.18,00:00,4455.4,4518.3,4455.3,4508.6,22904
2016.10.19,00:00,4508.7,4530.3,4494.3,4521,18694
2016.10.20,00:00,4520.9,4552.3,4499.7,4547.5,25161
2016.10.21,00:00,4547.7,4554.8,4516.4,4544.1,22241
2016.10.23,00:00,4543.8,4555.8,4542.4,4549.4,258
2016.10.24,00:00,4549.5,4580.9,4534.8,4556.3,17141
2016.10.25,00:00,4556.4,4571.3,4526.4,4532,21175
2016.10.26,00:00,4531.9,4540.4,4495.4,4523.4,25696
2016.10.27,00:00,4523.3,4557.9,4500.9,4525.4,31054
2016.10.28,00:00,4525.3,4554.5,4502.6,4512.5,37875
2016.10.30,00:00,4499.2,4512.4,4496.5,4508.6,408
2016.10.31,00:00,4508.5,4538.7,4499.3,4509.9,16176
2016.11.01,00:00,4509.8,4539.3,4436.8,4451.6,31676
2016.11.02,00:00,4451.5,4454.1,4396.8,4417.7,33775
2016.11.03,00:00,4417.8,4456.8,4394.5,4411.8,31926
2016.11.04,00:00,4411.6,4416.8,4347,4354.2,30586
2016.11.06,00:00,4408.8,4417,4388.6,4394.4,1015
2016.11.07,00:00,4394.3,4468,4389.6,4456.8,19516
2016.11.08,00:00,4456.7,4523.2,4442.5,4512.9,26576
2016.11.09,00:00,4512.8,4567.2,4261.9,4549.4,121515
2016.11.10,00:00,4549.5,4607.2,4502.3,4546.1,58035
2016.11.11,00:00,4546,4562.5,4471.8,4498,44030
2016.11.13,00:00,4506,4518.7,4504.6,4516.8,382
2016.11.14,00:00,4516.7,4561,4490.8,4519.8,44211
2016.11.15,00:00,4519.9,4555,4503.3,4550.5,30938
2016.11.16,00:00,4550.6,4565.4,4479,4492.1,31032
2016.11.17,00:00,4492,4544.1,4482.3,4537.4,24685
2016.11.18,00:00,4537.5,4551.5,4495.8,4501.4,26688
2016.11.20,00:00,4504.7,4507.4,4504.1,4506,175
2016.11.21,00:00,4505.9,4549.3,4477.8,4541.4,22902
2016.11.22,00:00,4541.5,4571.8,4539.8,4558.9,21151
2016.11.23,00:00,4559.1,4565.3,4507.8,4527.3,24458
2016.11.24,00:00,4527.2,4552.5,4518.8,4542.9,14321
2016.11.25,00:00,4542.8,4565.1,4522.1,4557.9,13682
2016.11.27,00:00,4546.1,4553.1,4544.7,4551.1,145
2016.11.28,00:00,4551.2,4556.9,4492.6,4493.9,24295
2016.11.29,00:00,4494,4563.7,4493.4,4549.3,23241
2016.11.30,00:00,4549.4,4597.6,4542.2,4574,28256
2016.12.01,00:00,4573.9,4583.1,4534.3,4536.4,32207
2016.12.02,00:00,4536.5,4546,4489,4521.6,26699
2016.12.04,00:00,4463.7,4495.3,4453.6,4487.5,779
2016.12.05,00:00,4487.7,4608,4472.2,4581.7,37718
2016.12.06,00:00,4581.8,4667.3,4558,4651.8,23777
2016.12.07,00:00,4651.9,4738,4648.5,4713,24143
2016.12.08,00:00,4713.1,4754.3,4684.3,4738.3,36037
2016.12.09,00:00,4738.7,4788.8,4734.7,4787.5,23292
2016.12.11,00:00,4789.2,4847,4789.2,4810.2,627
2016.12.12,00:00,4810.3,4819.1,4742.4,4745.2,25188
2016.12.13,00:00,4745.4,4812.3,4744.5,4797.7,22373
2016.12.14,00:00,4797.5,4807,4757.1,4767.6,28614
2016.12.15,00:00,4767.7,4831.6,4762.7,4820.2,36841
2016.12.16,00:00,4820.3,4856.7,4804.2,4825.8,26185
2016.12.18,00:00,4830.1,4837.8,4830.1,4834.5,248
2016.12.19,00:00,4834.9,4842.7,4812.5,4820.7,17944
2016.12.20,00:00,4820.8,4852,4815.5,4835.9,15905
2016.12.21,00:00,4835.8,4850.8,4820.8,4835.3,13943
2016.12.22,00:00,4835.4,4841.8,4818,4830.7,12561
2016.12.23,00:00,4830.8,4845,4824.5,4836,8137
2016.12.26,00:00,4838.3,4841,4837.5,4839,82
2016.12.27,00:00,4839.1,4853,4830.8,4841.3,4698
2016.12.28,00:00,4841.2,4852.8,4822.5,4829.9,9336
2016.12.29,00:00,4829.7,4845.3,4819.8,4828.9,11520
2016.12.30,00:00,4829,4863.8,4822.3,4840.2,14681
2017.01.02,00:00,4840.3,4895.3,4839.8,4884.1,5661
2017.01.03,00:00,4884,4929.3,4872.7,4902.6,21762
2017.01.04,00:00,4902.5,4917.3,4879.1,4900.2,15930
2017.01.05,00:00,4899.9,4904.9,4874.1,4895,17686
2017.01.06,00:00,4894.8,4918,4874,4911.3,16852
2017.01.08,00:00,4917.3,4922.9,4917,4922.2,185
2017.01.09,00:00,4922.1,4926.8,4867.2,4877.6,14280
2017.01.10,00:00,4877.7,4907.7,4867.5,4882,14273
2017.01.11,00:00,4882.1,4917,4855,4893,23603
2017.01.12,00:00,4893.1,4893.6,4856.5,4885,21870
2017.01.13,00:00,4884.9,4924.1,4878.5,4910.1,16562
2017.01.15,00:00,4903.1,4904.9,4901,4902.8,156
2017.01.16,00:00,4902.9,4911.6,4877,4879.1,12104
2017.01.17,00:00,4879,4889.8,4841.3,4866.8,23515
2017.01.18,00:00,4866.9,4885.5,4825.4,4856.7,16387
2017.01.19,00:00,4856.8,4868,4822.2,4839.5,19648
2017.01.20,00:00,4839.6,4868.6,4817.9,4850.7,23506
2017.01.22,00:00,4847.3,4847.3,4831,4833.9,228
2017.01.23,00:00,4834,4843.7,4797.6,4833.7,20666
2017.01.24,00:00,4833.9,4855.2,4816.2,4849,16694
2017.01.25,00:00,4849.1,4888.8,4838.8,4875.4,16108
2017.01.26,00:00,4875.3,4901.1,4853.8,4856.5,18879
2017.01.27,00:00,4856.4,4870.8,4828.3,4838.4,17664
2017.01.29,00:00,4822.2,4830.1,4818.1,4823.8,218
2017.01.30,00:00,4823.7,4831.6,4771.8,4796.8,19724
2017.01.31,00:00,4796.9,4813.1,4746.6,4768.9,23295
2017.02.01,00:00,4768.8,4824.8,4760.5,4791.4,22153
2017.02.02,00:00,4791.3,4812.7,4772.8,4800.5,23927
2017.02.03,00:00,4800.4,4847.8,4784.2,4825.7,19268
2017.02.05,00:00,4826.1,4829.8,4824.1,4824.8,133
2017.02.06,00:00,4824.7,4842.8,4764.6,4772.9,20797
2017.02.07,00:00,4772.8,4788.1,4745.6,4753.9,17562
2017.02.08,00:00,4754.1,4790.6,4733.4,4775.4,21405
2017.02.09,00:00,4775.3,4832,4766.4,4829.6,19275
2017.02.10,00:00,4829.8,4854.7,4814.5,4836.3,19211
2017.02.12,00:00,4838.2,4842.5,4836.9,4841.2,163
2017.02.13,00:00,4841.1,4907.3,4832.8,4891.4,14119
2017.02.14,00:00,4891.3,4916.1,4875.3,4906.7,16897
2017.02.15,00:00,4906.6,4941.8,4902,4935.3,17863
2017.02.16,00:00,4935.6,4938.9,4888.7,4896.2,19621
2017.02.17,00:00,4896.1,4904.2,4842.3,4875.4,22431
2017.02.19,00:00,4861.8,4875.4,4859.6,4873.9,218
2017.02.20,00:00,4873.8,4904.5,4855.2,4865.7,12608
2017.02.21,00:00,4865.8,4900.6,4848.7,4893.1,18737
2017.02.22,00:00,4892.9,4922.6,4865.3,4904.9,20168
2017.02.23,00:00,4904.8,4916.7,4879.7,4887.6,18827
2017.02.24,00:00,4887.7,4891.9,4805.6,4854.8,22672
2017.02.26,00:00,4865.2,4879.1,4862.2,4864.3,246
2017.02.27,00:00,4863.1,4872.9,4832.7,4854.7,21391
2017.02.28,00:00,4854.6,4867.3,4835.3,4866.2,18106
2017.03.01,00:00,4866.3,4995.6,4856.3,4972.5,26000
2017.03.02,00:00,4970.5,4972.6,4951.1,4955,18138
2017.03.03,00:00,4955.1,5010.7,4941.2,4995.1,22021
2017.03.05,00:00,4984,4985.9,4969.5,4971.2,473
2017.03.06,00:00,4971.1,4993.7,4960,4980.1,16507
2017.03.07,00:00,4979.9,4990.4,4940,4941.7,13679
2017.03.08,00:00,4941.8,4975.8,4930.8,4952.9,20607
2017.03.09,00:00,4952.7,4996.6,4938.5,4994.1,23646
2017.03.10,00:00,4994.2,5021.5,4980.8,4991.2,23360
2017.03.12,00:00,4992.9,4995.5,4980.8,4981.6,284
2017.03.13,00:00,4981.7,5012.8,4981.6,5008.8,14192
2017.03.14,00:00,5008.7,5012.8,4957.1,4976,16962
2017.03.15,00:00,4976.2,5007.3,4965.6,5007.3,18941
2017.03.16,00:00,5007.2,5035.1,5003.5,5011.4,21583
2017.03.17,00:00,5011.5,5038.5,4999.5,5022.2,16883
2017.03.19,00:00,5017.2,5019.1,5012.4,5016.2,305
2017.03.20,00:00,5016.1,5029.5,5002.3,5007.9,14399
2017.03.21,00:00,5007.8,5055.7,4973.7,4978.3,29318
2017.03.22,00:00,4978.4,5011.5,4952.2,5011.5,28389
2017.03.23,00:00,5011.4,5033.6,4979.8,5018.5,24892
2017.03.24,00:00,5018.6,5040.4,5003.3,5019.8,25989
2017.03.26,00:00,5003.7,5006.2,4990.7,4998.4,717
2017.03.27,00:00,4998.3,5028.5,4969.3,5026,27251
2017.03.28,00:00,5026.1,5065,5007.7,5059.5,18671
2017.03.29,00:00,5059.6,5074,5043.3,5070.6,18427
2017.03.30,00:00,5070.7,5097.1,5062.5,5089.2,15756
2017.03.31,00:00,5089.1,5129.6,5066.8,5116.1,16458
2017.04.02,00:00,5122.9,5127,5121.8,5125.4,184
2017.04.03,00:00,5125.8,5136.6,5064.1,5092.6,21865
2017.04.04,00:00,5092.5,5114.1,5075.3,5111.4,19965
2017.04.05,00:00,5111.6,5124,5052.8,5070.5,25291
2017.04.06,00:00,5070.6,5126.5,5049,5120.4,26944
2017.04.07,00:00,5120.5,5145.9,5079.9,5136.1,33502
2017.04.09,00:00,5133.4,5135.6,5129.5,5134.9,125
2017.04.10,00:00,5135,5150.5,5095.6,5107.3,17570
2017.04.11,00:00,5107.1,5119.7,5066.2,5113.5,27349
2017.04.12,00:00,5113.6,5143.2,5085.3,5092.7,26832
2017.04.13,00:00,5092.6,5102.6,5048.7,5064.3,23999
2017.04.16,00:00,5057.9,5058.3,5049.6,5051.2,343
2017.04.17,00:00,5051.3,5102,5047.2,5094.6,5860
2017.04.18,00:00,5094.3,5096.9,4963.8,4978.7,28452
2017.04.19,00:00,4978.8,5011,4975.1,4987.2,22273
2017.04.20,00:00,4987.3,5097,4981.3,5080.6,23258
2017.04.21,00:00,5080.5,5096.4,5027.8,5079.7,24195
2017.04.23,00:00,5229.5,5230.8,5163,5178.2,1096
2017.04.24,00:00,5177.2,5332.1,5156.5,5280.3,28586
2017.04.25,00:00,5280.2,5305.5,5258.5,5280.9,16838
2017.04.26,00:00,5281,5295.8,5260.1,5263.7,17773
2017.04.27,00:00,5263.6,5279.1,5260.3,5271.6,16213
2017.04.28,00:00,5271.5,5288.3,5248.1,5251.4,14312
2017.04.30,00:00,5250.7,5250.7,5241.6,5247.9,189
2017.05.01,00:00,5248,5281,5247.3,5269,5046
2017.05.02,00:00,5269.1,5313.2,5259.1,5307,11752
2017.05.03,00:00,5306.9,5308.4,5281.8,5298.6,12119
2017.05.04,00:00,5298.5,5372.1,5297.9,5362.9,17490
2017.05.05,00:00,5363.1,5467.1,5339,5466.6,20707
2017.05.07,00:00,5476.1,5480.7,5436.2,5449.3,338
2017.05.08,00:00,5449.5,5496.9,5372.3,5388.6,19659
2017.05.09,00:00,5388.7,5413.8,5379.6,5379.6,14105
2017.05.10,00:00,5379.7,5405.7,5376.3,5400.3,13519
2017.05.11,00:00,5400.1,5410.2,5355.3,5391.3,18700
2017.05.12,00:00,5391.2,5415.1,5375,5409,15604
2017.05.14,00:00,5409.7,5413.8,5407.1,5410.4,136
2017.05.15,00:00,5410.5,5421.2,5382.3,5397.5,14097
2017.05.16,00:00,5397.2,5416.6,5384.3,5384.3,15218
2017.05.17,00:00,5384.4,5395.2,5270.8,5287.4,29436
2017.05.18,00:00,5287.6,5322.8,5237.9,5305.5,35596
2017.05.19,00:00,5305.4,5335.3,5291.2,5330.8,20803
2017.05.21,00:00,5328.7,5333.6,5328.7,5331.8,172
2017.05.22,00:00,5331.7,5341.2,5315.4,5322.3,17259
2017.05.23,00:00,5322.2,5370,5310.8,5346.1,20652
2017.05.24,00:00,5346,5352.3,5324.8,5344.7,15361
2017.05.25,00:00,5344.8,5374.5,5320,5329.3,19245
2017.05.26,00:00,5329.2,5337.1,5281.6,5336.4,18842
2017.05.28,00:00,5334.9,5341.6,5334.9,5341,237
2017.05.29,00:00,5341.1,5342,5312.9,5316.2,6244
2017.05.30,00:00,5316.1,5316.8,5270.2,5292.7,18238
2017.05.31,00:00,5292.8,5335.3,5278.3,5286.1,23986
2017.06.01,00:00,5286.4,5345.8,5282.6,5342.1,20489
2017.06.02,00:00,5342,5372.9,5326.4,5345.2,25162
2017.06.04,00:00,5342.5,5342.9,5341.3,5342.4,54
2017.06.05,00:00,5342.3,5342.4,5300,5306.2,7067
2017.06.06,00:00,5306.3,5306.8,5255.4,5268.4,20613
2017.06.07,00:00,5268.3,5321.1,5250.8,5273.1,21462
2017.06.08,00:00,5273.4,5291.2,5250.2,5268.4,26155
2017.06.09,00:00,5268.3,5323.2,5258,5279.9,33037
2017.06.11,00:00,5294.8,5299.6,5281.4,5289.4,292
2017.06.12,00:00,5289.7,5307.6,5223.7,5234.1,28475
2017.06.13,00:00,5234,5286.7,5232.4,5282.2,17811
2017.06.14,00:00,5282.1,5315.3,5233.3,5240.5,26205
2017.06.15,00:00,5240.3,5248.8,5174,5218.1,31496
2017.06.16,00:00,5218,5276.3,5217.2,5275.8,23059
2017.06.18,00:00,5275.7,5275.7,5266.4,5268.2,164
2017.06.19,00:00,5268.3,5330.8,5267.6,5318.7,18902
2017.06.20,00:00,5318.6,5339.3,5270.8,5280.4,19336
2017.06.21,00:00,5280.5,5286.9,5220.6,5253.6,27483
2017.06.22,00:00,5253.5,5286.7,5232.2,5268.4,19774
2017.06.23,00:00,5268.5,5286.2,5245.8,5258.5,20321
2017.06.25,00:00,5259.4,5259.4,5253.4,5256.9,137
2017.06.26,00:00,5256.8,5323.2,5256.4,5295.8,19224
2017.06.27,00:00,5295.9,5297.6,5226.5,5232.2,29173
2017.06.28,00:00,5232.1,5274.9,5202.8,5271.3,31281
2017.06.29,00:00,5271.4,5280.4,5120.2,5143.1,37957
2017.06.30,00:00,5143.4,5193.2,5110.2,5151.1,32749
2017.07.02,00:00,5156,5157.2,5151.8,5157.1,180
2017.07.03,00:00,5156.8,5200.5,5146.7,5175.1,18050
2017.07.04,00:00,5175,5197.8,5161.9,5171.6,13488
2017.07.05,00:00,5171.7,5192.6,5158.4,5189.6,26800
2017.07.06,00:00,5189.5,5189.5,5110.9,5144.5,30907
2017.07.07,00:00,5144.8,5160.3,5125.5,5153.7,23149
2017.07.09,00:00,5154.6,5155.8,5154,5154,82
2017.07.10,00:00,5153.9,5179.3,5147,5166.8,17433
2017.07.11,00:00,5166.3,5186.8,5134.5,5164.3,19195
2017.07.12,00:00,5164.4,5240,5154,5224.1,20702
2017.07.13,00:00,5223.8,5260.4,5221,5242.2,17397
2017.07.14,00:00,5242.7,5248.6,5214.4,5241.8,15305
2017.07.16,00:00,5243.6,5248.8,5243.6,5245.1,70
2017.07.17,00:00,5245,5249.4,5213.1,5231.2,16589
2017.07.18,00:00,5231.3,5234.8,5163.6,5186.6,24338
2017.07.19,00:00,5186.3,5229.9,5173.3,5219.9,18817
2017.07.20,00:00,5220,5251.5,5175.8,5196,23127
2017.07.21,00:00,5196.3,5208.5,5093.2,5139.5,25595
2017.07.23,00:00,5137.5,5140.4,5137.5,5138.7,39
2017.07.24,00:00,5138.8,5144.6,5093.1,5136.7,21127
2017.07.25,00:00,5136.6,5194,5127.8,5163.9,21371
2017.07.26,00:00,5163.4,5209,5153.5,5179,20632
2017.07.27,00:00,5179.1,5218,5148.7,5161.9,29676
2017.07.28,00:00,5162,5162.3,5103.2,5130.3,25170
2017.07.30,00:00,5125.1,5128.1,5124.5,5127.1,95
2017.07.31,00:00,5127.2,5148.2,5078.4,5080.9,20907
2017.08.01,00:00,5081,5149.8,5080.9,5130.6,19028
2017.08.02,00:00,5130.5,5137.8,5093.7,5112.2,23103
2017.08.03,00:00,5111.9,5143.4,5083.2,5126.1,21403
2017.08.04,00:00,5126,5217.3,5116.4,5198.5,21493
2017.08.06,00:00,5200,5205.6,5200,5203.9,131
2017.08.07,00:00,5204,5221.6,5194.6,5199.6,13542
2017.08.08,00:00,5199.7,5232.6,5179.4,5183,19140
2017.08.09,00:00,5182.9,5185,5120.6,5151.2,31054
2017.08.10,00:00,5151.3,5153.6,5077.3,5084.7,36019
2017.08.11,00:00,5084.8,5093.6,5045.6,5057.7,33641
2017.08.13,00:00,5066.5,5067.1,5061.6,5064.1,194
2017.08.14,00:00,5064.2,5136.6,5064.1,5124.9,20867
2017.08.15,00:00,5124.8,5159.6,5122.6,5140.7,20755
2017.08.16,00:00,5140.6,5200.3,5136.7,5152.3,22251
2017.08.17,00:00,5152.4,5181.1,5092.7,5107,33576
2017.08.18,00:00,5107.1,5127.9,5075.2,5104.5,35861
2017.08.20,00:00,5118,5122.7,5114.4,5115.8,208
2017.08.21,00:00,5115.9,5117.1,5065.2,5085.8,27976
2017.08.22,00:00,5085.7,5144.6,5084.6,5141,20814
2017.08.23,00:00,5141.2,5149.3,5101.6,5107.7,25859
2017.08.24,00:00,5107.6,5136.5,5103.6,5117.5,25083
2017.08.25,00:00,5117.4,5141.2,5096.9,5098.3,26286
2017.08.27,00:00,5086.6,5100.8,5085.8,5098.1,200
2017.08.28,00:00,5098,5106.4,5023,5053,16684
2017.08.29,00:00,5052.9,5057.8,4993,5046.5,36291
2017.08.30,00:00,5046.6,5074.7,5045.2,5068.6,19976
2017.08.31,00:00,5068.8,5104.5,5068.2,5093.4,21352
2017.09.01,00:00,5093,5138.6,5089.7,5124,21573
2017.09.03,00:00,5091.4,5113,5085.5,5103.5,726
2017.09.04,00:00,5103.6,5115,5081.6,5109.9,14285
2017.09.05,00:00,5110.2,5126.1,5047.6,5057.4,32912
2017.09.06,00:00,5057.6,5133.2,5048.6,5114.9,31075
2017.09.07,00:00,5116.2,5149.2,5102.7,5121.6,35423
2017.09.08,00:00,5121.5,5121.5,5085.9,5111.8,25325
2017.09.10,00:00,5133,5133.6,5122.9,5126.2,371
2017.09.11,00:00,5126.3,5189.3,5122.9,5179.3,20082
2017.09.12,00:00,5180.5,5219.2,5179.2,5208.9,20530
2017.09.13,00:00,5208.8,5226.4,5196.7,5207.7,17575
2017.09.14,00:00,5207.6,5233.1,5200.7,5214.6,19770
2017.09.15,00:00,5214.5,5236.6,5200.5,5224.3,22423
2017.09.17,00:00,5221.4,5226,5221.4,5223.9,104
2017.09.18,00:00,5224,5243.5,5221.1,5227.2,16718
2017.09.19,00:00,5227.1,5238.1,5218.6,5226.2,16116
2017.09.20,00:00,5226.1,5273.5,5225.5,5266.5,19783
2017.09.21,00:00,5266.6,5280.2,5256.2,5274.9,19229
2017.09.22,00:00,5275,5296.2,5256.1,5278.3,21016
2017.09.24,00:00,5268.7,5278.7,5268.1,5277.5,250
2017.09.25,00:00,5277.4,5287.4,5256.9,5272.3,25208
2017.09.26,00:00,5272.4,5274.3,5254.4,5267.3,20433
2017.09.27,00:00,5267.4,5299,5264.7,5282.4,23242
2017.09.28,00:00,5282.3,5297.7,5277.5,5286.7,18934
2017.09.29,00:00,5286.6,5329.9,5283.7,5327.2,18745
2017.10.01,00:00,5325.7,5350,5324.2,5344.3,553
2017.10.02,00:00,5344.2,5357.7,5325.8,5352.2,17959
2017.10.03,00:00,5352.4,5379.1,5349.4,5373.9,7787
2017.10.04,00:00,5374,5381.7,5344.1,5356.7,15023
2017.10.05,00:00,5356.6,5385.8,5353.9,5381.4,14510
2017.10.06,00:00,5381.3,5384.1,5349.9,5364.3,14459
2017.10.08,00:00,5366.9,5368.9,5366.2,5366.9,144
2017.10.09,00:00,5367,5378.9,5350.7,5354.8,11349
2017.10.10,00:00,5354.5,5374.7,5350,5372.3,17893
2017.10.11,00:00,5372.4,5376.1,5337.5,5360.5,13278
2017.10.12,00:00,5360.1,5367,5341.5,5358.3,11087
2017.10.13,00:00,5358.4,5371.5,5343.7,5359.9,13329
2017.10.15,00:00,5360.5,5365.5,5360.5,5364.7,238
2017.10.16,00:00,5364.4,5371.2,5345.9,5364.7,12705
2017.10.17,00:00,5365.2,5376.3,5346.8,5361,10378
2017.10.18,00:00,5360.9,5394,5358.8,5381.4,10479
2017.10.19,00:00,5381.5,5382.1,5343.2,5371.4,19848
2017.10.20,00:00,5371.6,5402.4,5367,5375.2,16076
2017.10.22,00:00,5377.6,5382.3,5366.6,5370.8,296
2017.10.23,00:00,5370.6,5409.9,5357.7,5374.2,13628
2017.10.24,00:00,5374.3,5413.4,5372.4,5392.4,15491
2017.10.25,00:00,5392.2,5416,5353.8,5380.6,23508
2017.10.26,00:00,5380.5,5473.7,5374.8,5470.2,24382
2017.10.27,00:00,5470.1,5512.8,5459.6,5491.1,22975
2017.10.29,00:00,5489,5495.8,5486.5,5487.7,368
2017.10.30,00:00,5487.6,5507.5,5483.3,5483.8,16719
2017.10.31,00:00,5483.9,5511.7,5483.2,5510,10184
2017.11.01,00:00,5509.5,5536.4,5508.9,5514.6,20833
2017.11.02,00:00,5514.7,5520.5,5484.9,5518.8,20968
2017.11.03,00:00,5518.9,5521.8,5497.1,5511.3,14894
2017.11.05,00:00,5510.3,5519.8,5510.3,5516.6,141
2017.11.06,00:00,5516.5,5520.4,5492.1,5511.1,11789
2017.11.07,00:00,5510.6,5524.8,5460.4,5463.1,17618
2017.11.08,00:00,5463.2,5496.4,5451.3,5466.7,17384
2017.11.09,00:00,5466.6,5479.6,5370.5,5399.9,34894
2017.11.10,00:00,5399.6,5415.7,5373.3,5376.4,23360
2017.11.12,00:00,5380.8,5389.5,5380.6,5388.8,237
2017.11.13,00:00,5388.9,5391.1,5300.4,5340.1,20689
2017.11.14,00:00,5340.2,5365.6,5301,5311.3,24095
2017.11.15,00:00,5311.4,5312.5,5265.2,5298.1,31494
2017.11.16,00:00,5297.6,5350.7,5296.7,5343.1,18440
2017.11.17,00:00,5342.9,5349.8,5303.6,5307.6,21959
2017.11.19,00:00,5312,5313.2,5299.7,5308.2,476
2017.11.20,00:00,5308.3,5348.3,5276.7,5337,24647
2017.11.21,00:00,5336.8,5386.8,5325.8,5364.9,20246
2017.11.22,00:00,5364.8,5390.3,5340.7,5344,19256
2017.11.23,00:00,5343.9,5391.6,5329.2,5372.4,16192
2017.11.24,00:00,5372.8,5420.8,5371.8,5385.7,17720
2017.11.26,00:00,5389.7,5391.5,5388.8,5390.1,189
2017.11.27,00:00,5389.8,5408.7,5357,5362.1,23281
2017.11.28,00:00,5362.2,5420.3,5354.5,5411.9,26966
2017.11.29,00:00,5411.8,5441.6,5387.8,5393.2,30626
2017.11.30,00:00,5393.3,5429.9,5359.2,5367.4,34076
2017.12.01,00:00,5367.5,5379.8,5296.7,5340.6,57347
2017.12.03,00:00,5383,5385.7,5362.2,5372.2,1235
2017.12.04,00:00,5372.3,5401.1,5349,5367.9,39109
2017.12.05,00:00,5367.8,5396.9,5346.8,5360.6,35863
2017.12.06,00:00,5360.7,5385.9,5314.8,5371.6,36842
2017.12.07,00:00,5371.7,5399.1,5364.4,5398.5,28395
2017.12.08,00:00,5398.4,5425.4,5391.3,5406.8,22556
2017.12.10,00:00,5411.4,5413.8,5404,5407.8,319
2017.12.11,00:00,5407.7,5417.5,5380.9,5405.5,17055
2017.12.12,00:00,5405.6,5426.4,5357.9,5412.8,22673
2017.12.13,00:00,5412.7,5428.7,5380.8,5388.8,21164
2017.12.14,00:00,5388.7,5400.6,5328.4,5336.9,24768
2017.12.15,00:00,5336.8,5370.4,5329.5,5369.8,24415
2017.12.17,00:00,5376.7,5381.3,5374.9,5380.4,373
2017.12.18,00:00,5380.5,5428,5373.4,5413.3,20589
2017.12.19,00:00,5414.5,5422.8,5373.5,5384.4,21550
2017.12.20,00:00,5384.5,5395.7,5336.5,5344.3,25581
2017.12.21,00:00,5344.6,5390.3,5321,5368,19049
2017.12.22,00:00,5368.1,5386.3,5354,5365.3,14178
2017.12.25,00:00,5366.5,5370,5365.9,5367.9,290
2017.12.26,00:00,5367.7,5373.4,5359.4,5372.8,3491
2017.12.27,00:00,5372.7,5388.6,5350.7,5364.6,16574
2017.12.28,00:00,5364.7,5370.4,5329.9,5336.9,13150
2017.12.29,00:00,5337,5345.4,5285.8,5287.7,15807
2018.01.01,00:00,5311.8,5313,5302.9,5306.3,252
2018.01.02,00:00,5306.4,5328.4,5255.9,5287.5,20683
2018.01.03,00:00,5287.2,5348.9,5287,5342.1,19691
2018.01.04,00:00,5342.2,5430.4,5338,5411.2,19940
2018.01.05,00:00,5410.9,5476.2,5407.2,5471.6,19955
2018.01.07,00:00,5476,5488.7,5476,5482.5,365
2018.01.08,00:00,5482.4,5499.1,5474.9,5491.7,18246
2018.01.09,00:00,5491.6,5534.7,5478.6,5527.8,17228
2018.01.10,00:00,5526.8,5530,5485.5,5498.8,26948
2018.01.11,00:00,5498.9,5516.8,5477.7,5505.8,24253
2018.01.12,00:00,5505.5,5520.5,5485.5,5514.3,23447
2018.01.14,00:00,5524.9,5526.5,5518.6,5526.1,297
2018.01.15,00:00,5526.2,5530.2,5500.1,5504.5,12986
2018.01.16,00:00,5504.6,5536,5473.2,5483.8,30156
2018.01.17,00:00,5483.9,5520.2,5483.6,5518.2,28218
2018.01.18,00:00,5518.1,5521.6,5473.6,5492.2,27474
2018.01.19,00:00,5491.7,5542.9,5477.1,5536.3,25473
2018.01.21,00:00,5541.2,5541.7,5528.4,5531.6,521
2018.01.22,00:00,5531.8,5559.3,5510.9,5552.7,21476
2018.01.23,00:00,5552.6,5577.9,5520.9,5534.7,25573
2018.01.24,00:00,5535,5541.5,5477.9,5487.6,31511
2018.01.25,00:00,5487.5,5525.7,5452.8,5497.5,35241
2018.01.26,00:00,5497.6,5556,5490,5552.3,24607
2018.01.28,00:00,5551,5558.5,5551,5556.9,342
2018.01.29,00:00,5556.8,5559.1,5513.4,5524.4,25234
2018.01.30,00:00,5524.3,5526.5,5463.6,5472.7,42084
2018.01.31,00:00,5472.8,5497.3,5470.7,5489.9,34048
2018.02.01,00:00,5489.8,5529.3,5430.7,5466,45226
2018.02.02,00:00,5465.7,5468.4,5318,5325.7,59426
2018.02.04,00:00,5288.6,5294.8,5258,5279.8,3121
2018.02.05,00:00,5279.7,5338.2,5033.1,5086.2,59635
2018.02.06,00:00,5086.4,5287.4,4895.4,5264.2,163122
2018.02.07,00:00,5264.1,5280.7,5166.1,5169.5,83596
2018.02.08,00:00,5169.7,5248.8,5100.6,5119.7,92593
2018.02.09,00:00,5119.9,5160.9,4973.2,5106.9,108706
2018.02.11,00:00,5122.9,5133.9,5113.1,5133.3,2338
2018.02.12,00:00,5133.4,5177.7,5111,5163.5,71065
2018.02.13,00:00,5163.6,5176.9,5105.4,5134.7,54425
2018.02.14,00:00,5134.8,5203.6,5079.9,5184.3,56108
2018.02.15,00:00,5184.2,5255.3,5180.3,5235.5,50348
2018.02.16,00:00,5235.1,5297.5,5226.3,5276.6,43094
2018.02.18,00:00,5287.1,5295.6,5286.6,5294.6,1003
2018.02.19,00:00,5294.5,5307.3,5246.8,5257.8,18928
2018.02.20,00:00,5258,5292.3,5233.1,5266.6,42421
2018.02.21,00:00,5266.5,5319.1,5248.7,5252.8,44166
2018.02.22,00:00,5252.4,5322.3,5237.2,5305.3,51113
2018.02.23,00:00,5305.7,5341.8,5291.5,5335,36418
2018.02.25,00:00,5347.7,5351,5341.6,5342.3,660
2018.02.26,00:00,5342.4,5378.1,5323.9,5374,26479
2018.02.27,00:00,5373.9,5376.7,5310.5,5332.2,47194
2018.02.28,00:00,5332.4,5357.4,5287,5299.4,45274
2018.03.01,00:00,5299.3,5316.9,5193,5229.2,80467
2018.03.02,00:00,5229.3,5237.8,5120.3,5176.3,62291
2018.03.04,00:00,5160,5166.2,5142.8,5156.5,1643
2018.03.05,00:00,5156.6,5195.4,5101.6,5188.4,55836
2018.03.06,00:00,5188.5,5216.2,5114.7,5124.8,47977
2018.03.07,00:00,5124.7,5204.8,5106.8,5195.4,57040
2018.03.08,00:00,5195.6,5264.2,5185.8,5248.9,39904
2018.03.09,00:00,5248.5,5292.8,5239.9,5275.9,34297
2018.03.11,00:00,5279.4,5294.1,5279.4,5288.3,1069
2018.03.12,00:00,5288.4,5306.4,5256.9,5264.9,28598
2018.03.13,00:00,5265,5312,5203.6,5218.7,39030
2018.03.14,00:00,5218.6,5273.5,5209,5245,43097
2018.03.15,00:00,5244.9,5274.8,5224.4,5272,37004
2018.03.16,00:00,5272.1,5299.5,5250.8,5269.4,31145
2018.03.18,00:00,5265.7,5267.9,5260.2,5264.8,1327
2018.03.19,00:00,5260.5,5267.6,5193.6,5219.4,42345
2018.03.20,00:00,5219.5,5259.8,5207.7,5253.2,35936
2018.03.21,00:00,5253.3,5264.8,5208.5,5222.9,37814
2018.03.22,00:00,5222.5,5237,5062.8,5071,63326
2018.03.23,00:00,5071.1,5129.3,5040.9,5049.7,75182
2018.03.25,00:00,5044.1,5069.5,5039,5046.4,2321
2018.03.26,00:00,5046.5,5126.9,5041.4,5109.9,56761
2018.03.27,00:00,5110,5149.1,5037.3,5058.5,62113
2018.03.28,00:00,5058.8,5158.3,5036.9,5147.1,89542
2018.03.29,00:00,5147.2,5196.4,5122.2,5171.9,52420
2018.04.01,00:00,5172.6,5186.5,5168.1,5178.1,1109
2018.04.02,00:00,5178.2,5186.4,5062.5,5110.4,53757
2018.04.03,00:00,5110.8,5176.2,5101.5,5166.6,55355
2018.04.04,00:00,5166.7,5202.8,5093.6,5202.8,62469
2018.04.05,00:00,5202.7,5282.3,5184.2,5212.4,41940
2018.04.06,00:00,5212.3,5282.7,5189,5223.3,70151
2018.04.08,00:00,5226.6,5226.7,5226.4,5226.5,16
2018.04.09,00:00,5234,5290.8,5231,5256.9,44214
2018.04.10,00:00,5256.8,5323.3,5250.4,5298.8,59769
2018.04.11,00:00,5299.1,5303.3,5263.4,5276.4,42409
2018.04.12,00:00,5276.6,5312.6,5265.7,5297,37769
2018.04.13,00:00,5296.9,5339.1,5292.2,5314.9,34722
2018.04.15,00:00,5345.2,5355.7,5341.5,5348.9,1308
2018.04.16,00:00,5349,5350.3,5297.9,5317.2,31139
2018.04.17,00:00,5317.1,5370.7,5314.5,5355.2,27492
2018.04.18,00:00,5355.1,5386.2,5354.8,5383.6,25794
2018.04.19,00:00,5383.7,5397.2,5374.7,5388.6,27830
2018.04.20,00:00,5388.3,5426.4,5379.9,5406.8,33881
2018.04.22,00:00,5429.7,5432.3,5421.7,5423.8,850
2018.04.23,00:00,5423.5,5441.6,5391.1,5433,29745
2018.04.24,00:00,5433.3,5446.8,5383.8,5407.8,38555
2018.04.25,00:00,5408,5443.4,5387.3,5437.6,47831
2018.04.26,00:00,5437.3,5482.4,5405.6,5473.3,36398
2018.04.27,00:00,5473.4,5485.9,5453.3,5481,31405
2018.04.29,00:00,5485.6,5493.3,5484.4,5486.6,458
2018.04.30,00:00,5486.4,5521.5,5473.4,5482.7,28118
2018.05.01,00:00,5482.6,5513.4,5462.4,5508.6,21637
2018.05.02,00:00,5508.7,5537.9,5487.2,5506.6,34501
2018.05.03,00:00,5506.5,5524.2,5488.3,5519.7,38139
2018.05.04,00:00,5520.1,5526.6,5485.4,5523.7,30417
2018.05.06,00:00,5526.7,5532.7,5526.7,5529.2,484
2018.05.07,00:00,5529.5,5542.6,5502.9,5518.5,20355
2018.05.08,00:00,5518.9,5531.6,5494.7,5527,26974
2018.05.09,00:00,5527.1,5546,5510.8,5538.9,22461
2018.05.10,00:00,5538.6,5552.4,5521.8,5527.4,21131
2018.05.11,00:00,5527.5,5545,5520.4,5534,20314
2018.05.13,00:00,5543.7,5547.3,5541.6,5542.2,372
2018.05.14,00:00,5541.9,5551.8,5522.9,5533,18243
2018.05.15,00:00,5533.3,5563.7,5521.1,5544.3,25097
2018.05.16,00:00,5544.4,5581.6,5539.2,5580.5,21811
2018.05.17,00:00,5580.4,5622.9,5567.3,5610.8,21413
2018.05.18,00:00,5610.7,5641.5,5602.8,5606.7,23189
2018.05.20,00:00,5639.9,5642.8,5631.7,5632.1,789
2018.05.21,00:00,5632.2,5657.1,5624.8,5629.6,13987
2018.05.22,00:00,5629.5,5653.1,5620,5637.1,21188
2018.05.23,00:00,5636.7,5637.6,5542.2,5575,32669
2018.05.24,00:00,5574.9,5598,5521.7,5568.9,32627
2018.05.25,00:00,5569.3,5590.7,5518.3,5528.2,32816
2018.05.27,00:00,5544.4,5544.7,5537.5,5537.5,624
2018.05.28,00:00,5537.8,5576.8,5490.3,5502.1,20732
2018.05.29,00:00,5502,5509.5,5362.8,5397.6,67681
2018.05.30,00:00,5397.7,5454.7,5384,5426.6,49380
2018.05.31,00:00,5426.9,5453.1,5380.4,5419.4,45035
2018.06.01,00:00,5419.3,5483.3,5413.8,5480.6,33825
2018.06.03,00:00,5475.4,5477.2,5468.2,5468.7,407
2018.06.04,00:00,5469.1,5502.2,5459.2,5460.5,25545
2018.06.05,00:00,5460.4,5512.2,5450.3,5457.6,24603
2018.06.06,00:00,5457.5,5487.2,5419.5,5477,28010
2018.06.07,00:00,5476.9,5501.5,5406.9,5420,30957
2018.06.08,00:00,5420.3,5460,5404.4,5451.7,35439
2018.06.10,00:00,5437.2,5438.6,5431.7,5433.6,468
2018.06.11,00:00,5433.5,5496.5,5429.7,5489.8,27235
2018.06.12,00:00,5489.9,5499,5438.8,5447.5,26587
2018.06.13,00:00,5447.8,5474.1,5437.8,5443.7,23855
2018.06.14,00:00,5443.8,5554.1,5406.9,5527.1,25376
2018.06.15,00:00,5527.2,5560.7,5495.7,5518.1,31454
2018.06.17,00:00,5520.6,5524.1,5519.6,5522.6,267
2018.06.18,00:00,5522.5,5524.5,5416.4,5453.9,25808
2018.06.19,00:00,5454.3,5454.8,5364.4,5411.9,39718
2018.06.20,00:00,5412.2,5434.4,5367.9,5375.7,27746
2018.06.21,00:00,5375.8,5400.9,5300,5309.5,39284
2018.06.22,00:00,5309.6,5392.3,5307.2,5364.6,26675
2018.06.24,00:00,5366.3,5370.3,5361.2,5368.8,456
2018.06.25,00:00,5368.9,5369.6,5271.9,5294.4,39636
2018.06.26,00:00,5294.5,5315.6,5277.8,5302.1,32086
2018.06.27,00:00,5302.4,5371.3,5245.6,5303.4,44862
2018.06.28,00:00,5303.7,5341,5249.7,5292,47762
2018.06.29,00:00,5291.9,5358,5289,5298.4,40556
2018.07.01,00:00,5302.8,5306.4,5280.3,5301.1,1235
2018.07.02,00:00,5300.6,5312.3,5241,5293,39353
2018.07.03,00:00,5293.1,5335.5,5282.2,5297.3,33008
2018.07.04,00:00,5297.2,5332.7,5295.1,5320.4,18169
2018.07.05,00:00,5320.3,5392.9,5307.3,5369.6,36650
2018.07.06,00:00,5369.5,5401.2,5343.8,5380.6,32830
2018.07.08,00:00,5384.7,5387.2,5382.3,5386,280
2018.07.09,00:00,5386.2,5418.6,5384,5414.1,23517
2018.07.10,00:00,5414,5437,5394.1,5401.4,26746
2018.07.11,00:00,5401.6,5410.9,5340.3,5352.2,35808
2018.07.12,00:00,5352.3,5415.5,5349.1,5411.5,26616
2018.07.13,00:00,5411.7,5440,5411.7,5436.4,22884
2018.07.15,00:00,5441.9,5450.5,5441.5,5449.9,507
2018.07.16,00:00,5450,5450.9,5403.8,5408,22359
2018.07.17,00:00,5407.9,5445.7,5382,5440.4,24386
2018.07.18,00:00,5440.9,5460.2,5433.6,5440.4,20122
2018.07.19,00:00,5440.7,5444.8,5408.1,5415.7,24907
2018.07.20,00:00,5415.8,5426.4,5340.1,5391.9,38574
2018.07.22,00:00,5395,5398.3,5393.1,5395.7,383
2018.07.23,00:00,5395.2,5396.6,5357.8,5391.5,28641
2018.07.24,00:00,5391.7,5453.1,5388.8,5426.8,30336
2018.07.25,00:00,5426.9,5479.3,5413.1,5456.8,32510
2018.07.26,00:00,5456.6,5483.2,5434.1,5472.1,33335
2018.07.27,00:00,5472.3,5514.5,5472.1,5483.8,29812
2018.07.29,00:00,5478,5482.4,5477.4,5479.4,439
2018.07.30,00:00,5479.3,5508.3,5464.5,5479.7,24599
2018.07.31,00:00,5479.6,5529.7,5471.9,5497.2,31128
2018.08.01,00:00,5496.9,5531.7,5479,5490.8,30457
2018.08.02,00:00,5490.9,5492.3,5445.1,5485.6,33268
2018.08.03,00:00,5485.7,5497.8,5457.8,5493.6,26520
2018.08.05,00:00,5495.5,5495.5,5491.6,5493.8,172
2018.08.06,00:00,5493.7,5501.9,5454.7,5477.3,25979
2018.08.07,00:00,5477,5540,5476.9,5518.5,18223
2018.08.08,00:00,5518.3,5530.3,5484,5489.7,21539
2018.08.09,00:00,5489.6,5503.6,5467.3,5490.2,21737
2018.08.10,00:00,5490.3,5495.2,5389.5,5411.4,34620
2018.08.12,00:00,5393.8,5394.9,5382.8,5393.5,541
2018.08.13,00:00,5393.4,5429.4,5364.5,5417.6,33071
2018.08.14,00:00,5417.5,5448,5391.7,5421.6,27807
2018.08.15,00:00,5421.7,5425.7,5280.8,5308.2,40405
2018.08.16,00:00,5308.3,5366.9,5293.1,5344.8,29414
2018.08.17,00:00,5344.7,5366.2,5312.2,5357.9,29500
2018.08.19,00:00,5357.4,5364.1,5357.4,5363.6,271
2018.08.20,00:00,5363.7,5397.4,5347.9,5371.4,23073
2018.08.21,00:00,5371.5,5427.1,5363.4,5383.6,22970
2018.08.22,00:00,5383.7,5431.2,5380.7,5423.5,21926
2018.08.23,00:00,5423.4,5437.2,5409.4,5416,19980
2018.08.24,00:00,5415.9,5450.3,5413.9,5438.5,19649
2018.08.26,00:00,5442.9,5447.7,5442.4,5446.6,201
2018.08.27,00:00,5446.7,5490.8,5446.1,5489.5,15023
2018.08.28,00:00,5489.6,5506.4,5476.2,5496,17915
2018.08.29,00:00,5495.9,5511.6,5474.9,5510,19546
2018.08.30,00:00,5510.1,5510.4,5452.9,5457,26494
2018.08.31,00:00,5457.1,5474.6,5385.8,5416.8,28303
2018.09.02,00:00,5413.2,5414.7,5409.8,5413.2,95
2018.09.03,00:00,5413.1,5417.7,5385.8,5409.5,16936
2018.09.04,00:00,5409.4,5429.4,5321.7,5345.3,32528
2018.09.05,00:00,5345.2,5350.9,5256.4,5262.9,35541
2018.09.06,00:00,5263,5292.4,5238.6,5259.5,33289
2018.09.07,00:00,5259.6,5266.6,5224.9,5242.3,37448
2018.09.09,00:00,5244.2,5250.3,5244.2,5246.4,216
2018.09.10,00:00,5246.3,5291.8,5238.6,5279.9,25022
2018.09.11,00:00,5279.8,5302,5239.2,5300.5,25243
2018.09.12,00:00,5300.6,5339.1,5287.7,5312.3,31766
2018.09.13,00:00,5312.2,5366,5309.7,5341.5,28667
2018.09.14,00:00,5341.4,5362.5,5333.5,5351.7,25143
2018.09.16,00:00,5344.2,5344.6,5335.2,5339.5,317
2018.09.17,00:00,5339.1,5358.2,5300.9,5301.9,25140
2018.09.18,00:00,5301.8,5390.3,5301.4,5373.7,29201
2018.09.19,00:00,5373.6,5406.3,5358.7,5404.8,18741
2018.09.20,00:00,5404.9,5462.7,5392,5459.3,20647
2018.09.21,00:00,5459.2,5498.6,5458,5481,23018
2018.09.23,00:00,5472.3,5476.3,5468.9,5475.5,198
2018.09.24,00:00,5477.8,5489.5,5461.4,5463,19657
2018.09.25,00:00,5462.9,5497.4,5458.5,5472.5,17703
2018.09.26,00:00,5472.6,5520.1,5471.3,5506,18439
2018.09.27,00:00,5506.3,5546.9,5485.3,5524.4,23634
2018.09.28,00:00,5524.5,5535.6,5457.4,5489.9,32399
2018.09.30,00:00,5498.8,5498.8,5491,5494.5,296
2018.10.01,00:00,5494.6,5520.1,5487.8,5491.4,20808
2018.10.02,00:00,5491.3,5492.8,5439.7,5466,23298
2018.10.03,00:00,5465.9,5511,5458.7,5480.3,18203
2018.10.04,00:00,5480.2,5481.3,5387.9,5405.6,33572
2018.10.05,00:00,5405.7,5418.1,5330.6,5356.7,36630
2018.10.07,00:00,5358.4,5360.8,5350.7,5354.7,630
2018.10.08,00:00,5354.8,5358.8,5283.7,5321,39610
2018.10.09,00:00,5321.1,5333.6,5259.6,5325.4,36529
2018.10.10,00:00,5325.5,5328.9,5119.7,5138.2,52700
2018.10.11,00:00,5138.3,5174.8,5055.9,5140.7,86461
2018.10.12,00:00,5140.8,5174.8,5059.7,5121.6,58496
2018.10.14,00:00,5110.2,5110.7,5088.6,5100.2,1609
2018.10.15,00:00,5100.1,5107,5057,5085.4,55113
2018.10.16,00:00,5085.2,5188.3,5081.3,5181.2,36326
2018.10.17,00:00,5181.6,5205.5,5115.9,5152.2,38760
2018.10.18,00:00,5152.1,5175.8,5075.3,5097,50747
2018.10.19,00:00,5097.3,5138,5056.7,5081.5,51933
2018.10.21,00:00,5066.6,5071.8,5053.6,5062.8,1474
2018.10.22,00:00,5062.7,5136.3,5047,5062.6,49713
2018.10.23,00:00,5062.7,5064.2,4954.8,5027.3,65782
2018.10.24,00:00,5027.4,5044.4,4904.6,4934.1,64401
2018.10.25,00:00,4934.5,5049.2,4901.5,4980.8,74669
2018.10.26,00:00,4980.4,5004.1,4895.6,4976.8,87419
2018.10.28,00:00,4986.1,5015.3,4982.8,4999.1,2503
2018.10.29,00:00,4999,5030.6,4915.7,4964.1,63629
2018.10.30,00:00,4964.2,5022.4,4927.4,5011.4,76913
2018.10.31,00:00,5011.3,5106.5,5001.4,5084.3,51541
2018.11.01,00:00,5083.9,5120,5060.2,5089.8,54945
2018.11.02,00:00,5089.9,5162,5082.8,5113.5,63908
