2015.08.13,00:00,6584.9,6635.7,6551,6558.8,30843
2015.08.14,00:00,6558.4,6602.5,6542.4,6589.3,26281
2015.08.16,00:00,6589.4,6592.2,6584.7,6588.6,274
2015.08.17,00:00,6587.9,6599.6,6506.6,6565,25914
2015.08.18,00:00,6565.7,6577,6503.7,6520.9,26295
2015.08.19,00:00,6521.2,6530.8,6383.4,6392.6,33837
2015.08.20,00:00,6393,6408.4,6289.6,6300.1,41791
2015.08.21,00:00,6300.8,6343.9,6122.4,6134.3,58327
2015.08.23,00:00,6124.1,6124.1,6092.2,6111.2,3568
2015.08.24,00:00,6110.5,6123.1,5767.9,5861.1,118109
2015.08.25,00:00,5860.4,6117.1,5849.2,5941.8,103772
2015.08.26,00:00,5941.1,6096.4,5893.5,6077.8,98956
2015.08.27,00:00,6078.6,6231.7,6069.5,6200.2,68596
2015.08.28,00:00,6200.6,6258.8,6149.8,6230.6,59893
2015.08.30,00:00,6220.2,6222.6,6149.2,6162.3,5962
2015.08.31,00:00,6162.7,6238.9,6157.8,6197.3,42675
2015.09.01,00:00,6197.6,6244.5,5979,6010.4,80900
2015.09.02,00:00,6010.8,6165.2,6001.4,6149.4,73285
2015.09.03,00:00,6148.2,6216.7,6116.9,6158.4,55548
2015.09.04,00:00,6159.2,6159.9,6010.9,6042.7,59643
2015.09.06,00:00,6045.5,6066.2,6043.9,6057.4,1424
2015.09.07,00:00,6057.8,6127.2,6037.5,6074.9,32912
2015.09.08,00:00,6075.3,6197.7,6068,6164.8,43905
2015.09.09,00:00,6165.6,6297.7,6135.3,6144.1,51596
2015.09.10,00:00,6145.2,6218.6,6125.6,6174.9,55534
2015.09.11,00:00,6174.1,6193.7,6112.3,6161.2,40255
2015.09.13,00:00,6162.2,6169.7,6158.3,6168.9,702
2015.09.14,00:00,6169.7,6198.9,6063.2,6101.2,39701
2015.09.15,00:00,6100.8,6180.1,6017.4,6172.8,38537
2015.09.16,00:00,6173.2,6267.4,6147.3,6261.5,35560
2015.09.17,00:00,6261.1,6262.7,6146.2,6176.5,38436
2015.09.18,00:00,6175.8,6187.2,6062.7,6092.3,52388
2015.09.20,00:00,6105.1,6105.1,6086,6091.7,936
2015.09.21,00:00,6092.1,6170.2,6066.9,6116.3,43671
2015.09.22,00:00,6117.1,6125.4,5926.7,5940.3,49044
2015.09.23,00:00,5941.1,6068.4,5875.9,6033.7,45800
2015.09.24,00:00,6032.9,6055.7,5945.2,6023,56475
2015.09.25,00:00,6023.8,6132.4,6004.2,6060.2,55054
2015.09.27,00:00,6054.3,6070.7,6037.7,6054.2,1212
2015.09.28,00:00,6053.5,6100.9,5909.4,5945.2,52123
2015.09.29,00:00,5945.6,5953.4,5873.1,5935.9,59753
2015.09.30,00:00,5936.6,6079.8,5920.7,6058.7,48705
2015.10.01,00:00,6059.5,6173.8,6033.5,6101.3,56121
2015.10.02,00:00,6100.9,6238.1,6049.3,6224.7,48971
2015.10.04,00:00,6219.2,6222.7,6202.8,6204.6,796
2015.10.05,00:00,6205.4,6341.5,6205.4,6314.1,40185
2015.10.06,00:00,6313.7,6344.2,6252.7,6290,40762
2015.10.07,00:00,6291.6,6396.2,6286.8,6367.3,20334
2015.10.08,00:00,6367.7,6432.4,6301.4,6423.8,18553
2015.10.09,00:00,6424.6,6453.4,6385.4,6405.4,14874
2015.10.11,00:00,6391.9,6399.9,6391.9,6396.9,342
2015.10.12,00:00,6397.3,6412.4,6350.4,6378.6,11416
2015.10.13,00:00,6379.4,6382.2,6280.9,6286.6,37150
2015.10.14,00:00,6287.4,6316.7,6250.3,6269.8,37365
2015.10.15,00:00,6270.6,6404.9,6267.4,6395.4,40268
2015.10.16,00:00,6394.6,6398.7,6355.4,6388.9,31823
2015.10.18,00:00,6385,6388.2,6379.2,6384.4,246
2015.10.19,00:00,6383.6,6408.4,6331.2,6347.8,30377
2015.10.20,00:00,6348.2,6368.4,6318.4,6342.9,29602
2015.10.21,00:00,6342.5,6387.2,6299.1,6308.6,35543
2015.10.22,00:00,6307.8,6430.1,6304.1,6425.7,34800
2015.10.23,00:00,6426.3,6488.4,6397.7,6439.9,39574
2015.10.25,00:00,6441,6444,6436,6438.4,496
2015.10.26,00:00,6438,6454.2,6403.4,6415.5,25402
2015.10.27,00:00,6416.3,6416.3,6356.7,6362.3,28539
2015.10.28,00:00,6361.5,6454.2,6355.4,6443.9,33871
2015.10.29,00:00,6444.7,6447.5,6356.1,6390.9,33693
2015.10.30,00:00,6391.3,6416.7,6335.5,6339.2,32613
2015.11.01,00:00,6333.3,6334,6309.5,6314.1,606
2015.11.02,00:00,6314.8,6402.7,6311.2,6384.3,26151
2015.11.03,00:00,6385.1,6412.7,6343.7,6391.4,25551
2015.11.04,00:00,6390.6,6460.1,6380.8,6390.7,34496
2015.11.05,00:00,6390.3,6422.7,6355.2,6365.1,33855
2015.11.06,00:00,6364.3,6396.1,6330.6,6371.7,34668
2015.11.08,00:00,6367.3,6371.1,6357.5,6360.2,382
2015.11.09,00:00,6359.8,6381.6,6276.3,6306,31737
2015.11.10,00:00,6306.7,6329.5,6247.7,6278.8,30991
2015.11.11,00:00,6278.4,6327.2,6260.9,6264.7,27228
2015.11.12,00:00,6265.5,6301.3,6126.7,6160.2,37737
2015.11.13,00:00,6159.8,6164.7,6072.9,6077.4,41600
2015.11.15,00:00,6006.4,6033.2,5999.8,6021.1,992
2015.11.16,00:00,6020.5,6233.6,6019.9,6214.7,41014
2015.11.17,00:00,6214.4,6279.3,6208.8,6259,34688
2015.11.18,00:00,6259.4,6309.9,6226.8,6302.6,35310
2015.11.19,00:00,6301.9,6367.4,6298.1,6325.8,29281
2015.11.20,00:00,6325.4,6361.2,6304.7,6313.8,29514
2015.11.22,00:00,6314.2,6325.8,6314.2,6322,650
2015.11.23,00:00,6321.6,6327.7,6264.2,6290.8,27228
2015.11.24,00:00,6291.5,6312.9,6220.2,6302.9,35730
2015.11.25,00:00,6302.1,6348.2,6287.4,6344.6,23973
2015.11.26,00:00,6344.2,6399.9,6331,6384,14956
2015.11.27,00:00,6383.2,6389.2,6343.9,6372.2,21498
2015.11.29,00:00,6364.2,6366.5,6354.8,6357.8,428
2015.11.30,00:00,6358.2,6387.7,6327.7,6370.1,25288
2015.12.01,00:00,6369.3,6423.2,6364.9,6407,28967
2015.12.02,00:00,6407.8,6447.2,6370.1,6388.8,32392
2015.12.03,00:00,6388,6444.3,6196,6229.4,52164
2015.12.04,00:00,6230.2,6293.6,6217.6,6284.2,43221
2015.12.06,00:00,6291.4,6292.9,6275.6,6281.6,644
2015.12.07,00:00,6280.8,6287.1,6206.9,6236.9,35409
2015.12.08,00:00,6236.2,6244.7,6118.3,6139,41860
2015.12.09,00:00,6138.2,6175,6046.6,6086.8,50796
2015.12.10,00:00,6087.5,6125.6,6060.4,6075.3,38604
2015.12.11,00:00,6074.6,6087.9,5899.4,5905.3,48081
2015.12.13,00:00,5931.3,5952.3,5930.6,5946.1,1120
2015.12.14,00:00,5946.8,6010.7,5863.2,5960.9,53095
2015.12.15,00:00,5961.7,6038.2,5915.7,6019.1,38163
2015.12.16,00:00,6018.3,6149.6,6016.8,6131.8,44468
2015.12.17,00:00,6132.6,6167.3,6064.5,6071.9,39379
2015.12.18,00:00,6072.6,6105.7,5987.9,6001.6,47829
2015.12.20,00:00,6013,6018.8,6005.7,6012.4,1324
2015.12.21,00:00,6011.7,6115,5993.7,6071,36236
2015.12.22,00:00,6071.7,6135.5,6029.7,6123,36992
2015.12.23,00:00,6122.6,6267.1,6117.7,6250.4,26380
2015.12.24,00:00,6250.7,6267.3,6231.3,6238.5,8834
2015.12.27,00:00,6236.4,6246.5,6236.1,6240,482
2015.12.28,00:00,6239.4,6255.1,6200.5,6227.8,13180
2015.12.29,00:00,6228.2,6322.9,6220,6301.6,21980
2015.12.30,00:00,6301.9,6306.9,6246.5,6256.8,21613
2015.12.31,00:00,6256.5,6267.9,6216.4,6227,17568
2016.01.03,00:00,6236.6,6251,6236.6,6249.3,824
2016.01.04,00:00,6249.6,6254.4,6066.9,6140.7,56078
2016.01.05,00:00,6141.1,6168.7,6077.2,6158.6,45575
2016.01.06,00:00,6157.9,6165.1,6010.5,6058.2,54336
2016.01.07,00:00,6057.2,6064.3,5870.3,5900.1,66723
2016.01.08,00:00,5899.7,6013.5,5877.5,5889.6,67397
2016.01.10,00:00,5867.4,5871.4,5834.5,5845.5,2684
2016.01.11,00:00,5845.9,5942.8,5837.9,5920.4,61441
2016.01.12,00:00,5920.8,5988.2,5859,5934.1,57874
2016.01.13,00:00,5934.8,6011.2,5834.6,5859.5,57006
2016.01.14,00:00,5860.2,6003.2,5828.2,5983.6,66362
2016.01.15,00:00,5984,5992.1,5736.2,5790.2,80823
2016.01.17,00:00,5761.5,5781.6,5743.8,5770,1485
2016.01.18,00:00,5770.7,5853,5760.5,5778.4,46986
2016.01.19,00:00,5779.1,5915.4,5776.3,5850.8,72340
2016.01.20,00:00,5850,5851.1,5597.6,5743.1,91695
2016.01.21,00:00,5744.5,5822.7,5656.1,5786,92673
2016.01.22,00:00,5785.6,5943.8,5758.2,5933.1,62785
2016.01.24,00:00,5944.5,5947.5,5930,5933.7,706
2016.01.25,00:00,5933.3,5955.3,5820.3,5821.5,64892
2016.01.26,00:00,5822,5940.7,5768.7,5901.2,64762
2016.01.27,00:00,5902,6026.2,5869.9,5917.9,66695
2016.01.28,00:00,5918.4,6020.2,5886.7,5936.8,73167
2016.01.29,00:00,5936.3,6127.3,5911.9,6121.7,61213
2016.01.31,00:00,6121.9,6122.7,6106.9,6109.6,593
2016.02.01,00:00,6110.1,6120.6,5991.2,6038.7,57264
2016.02.02,00:00,6037.9,6048.2,5866.2,5875.9,53894
2016.02.03,00:00,5876.7,5921.7,5788.7,5895.8,71875
2016.02.04,00:00,5895,5945.3,5829.9,5894.1,72565
2016.02.05,00:00,5893.4,5945.1,5820.7,5840.8,71046
2016.02.07,00:00,5853.9,5859.7,5845.3,5849.9,461
2016.02.08,00:00,5852.1,5886.4,5656.7,5692.5,79042
2016.02.09,00:00,5692.2,5740.2,5593.4,5663.7,85775
2016.02.10,00:00,5663,5712.5,5610.1,5612.4,81627
2016.02.11,00:00,5613.2,5627.3,5496.7,5572,86660
2016.02.12,00:00,5572.4,5732.4,5559.9,5726.3,67182
2016.02.14,00:00,5745.1,5752.4,5740.8,5746.2,652
2016.02.15,00:00,5747,5845.2,5735.9,5813.2,37061
2016.02.16,00:00,5813.9,5901.6,5811.7,5887.6,60909
2016.02.17,00:00,5888.3,6032.2,5864.2,6018.4,51942
2016.02.18,00:00,6018.7,6030.5,5947.7,5970.2,50188
2016.02.19,00:00,5970.6,6002.2,5915,5946.9,49723
2016.02.21,00:00,5895,5909.6,5894.2,5908,203
2016.02.22,00:00,5908.9,6065.1,5908.9,6009.8,40991
2016.02.23,00:00,6009.4,6024.5,5939,5943.9,47410
2016.02.24,00:00,5943.1,5966.2,5843.4,5958.7,58594
2016.02.25,00:00,5959.5,6054.2,5912.6,6044,56705
2016.02.26,00:00,6043,6115.7,6040.9,6061.1,52430
2016.02.28,00:00,6057.2,6066.5,6050.9,6059.1,343
2016.02.29,00:00,6059.8,6105.7,6032.2,6062.2,54402
2016.03.01,00:00,6061.5,6183.2,6030.2,6172.7,51326
2016.03.02,00:00,6172,6209.7,6098.2,6129.9,51784
2016.03.03,00:00,6129.6,6173.4,6105.7,6145.9,44694
2016.03.04,00:00,6146.3,6219.5,6144.5,6178.5,53943
2016.03.06,00:00,6171.1,6182.7,6170.7,6177.1,285
2016.03.07,00:00,6176.4,6214.8,6124,6176.5,51656
2016.03.08,00:00,6176.2,6176.5,6100.4,6123.1,59964
2016.03.09,00:00,6122.7,6175.4,6113.7,6139.9,53808
2016.03.10,00:00,6139.2,6203.7,6005.5,6061.8,73253
2016.03.11,00:00,6063.5,6163.9,6057.7,6158.8,57479
2016.03.13,00:00,6153.7,6160.5,6148.8,6155,391
2016.03.14,00:00,6154.3,6197.9,6137.4,6169.2,42799
2016.03.15,00:00,6168.5,6169.9,6113.1,6157.5,41213
2016.03.16,00:00,6157.2,6186,6132.8,6181.6,45736
2016.03.17,00:00,6180.9,6226.1,6123.4,6202,45673
2016.03.18,00:00,6202.6,6237.2,6169.7,6178.5,39324
2016.03.20,00:00,6174.1,6175.8,6168.7,6173.7,190
2016.03.21,00:00,6173.1,6214.7,6150.2,6186.6,38635
2016.03.22,00:00,6186.3,6198.9,6108.2,6183.1,46167
2016.03.23,00:00,6183.8,6217.2,6157.7,6163.7,40949
2016.03.24,00:00,6163.1,6168.8,6088.4,6143.6,36007
2016.03.27,00:00,6147.3,6150.3,6145.6,6146.3,210
2016.03.28,00:00,6145.6,6166.9,6118.7,6141.6,6922
2016.03.29,00:00,6141.3,6158.6,6066.7,6143.5,38744
2016.03.30,00:00,6143.8,6221.2,6139.9,6198.6,30690
2016.03.31,00:00,6199.6,6200.6,6148.2,6165,31429
2016.04.01,00:00,6165.7,6165.7,6075.2,6148.7,42003
2016.04.03,00:00,6144.3,6144.3,6139.4,6142.7,107
2016.04.04,00:00,6142,6203.2,6127.4,6151.8,35634
2016.04.05,00:00,6151.1,6153.9,6060.2,6087.1,43026
2016.04.06,00:00,6087.8,6179.7,6087.8,6164.1,41714
2016.04.07,00:00,6163.4,6203.5,6106.1,6113.4,44181
2016.04.08,00:00,6113.7,6216.7,6108.9,6194.9,40153
2016.04.10,00:00,6192.8,6198.3,6190.1,6196.2,234
2016.04.11,00:00,6196.6,6230,6162.5,6173,43544
2016.04.12,00:00,6173.7,6262.8,6168,6253.2,44795
2016.04.13,00:00,6252.5,6369.8,6251.2,6356.1,40300
2016.04.14,00:00,6356.8,6375.6,6334.9,6358.9,37663
2016.04.15,00:00,6359.5,6373.6,6327.3,6333.4,30314
2016.04.17,00:00,6279.4,6300.9,6277.1,6291.5,417
2016.04.18,00:00,6292.6,6356.5,6259.3,6349.2,36708
2016.04.19,00:00,6348.5,6416.8,6335,6398.5,36274
2016.04.20,00:00,6399.2,6427.7,6365.3,6414.3,40068
2016.04.21,00:00,6415,6431.5,6329.4,6344.8,49122
2016.04.22,00:00,6345.2,6369.2,6287,6323.6,43278
2016.04.24,00:00,6340.2,6341,6334,6334,160
2016.04.25,00:00,6333.2,6333.7,6248.5,6272.9,37939
2016.04.26,00:00,6273.7,6298.7,6266.2,6281.1,37868
2016.04.27,00:00,6281.9,6337.3,6254.1,6325.3,39654
2016.04.28,00:00,6324.6,6334.6,6223.8,6282.3,41585
2016.04.29,00:00,6283,6293.8,6230.8,6256.9,47716
2016.05.01,00:00,6253.5,6262.5,6252,6259.3,198
2016.05.02,00:00,6259.6,6290,6235.3,6280.8,15139
2016.05.03,00:00,6281.6,6292.5,6158,6191.7,44739
2016.05.04,00:00,6192.5,6203.3,6091.6,6116.7,41863
2016.05.05,00:00,6117.4,6153.3,6095.7,6098.9,35409
2016.05.06,00:00,6099.6,6157.8,6053.8,6152.3,43451
2016.05.08,00:00,6147.7,6163.6,6147.7,6159.1,223
2016.05.09,00:00,6160.1,6178.8,6103.2,6104.9,36124
2016.05.10,00:00,6104.2,6182,6104.2,6158.9,37122
2016.05.11,00:00,6158.1,6173.3,6123.9,6134,35477
2016.05.12,00:00,6134.7,6196.5,6089.7,6111.8,39321
2016.05.13,00:00,6112.5,6143.5,6059.5,6094.1,46887
2016.05.15,00:00,6075.1,6083.6,6072.2,6083.3,126
2016.05.16,00:00,6083.7,6177.7,6083.3,6168.4,24629
2016.05.17,00:00,6169.2,6216.4,6128.4,6139.2,41418
2016.05.18,00:00,6139.9,6170.9,6094.7,6121.1,48756
2016.05.19,00:00,6120.4,6134.2,6048.8,6089.8,47024
2016.05.20,00:00,6090.5,6158.3,6085.6,6150,34729
2016.05.22,00:00,6153.9,6162.6,6151.5,6157.8,164
2016.05.23,00:00,6157.1,6173.3,6121,6133,37358
2016.05.24,00:00,6132,6249.7,6107.3,6248.5,30098
2016.05.25,00:00,6247.5,6277.3,6242.8,6270.2,30778
2016.05.26,00:00,6269.5,6281.1,6243.3,6265.8,27733
2016.05.27,00:00,6266.1,6276.3,6248.8,6270.9,24869
2016.05.29,00:00,6274.1,6278.4,6273.4,6276.6,100
2016.05.30,00:00,6277,6291,6267.9,6276.7,3108
2016.05.31,00:00,6277,6290.3,6206.4,6221.8,28776
2016.06.01,00:00,6222.5,6232.4,6149.4,6195.9,30530
2016.06.02,00:00,6196.6,6221.8,6172.3,6212.5,33183
2016.06.03,00:00,6213.3,6253.3,6166.8,6226.1,35376
2016.06.05,00:00,6228.6,6232.8,6228.3,6229,118
2016.06.06,00:00,6228.3,6302,6206,6269,30364
2016.06.07,00:00,6269.7,6323,6261.7,6269.1,25067
2016.06.08,00:00,6269.8,6305,6255.7,6286.3,27080
2016.06.09,00:00,6285.6,6294.2,6217.3,6224.5,32157
2016.06.10,00:00,6225.2,6229.8,6077.3,6090.5,36005
2016.06.12,00:00,6074.1,6074.1,6058.7,6066.5,228
2016.06.13,00:00,6067.1,6103.3,6014.8,6018.1,46445
2016.06.14,00:00,6018.8,6041.8,5905.6,5915.6,46835
2016.06.15,00:00,5916.3,6008.1,5912.9,5939.8,40481
2016.06.16,00:00,5940.5,5995.5,5893.6,5985.1,50051
2016.06.17,00:00,5985.8,6056.5,5970.3,6048.7,39273
2016.06.19,00:00,6124.1,6147.6,6111.7,6130.5,444
2016.06.20,00:00,6129.2,6238.8,6120.7,6177,36679
2016.06.21,00:00,6175.8,6281.8,6155.3,6234.2,39379
2016.06.22,00:00,6235.4,6318.3,6222.3,6303.2,43049
2016.06.23,00:00,6302,6447,6270.3,6351.5,51098
2016.06.24,00:00,6352.3,6355.6,5724.8,6011,70774
2016.06.26,00:00,5957.9,5969.5,5919.9,5961.6,722
2016.06.27,00:00,5963.1,6129,5877.3,5995.6,70233
2016.06.28,00:00,5996.8,6212.6,5979.8,6188.9,51580
2016.06.29,00:00,6189.5,6389.6,6159,6371.2,50751
2016.06.30,00:00,6370.7,6584.1,6308.1,6546.5,59875
2016.07.01,00:00,6545.4,6613.5,6500.9,6587.7,49427
2016.07.03,00:00,6593,6593,6572.4,6580.5,111
2016.07.04,00:00,6579.5,6626.5,6512.3,6522.1,25679
2016.07.05,00:00,6523.2,6565.7,6471.3,6547.1,48100
2016.07.06,00:00,6548.2,6580.8,6429.8,6519,56387
2016.07.07,00:00,6520.1,6579,6502.7,6527.1,42256
2016.07.08,00:00,6528.2,6605.7,6509.7,6586.3,40621
2016.07.10,00:00,6581.7,6584.7,6581.6,6582.7,75
2016.07.11,00:00,6581.6,6695.7,6581.6,6668.9,37496
2016.07.12,00:00,6670,6702.8,6657.9,6664.1,33834
2016.07.13,00:00,6665.2,6717.3,6643.8,6675.3,36255
2016.07.14,00:00,6676.3,6743.8,6640.7,6644.9,36478
2016.07.15,00:00,6645.9,6676.8,6609.5,6643,32567
2016.07.17,00:00,6683.3,6694.8,6672.1,6687.3,223
2016.07.18,00:00,6688.3,6715.2,6660.3,6695.8,29442
2016.07.19,00:00,6694.8,6710.8,6659,6693.5,30050
2016.07.20,00:00,6694.6,6736.8,6687.3,6700.1,25398
2016.07.21,00:00,6701.2,6732.3,6676.8,6684.7,30293
2016.07.22,00:00,6683.6,6737,6662.5,6729.1,29985
2016.07.24,00:00,6724.4,6727.6,6722.3,6727.6,54
2016.07.25,00:00,6728.7,6756,6690.3,6705.7,28767
2016.07.26,00:00,6704.6,6745.3,6697.5,6730.5,29036
2016.07.27,00:00,6731.5,6778.9,6721.7,6735.1,28918
2016.07.28,00:00,6734,6761.5,6710.3,6738.5,33030
2016.07.29,00:00,6739.1,6742.7,6690.3,6735.3,33755
2016.07.31,00:00,6744.5,6749.7,6740.2,6740.2,74
2016.08.01,00:00,6737,6769.8,6664,6672.2,27848
2016.08.02,00:00,6671.1,6692.5,6628.8,6651.6,32692
2016.08.03,00:00,6652.6,6675,6612.5,6630.7,30073
2016.08.04,00:00,6631.7,6760.3,6611.5,6754.2,33209
2016.08.05,00:00,6755.3,6803.3,6736.8,6790.7,30139
2016.08.07,00:00,6790.2,6806.6,6785.9,6806.5,54
2016.08.08,00:00,6805.4,6829.3,6781.5,6804.6,18032
2016.08.09,00:00,6803.5,6863.7,6802.4,6833,17072
2016.08.10,00:00,6833.6,6863.9,6808.5,6819.8,18929
2016.08.11,00:00,6818.8,6916.8,6808.5,6911.9,24189
2016.08.12,00:00,6913,6931.5,6895,6910.4,20994
2016.08.14,00:00,6907.7,6911,6906.6,6909.9,31
2016.08.15,00:00,6908.8,6955,6908.8,6938.7,18280
2016.08.16,00:00,6939.3,6939.8,6887.8,6898.7,22850
2016.08.17,00:00,6899.8,6919.3,6846.5,6881.3,24193
2016.08.18,00:00,6882.4,6897.7,6848.3,6872.7,20984
2016.08.19,00:00,6871.6,6873.9,6840.3,6862.1,23016
2016.08.21,00:00,6863.4,6863.5,6858,6860.2,60
2016.08.22,00:00,6861.3,6886.1,6811.3,6838,26950
2016.08.23,00:00,6836.9,6884.8,6834.7,6855.7,23291
2016.08.24,00:00,6856.8,6867,6808,6816.9,27146
2016.08.25,00:00,6818,6826.8,6777.5,6816,28780
2016.08.26,00:00,6817.1,6858.8,6769.3,6793.9,33140
2016.08.28,00:00,6787.8,6794.1,6782.3,6788.6,106
2016.08.29,00:00,6789.7,6828.1,6772.2,6825.5,7350
2016.08.30,00:00,6826.6,6852,6806.8,6820.9,24557
2016.08.31,00:00,6822,6831.8,6761.2,6782.1,28361
2016.09.01,00:00,6783.1,6826.7,6721.3,6765.9,32942
2016.09.02,00:00,6767,6929.5,6753.3,6904.1,34518
2016.09.04,00:00,6900.2,6933.7,6900.2,6931.1,100
2016.09.05,00:00,6930,6930.1,6866.8,6877.6,21981
2016.09.06,00:00,6876.5,6896.3,6816.9,6834.6,26702
2016.09.07,00:00,6833.5,6855.4,6812.9,6833.3,27392
2016.09.08,00:00,6832.2,6888.9,6818.5,6852.3,37893
2016.09.09,00:00,6852.9,6859.6,6692.5,6701.1,41787
2016.09.11,00:00,6713.3,6718.3,6675.2,6694.9,399
2016.09.12,00:00,6693.8,6768.9,6653.8,6745.7,49749
2016.09.13,00:00,6746.8,6754,6645.8,6677.2,49527
2016.09.14,00:00,6678.3,6720.3,6639.2,6660.6,48625
2016.09.15,00:00,6661.7,6749.8,6638.1,6719.5,41084
2016.09.16,00:00,6720.1,6750.8,6692.3,6747.2,42263
2016.09.18,00:00,6746.7,6751.3,6741.5,6741.5,98
2016.09.19,00:00,6742,6816.5,6740.4,6794.6,31851
2016.09.20,00:00,6795.7,6870.8,6782.8,6831.4,31963
2016.09.21,00:00,6830.9,6880.3,6816.4,6854.6,38385
2016.09.22,00:00,6853.6,6937.8,6853.6,6903.2,30783
2016.09.23,00:00,6902.3,6919.9,6881.4,6891.6,29323
2016.09.25,00:00,6891.2,6900.8,6891.2,6898.8,101
2016.09.26,00:00,6897.9,6904.4,6803.8,6816.4,30359
2016.09.27,00:00,6817.4,6868.5,6766.7,6819.3,36947
2016.09.28,00:00,6820.3,6903,6801.2,6888.7,40373
2016.09.29,00:00,6887.8,6941.3,6850,6870.4,44237
2016.09.30,00:00,6871.4,6921.5,6808.3,6890.4,45594
2016.10.02,00:00,6889.5,6901.1,6885.6,6898.1,160
2016.10.03,00:00,6899.1,6996.5,6895.7,6971.7,25617
2016.10.04,00:00,6972.6,7129.3,6966.5,7060.1,43955
2016.10.05,00:00,7059.2,7081.5,7023.4,7040.5,31360
2016.10.06,00:00,7041,7058,6998,7031.2,34499
2016.10.07,00:00,7030.2,7080,7006.5,7056.8,47206
2016.10.09,00:00,7077.8,7078.8,7064.9,7065.8,219
2016.10.10,00:00,7064.8,7120.9,7022.9,7117.9,30694
2016.10.11,00:00,7118.8,7129.1,7052.4,7080,36008
2016.10.12,00:00,7079,7085,7014.8,7030.4,33081
2016.10.13,00:00,7029.4,7038.4,6927.4,6996.7,40133
2016.10.14,00:00,6997.7,7055.3,6980.9,7013.6,35334
2016.10.16,00:00,7021,7021,6989.5,6996.4,294
2016.10.17,00:00,6995.5,7013.5,6935.5,6949.2,32643
2016.10.18,00:00,6950.2,7033.3,6946,7003.1,30480
2016.10.19,00:00,7004.1,7030.6,6974.6,7013.1,25070
2016.10.20,00:00,7012.1,7048.1,6996.6,7033.4,34935
2016.10.21,00:00,7035.4,7058.7,7009.7,7039.3,29397
2016.10.23,00:00,7038.9,7055.6,7036.9,7045.7,157
2016.10.24,00:00,7046.7,7068.2,6979.3,6991.8,25190
2016.10.25,00:00,6992.6,7067.8,6987.6,7000.6,27374
2016.10.26,00:00,6999.8,7005.3,6916.8,6938.2,36610
2016.10.27,00:00,6937.4,7009.8,6908.4,6982.1,41534
2016.10.28,00:00,6981.3,7007.3,6923.5,6957.7,42830
2016.10.30,00:00,6940.3,6959.5,6936,6953.6,235
2016.10.31,00:00,6952.8,6984.5,6929.3,6934.5,25662
2016.11.01,00:00,6933.7,6992.3,6878.5,6899,40263
2016.11.02,00:00,6898.1,6902.3,6822.8,6845.9,39975
2016.11.03,00:00,6846.7,6873.8,6749.3,6764.3,39263
2016.11.04,00:00,6763.5,6773.3,6655.1,6659.6,37053
2016.11.06,00:00,6738,6751.6,6718.3,6729.4,626
2016.11.07,00:00,6728.6,6820,6712.7,6811.8,26619
2016.11.08,00:00,6811,6902.6,6788.4,6898.3,31699
2016.11.09,00:00,6897.4,6935.5,6515.8,6910.2,97268
2016.11.10,00:00,6911,6999.2,6797.5,6836.1,68184
2016.11.11,00:00,6835.3,6852.2,6706.8,6736,51062
2016.11.13,00:00,6748.7,6766.5,6746.1,6763.1,226
2016.11.14,00:00,6762.3,6814.8,6731.2,6764.1,51858
2016.11.15,00:00,6764.9,6829.6,6756.4,6827.2,41940
2016.11.16,00:00,6828,6846.2,6734.1,6745.6,38879
2016.11.17,00:00,6744.8,6808,6744,6797,31716
2016.11.18,00:00,6797.8,6812.2,6739.5,6770.2,36610
2016.11.20,00:00,6773.6,6777.7,6773.6,6776.2,104
2016.11.21,00:00,6775.4,6822.2,6753.3,6783.5,31556
2016.11.22,00:00,6784.2,6852.1,6783.5,6838.2,28498
2016.11.23,00:00,6839.7,6880.8,6777.6,6814.8,33780
2016.11.24,00:00,6814,6835.9,6788.4,6816.9,21739
2016.11.25,00:00,6816.1,6852.2,6813.9,6835.4,18208
2016.11.27,00:00,6815.9,6832.6,6814.3,6831.9,93
2016.11.28,00:00,6832.6,6840.7,6767.2,6783.4,33348
2016.11.29,00:00,6784.1,6799.7,6728.9,6773.6,30384
2016.11.30,00:00,6774,6846.1,6756.9,6775.2,43765
2016.12.01,00:00,6774.4,6788.1,6687.3,6725,41819
2016.12.02,00:00,6725.4,6746,6677.8,6708.6,35244
2016.12.04,00:00,6649.9,6692.1,6649.9,6677.5,427
2016.12.05,00:00,6678.7,6801.5,6673.1,6753.6,43063
2016.12.06,00:00,6754.3,6814.8,6720.8,6801.7,30173
2016.12.07,00:00,6802.1,6938,6796.1,6919.5,32048
2016.12.08,00:00,6920.2,6949.2,6890.3,6933.1,39359
2016.12.09,00:00,6933.4,6976.8,6925.7,6973.5,28212
2016.12.11,00:00,6980,7065.1,6980,7015.1,392
2016.12.12,00:00,7016.1,7018.1,6868.8,6881.9,29965
2016.12.13,00:00,6882.7,6980.9,6870.3,6974.8,27345
2016.12.14,00:00,6973.9,6985.9,6926.4,6947.8,33452
2016.12.15,00:00,6948.7,7010.5,6926.9,7000.5,43556
2016.12.16,00:00,7001.4,7037.3,6980,7001.2,28631
2016.12.18,00:00,7008.5,7019.6,7008.5,7015.9,146
2016.12.19,00:00,7016.4,7028.3,6985.8,7009.2,21676
2016.12.20,00:00,7010,7046.7,6992.7,7028.4,19760
2016.12.21,00:00,7027.6,7056.3,7024.3,7032.2,17253
2016.12.22,00:00,7032.9,7063.3,7016.1,7050.4,17521
2016.12.23,00:00,7051.1,7071.5,7048.8,7063.7,7942
2016.12.26,00:00,7065.7,7067.2,7061.3,7063.9,49
2016.12.27,00:00,7064.7,7094.1,7060,7073.7,2174
2016.12.28,00:00,7072.9,7111.3,7065.9,7083.8,15800
2016.12.29,00:00,7083,7122.8,7072.7,7097,17382
2016.12.30,00:00,7097.7,7137.8,7086.5,7098,15983
2017.01.02,00:00,7098.5,7158.7,7087.8,7126,1184
2017.01.03,00:00,7125.2,7205,7118.9,7185.9,29591
2017.01.04,00:00,7185.1,7198.6,7165.6,7183.9,24005
2017.01.05,00:00,7183.5,7209.1,7171.6,7193.1,28281
2017.01.06,00:00,7192.3,7227.2,7179.8,7215.6,23182
2017.01.08,00:00,7221.2,7229.1,7221.2,7228.3,105
2017.01.09,00:00,7227.5,7243.9,7206.4,7235.3,19030
2017.01.10,00:00,7236.1,7285.2,7222.6,7270,19333
2017.01.11,00:00,7270.8,7328.6,7256.2,7297.3,31803
2017.01.12,00:00,7298.1,7329.5,7263.6,7321.8,27372
2017.01.13,00:00,7321.4,7340.6,7307.6,7327.3,22923
2017.01.15,00:00,7360.5,7360.5,7333.3,7347.5,138
2017.01.16,00:00,7347.9,7358.1,7319.6,7327.8,16881
2017.01.17,00:00,7327,7327.8,7216.2,7225.5,29204
2017.01.18,00:00,7226.3,7257.4,7215.2,7248.5,21520
2017.01.19,00:00,7248.9,7258.4,7189.6,7209.7,25433
2017.01.20,00:00,7210.5,7221.7,7176.2,7192.3,30243
2017.01.22,00:00,7189.1,7190.4,7172.3,7173.1,124
2017.01.23,00:00,7173.8,7180.4,7129.2,7172.5,25865
2017.01.24,00:00,7173.2,7184.3,7142.8,7175.6,25774
2017.01.25,00:00,7176.4,7204.8,7151.2,7168.4,23792
2017.01.26,00:00,7167.6,7190.7,7149.9,7154.9,21135
2017.01.27,00:00,7154.1,7185.5,7150,7175.3,19796
2017.01.29,00:00,7150.3,7161.6,7148.1,7151.2,122
2017.01.30,00:00,7150.4,7156.7,7105,7132,22803
2017.01.31,00:00,7132.7,7164,7096.5,7124.6,27187
2017.02.01,00:00,7123.8,7171,7097.8,7110.1,25794
2017.02.02,00:00,7109.3,7164.8,7089.3,7156,27583
2017.02.03,00:00,7155.3,7203,7127,7194.1,21492
2017.02.05,00:00,7194.5,7197.6,7189.5,7190.2,71
2017.02.06,00:00,7189.5,7209.1,7162.6,7175.7,22223
2017.02.07,00:00,7174.9,7227.3,7161.3,7170.5,22651
2017.02.08,00:00,7171.3,7196.3,7145.8,7188.1,23346
2017.02.09,00:00,7187.3,7242.4,7181.8,7238.4,21141
2017.02.10,00:00,7239.2,7275.7,7233.4,7266.4,21543
2017.02.12,00:00,7270.3,7277,7270.3,7276,94
2017.02.13,00:00,7275.2,7299.2,7257.2,7281.9,18360
2017.02.14,00:00,7281.1,7295.3,7250.7,7290.4,22491
2017.02.15,00:00,7289.6,7314.2,7268.5,7288.2,22113
2017.02.16,00:00,7288.6,7298.3,7258.8,7276.6,25007
2017.02.17,00:00,7275.8,7314.6,7252.3,7309.5,27909
2017.02.19,00:00,7295,7303.8,7294.3,7298,143
2017.02.20,00:00,7297.3,7320.9,7282.3,7297.7,15550
2017.02.21,00:00,7298.4,7300.4,7267.5,7280.4,23314
2017.02.22,00:00,7279.6,7315.5,7270.1,7280.4,25610
2017.02.23,00:00,7279.6,7310,7262,7267.1,23284
2017.02.24,00:00,7267.9,7275.2,7191.8,7257.3,26679
2017.02.26,00:00,7269.1,7278.4,7267.6,7271.4,143
2017.02.27,00:00,7272.1,7285,7238.1,7266.3,22706
2017.02.28,00:00,7265.9,7285,7247,7270.3,22641
2017.03.01,00:00,7271.1,7396.1,7269.6,7393.9,28381
2017.03.02,00:00,7394.7,7394.7,7370.6,7376.1,23866
2017.03.03,00:00,7376.9,7384.5,7351.8,7364.5,24923
2017.03.05,00:00,7350.1,7356.5,7336.8,7337.6,291
2017.03.06,00:00,7336.8,7366.4,7336,7358.8,18990
2017.03.07,00:00,7358.1,7368.1,7319.5,7320.3,17294
2017.03.08,00:00,7321.1,7355,7310.3,7318.7,25425
2017.03.09,00:00,7317.9,7329.8,7262,7322.2,27307
2017.03.10,00:00,7322.6,7372,7319.4,7347.7,28541
2017.03.12,00:00,7349.7,7351.2,7334,7337.6,176
2017.03.13,00:00,7338.4,7378.7,7337.6,7374,20996
2017.03.14,00:00,7373.2,7390.4,7338.6,7362.5,25566
2017.03.15,00:00,7363.3,7389,7357.1,7389,22817
2017.03.16,00:00,7388.6,7444.8,7385.4,7413.3,28102
2017.03.17,00:00,7414.1,7447.8,7402,7423.3,18529
2017.03.19,00:00,7416.8,7418.3,7411.6,7415.9,178
2017.03.20,00:00,7415.1,7434.3,7400.3,7418.4,17162
2017.03.21,00:00,7417.6,7439.8,7334,7341.4,33275
2017.03.22,00:00,7342.2,7346.3,7302.1,7341.3,29988
2017.03.23,00:00,7340.5,7346.2,7306,7330.5,27593
2017.03.24,00:00,7331.3,7352,7308.7,7334.2,25533
2017.03.26,00:00,7316.4,7321,7293.1,7300,388
2017.03.27,00:00,7299.3,7313.9,7253.2,7311.5,25644
2017.03.28,00:00,7312.3,7364.5,7284.3,7361.1,20729
2017.03.29,00:00,7361.8,7377.3,7311.2,7372.3,21410
2017.03.30,00:00,7373.1,7384.1,7338.6,7362.9,18545
2017.03.31,00:00,7362.5,7362.9,7319.2,7326.7,17802
2017.04.02,00:00,7335.8,7337.3,7333.2,7335.2,103
2017.04.03,00:00,7335.5,7351.2,7259.3,7303.9,20486
2017.04.04,00:00,7303.5,7346,7290.3,7342.9,18210
2017.04.05,00:00,7343.7,7363.1,7267.6,7289.2,24598
2017.04.06,00:00,7288.2,7321.8,7252.4,7307.4,24368
2017.04.07,00:00,7307.8,7358.2,7263.3,7354.8,28183
2017.04.09,00:00,7349.9,7354.8,7345.2,7354,65
2017.04.10,00:00,7354.8,7361.2,7335.7,7348.3,19936
2017.04.11,00:00,7347.5,7408.5,7330.9,7379.2,29486
2017.04.12,00:00,7380,7403,7327.4,7333.1,27295
2017.04.13,00:00,7332.4,7345.2,7294.5,7309,23579
2017.04.16,00:00,7302.8,7303.2,7292.5,7294.4,199
2017.04.17,00:00,7295.2,7344.4,7288.8,7334.1,4986
2017.04.18,00:00,7333.8,7344,7111.6,7127.3,33739
2017.04.19,00:00,7128.1,7151.8,7086.7,7105.9,26231
2017.04.20,00:00,7106.3,7127.2,7096.2,7117,23748
2017.04.21,00:00,7116.2,7134.8,7103.3,7112.1,23050
2017.04.23,00:00,7213.1,7218.4,7171.2,7180.7,555
2017.04.24,00:00,7179.7,7279.7,7142,7271.4,27057
2017.04.25,00:00,7270.6,7290.5,7254.6,7271.1,17700
2017.04.26,00:00,7271.9,7303.4,7250.7,7257.2,19995
2017.04.27,00:00,7256.4,7268,7224.8,7247.1,16266
2017.04.28,00:00,7246.7,7248.1,7194.5,7199.4,16736
2017.04.30,00:00,7196.8,7196.8,7185.2,7187.2,113
2017.05.01,00:00,7188,7227.3,7185.7,7218,4394
2017.05.02,00:00,7218.8,7263.8,7211.8,7248.2,15373
2017.05.03,00:00,7247.5,7255,7219.4,7242.5,16350
2017.05.04,00:00,7241.7,7281.3,7224.8,7254,18827
2017.05.05,00:00,7254.7,7324.4,7224.8,7323.7,18327
2017.05.07,00:00,7325.6,7325.6,7299.9,7303.7,165
2017.05.08,00:00,7304.6,7331.4,7282.2,7304.8,18609
2017.05.09,00:00,7305.5,7360.8,7297.8,7336.3,16187
2017.05.10,00:00,7336.7,7398.6,7319,7372.4,16298
2017.05.11,00:00,7371.6,7400.3,7367,7391.9,20066
2017.05.12,00:00,7391.1,7442.1,7381.8,7439.4,15710
2017.05.14,00:00,7438.6,7444.8,7437.1,7439.9,85
2017.05.15,00:00,7440.7,7467.1,7431.3,7459.1,15370
2017.05.16,00:00,7458.7,7534.2,7448.8,7497.7,16494
2017.05.17,00:00,7498.5,7533.2,7422.2,7445.6,26166
2017.05.18,00:00,7447,7484.3,7388.3,7470.8,35701
2017.05.19,00:00,7470.4,7492.3,7453.7,7487.1,18747
2017.05.21,00:00,7486.7,7492.4,7485.4,7490.2,106
2017.05.22,00:00,7489.5,7517.7,7479.7,7494.8,18387
2017.05.23,00:00,7496.8,7522.1,7478.1,7500.5,19398
2017.05.24,00:00,7500.2,7518.9,7474.6,7513.7,15573
2017.05.25,00:00,7514,7538.4,7495.8,7516.5,20675
2017.05.26,00:00,7515.8,7554,7508.3,7547.2,17987
2017.05.28,00:00,7545.5,7552.5,7545.5,7550.5,151
2017.05.29,00:00,7550.8,7554.3,7536.8,7540.4,2017
2017.05.30,00:00,7540,7551.4,7496.2,7527.3,18240
2017.05.31,00:00,7528,7586.8,7509.6,7526.3,22763
2017.06.01,00:00,7526.6,7577.8,7525.6,7571.4,20468
2017.06.02,00:00,7570.7,7599.6,7538.7,7566.1,23085
2017.06.04,00:00,7563,7564.3,7558.6,7560.3,83
2017.06.05,00:00,7559.9,7562.2,7519.4,7539.8,12133
2017.06.06,00:00,7540.5,7540.5,7501.6,7526.4,19325
2017.06.07,00:00,7525.7,7555.2,7460.5,7474.2,21436
2017.06.08,00:00,7474.6,7489.5,7379.8,7418,25004
2017.06.09,00:00,7417.6,7544.4,7408.2,7513.2,34349
2017.06.11,00:00,7515.3,7517.3,7506,7508.1,176
2017.06.12,00:00,7508.4,7541.8,7478.5,7521.7,26619
2017.06.13,00:00,7521,7550.8,7489.6,7502.1,20930
2017.06.14,00:00,7501.4,7545.3,7457.8,7472.4,29920
2017.06.15,00:00,7472,7482,7376.7,7421.6,31079
2017.06.16,00:00,7421.3,7498.6,7420.6,7497.9,21834
2017.06.18,00:00,7499,7499,7489.9,7490.6,107
2017.06.19,00:00,7490.9,7538.8,7488.6,7529.6,18312
2017.06.20,00:00,7529.3,7559.3,7447.3,7470.9,22122
2017.06.21,00:00,7471.2,7475.2,7416,7438.3,27590
2017.06.22,00:00,7437.6,7460.5,7397,7429,20190
2017.06.23,00:00,7429.3,7442.7,7395.5,7423,20405
2017.06.25,00:00,7424,7424.7,7417.6,7422.7,87
2017.06.26,00:00,7422,7481.4,7422,7456.3,20445
2017.06.27,00:00,7456.7,7459.7,7400.9,7412,29331
2017.06.28,00:00,7411.7,7446.4,7379.4,7416,31660
2017.06.29,00:00,7416.7,7453,7304.6,7337.5,33491
2017.06.30,00:00,7337.8,7378.2,7293.2,7325.4,28591
2017.07.02,00:00,7329.2,7331.9,7325.8,7331.9,109
2017.07.03,00:00,7331.5,7386.3,7315.2,7358.4,21578
2017.07.04,00:00,7357.7,7382.8,7335.3,7349.6,18035
2017.07.05,00:00,7349.9,7386.8,7340.5,7379.3,28005
2017.07.06,00:00,7378.7,7379.4,7302.4,7328.8,28766
2017.07.07,00:00,7329.1,7370.3,7311.4,7365.9,23028
2017.07.09,00:00,7367,7368.3,7363.3,7363.3,48
2017.07.10,00:00,7362.6,7391.5,7342.5,7364.5,18048
2017.07.11,00:00,7363.8,7385.5,7304.1,7361.3,21664
2017.07.12,00:00,7362,7440.8,7347.1,7427.1,26279
2017.07.13,00:00,7426.8,7429.4,7403.8,7420.5,18852
2017.07.14,00:00,7421.2,7428.9,7360.3,7398.2,18688
2017.07.16,00:00,7396.5,7401.5,7396.5,7399.5,41
2017.07.17,00:00,7398.9,7430.5,7379.8,7399.1,17192
2017.07.18,00:00,7399.8,7420.3,7356.8,7396.4,24478
2017.07.19,00:00,7396.1,7443.9,7377.8,7434,18799
2017.07.20,00:00,7434.7,7504.3,7430.4,7493,28714
2017.07.21,00:00,7493.3,7515.8,7431.8,7457.3,26499
2017.07.23,00:00,7454.9,7458.3,7454.9,7456.3,23
2017.07.24,00:00,7456.9,7456.9,7356.1,7391.6,25952
2017.07.25,00:00,7391,7454.3,7387.6,7440.5,25833
2017.07.26,00:00,7439.8,7487.3,7432.3,7450.5,27732
2017.07.27,00:00,7451.2,7460.8,7401.1,7423.3,30840
2017.07.28,00:00,7424,7424,7341.1,7377.3,27577
2017.07.30,00:00,7372.3,7375.6,7371.6,7373.3,61
2017.07.31,00:00,7374,7425.6,7355.3,7380.9,24492
2017.08.01,00:00,7381.2,7440.5,7379.9,7432.6,21980
2017.08.02,00:00,7431.9,7441.8,7388.5,7408.5,23542
2017.08.03,00:00,7408.1,7485.5,7382.9,7470,26452
2017.08.04,00:00,7469.3,7520,7459.8,7513.1,21128
2017.08.06,00:00,7514.8,7519.9,7514.8,7518.8,89
2017.08.07,00:00,7519.5,7536.3,7515.2,7527.4,15492
2017.08.08,00:00,7528.1,7552.7,7503.3,7508.6,22228
2017.08.09,00:00,7508,7515.2,7448.2,7464.4,30089
2017.08.10,00:00,7465.1,7480.2,7339.1,7346.9,34083
2017.08.11,00:00,7347.6,7352.8,7291.5,7298.9,33280
2017.08.13,00:00,7309.3,7312.3,7308.6,7309.9,114
2017.08.14,00:00,7310.6,7379.1,7309,7364.8,23081
2017.08.15,00:00,7364.5,7418.8,7354.6,7387.7,25227
2017.08.16,00:00,7387.1,7445.5,7383.7,7404.9,26274
2017.08.17,00:00,7405.6,7432.4,7325.5,7342.4,35709
2017.08.18,00:00,7343.1,7358.3,7300.7,7313.5,35619
2017.08.20,00:00,7326.4,7334.5,7325.7,7333.8,128
2017.08.21,00:00,7334.5,7335.1,7293.7,7323.1,29225
2017.08.22,00:00,7322.8,7401.1,7322.5,7395.4,20992
2017.08.23,00:00,7396.1,7398.8,7356.3,7377.2,26136
2017.08.24,00:00,7376.8,7439.3,7373.7,7410.6,25063
2017.08.25,00:00,7409.9,7440.8,7394.7,7395.3,25856
2017.08.27,00:00,7379.1,7401.4,7378.4,7397.7,128
2017.08.28,00:00,7397,7411.7,7326.6,7361.3,7456
2017.08.29,00:00,7360.6,7373.5,7288.2,7359.8,29864
2017.08.30,00:00,7360.5,7382.1,7349.6,7377.1,17814
2017.08.31,00:00,7377.8,7443.3,7372.9,7431.4,22375
2017.09.01,00:00,7431.1,7460.8,7418.5,7445.4,20110
2017.09.03,00:00,7404,7422.8,7404,7420.5,428
2017.09.04,00:00,7421.2,7435.3,7399,7423.1,17569
2017.09.05,00:00,7423.5,7437.4,7331.9,7347.2,30037
2017.09.06,00:00,7347.9,7373.4,7318.9,7348.9,26435
2017.09.07,00:00,7349.9,7413.4,7346.9,7398.3,29297
2017.09.08,00:00,7397.7,7397.7,7356.6,7363.4,22656
2017.09.10,00:00,7384.6,7388.7,7380.3,7385,215
2017.09.11,00:00,7385.6,7435.3,7379.3,7426.8,19064
2017.09.12,00:00,7427.5,7435.7,7385.8,7401.3,20278
2017.09.13,00:00,7400.9,7403,7334.8,7381.6,19744
2017.09.14,00:00,7381,7398.3,7272,7272.6,22885
2017.09.15,00:00,7272,7292.3,7194.9,7220,25419
2017.09.17,00:00,7217.1,7221.7,7217.1,7220.4,60
2017.09.18,00:00,7221,7265.1,7210.4,7264.1,19520
2017.09.19,00:00,7263.8,7287,7242.7,7271.1,20404
2017.09.20,00:00,7270.5,7295.1,7248,7283.8,22327
2017.09.21,00:00,7284.1,7291.1,7250.6,7256.6,20584
2017.09.22,00:00,7256.9,7322.4,7231.4,7305.5,25989
2017.09.24,00:00,7298.6,7306.4,7297.9,7305.8,148
2017.09.25,00:00,7305.1,7320.1,7270.9,7305.7,23688
2017.09.26,00:00,7306.3,7312,7271.8,7281.8,21977
2017.09.27,00:00,7282.5,7328.6,7270.3,7314.8,22583
2017.09.28,00:00,7314.2,7329.5,7288.5,7318.1,20632
2017.09.29,00:00,7317.8,7381.5,7317.4,7379.2,19611
2017.10.01,00:00,7377.6,7403.3,7376.3,7394.8,345
2017.10.02,00:00,7394.1,7441.6,7375.5,7429.6,19523
2017.10.03,00:00,7430.2,7473.8,7424.8,7466.9,13726
2017.10.04,00:00,7467.6,7477.3,7453.8,7462,18358
2017.10.05,00:00,7461.3,7512.4,7460,7508.1,19177
2017.10.06,00:00,7507.8,7528,7505.1,7521,20467
2017.10.08,00:00,7523.3,7525.3,7521,7524.3,93
2017.10.09,00:00,7525,7539.5,7484.1,7492.7,15436
2017.10.10,00:00,7492.4,7552.9,7492,7547.2,21440
2017.10.11,00:00,7547.6,7552.6,7518.6,7528.2,17518
2017.10.12,00:00,7527.2,7565.4,7521.6,7531.8,20293
2017.10.13,00:00,7532.1,7554.9,7521.1,7545.2,21920
2017.10.15,00:00,7545.8,7551.8,7545.8,7551.1,156
2017.10.16,00:00,7550.8,7556.1,7518.2,7536.5,18313
2017.10.17,00:00,7536.8,7550.7,7505.2,7536,19742
2017.10.18,00:00,7535.7,7555,7523,7534.8,15478
2017.10.19,00:00,7535.2,7539.2,7483.5,7526.6,23177
2017.10.20,00:00,7527.3,7558,7515.2,7522.6,20133
2017.10.22,00:00,7524.9,7534.1,7524.9,7531.5,180
2017.10.23,00:00,7530.8,7542.6,7498.1,7507.1,16949
2017.10.24,00:00,7507.4,7536.7,7503.8,7517.7,17451
2017.10.25,00:00,7517,7527.7,7426.5,7466.4,26281
2017.10.26,00:00,7465.7,7496.3,7444,7496.3,25601
2017.10.27,00:00,7496,7520.2,7482.7,7496.6,24402
2017.10.29,00:00,7494.5,7502.8,7492.5,7492.5,241
2017.10.30,00:00,7491.9,7502.4,7471.3,7476.3,17945
2017.10.31,00:00,7476.6,7516.1,7475.7,7497.9,16171
2017.11.01,00:00,7497.3,7531.7,7464.6,7473,22458
2017.11.02,00:00,7473.6,7569.7,7446,7567.7,26523
2017.11.03,00:00,7568.3,7580,7541.3,7554,16798
2017.11.05,00:00,7553.4,7566.4,7553.4,7563.3,80
2017.11.06,00:00,7562.7,7573.2,7524,7561.8,14670
2017.11.07,00:00,7561.2,7588.7,7481.7,7488.6,18813
2017.11.08,00:00,7489.2,7535.1,7488.3,7514.6,17006
2017.11.09,00:00,7514,7538.4,7456.2,7481.4,30195
2017.11.10,00:00,7481.1,7500.2,7420.9,7439.7,23074
2017.11.12,00:00,7443.7,7452.3,7443.4,7451.7,156
2017.11.13,00:00,7452.3,7474.4,7401.6,7419,21987
2017.11.14,00:00,7419.6,7438.6,7395.2,7404.9,24057
2017.11.15,00:00,7405.6,7414.4,7353.9,7365.1,28255
2017.11.16,00:00,7364.5,7398.6,7363.6,7390.3,24134
2017.11.17,00:00,7390,7405.1,7355.1,7379.9,24666
2017.11.19,00:00,7384.5,7387.5,7369.4,7378.4,316
2017.11.20,00:00,7379.1,7399.1,7348.7,7388,23937
2017.11.21,00:00,7387.7,7422.2,7364.9,7405.7,23309
2017.11.22,00:00,7405.4,7460.2,7398.2,7402,22638
2017.11.23,00:00,7401.4,7423.4,7370.9,7405.7,17047
2017.11.24,00:00,7406,7424.2,7388.4,7414.7,18974
2017.11.26,00:00,7418.7,7420.5,7416.9,7419.1,135
2017.11.27,00:00,7418.8,7438.8,7380.2,7383.2,23448
2017.11.28,00:00,7383.8,7472.4,7378.4,7437.9,28275
2017.11.29,00:00,7437.6,7442.8,7351.8,7378.8,31684
2017.11.30,00:00,7379.4,7418.5,7299.2,7306.7,34220
2017.12.01,00:00,7307.3,7354.6,7278.1,7334.4,39443
2017.12.03,00:00,7379.5,7379.5,7347.5,7356.4,831
2017.12.04,00:00,7357,7368.6,7299.1,7317.4,34203
2017.12.05,00:00,7316.8,7374,7305.3,7312.4,32003
2017.12.06,00:00,7313,7369.5,7277.6,7342.8,29554
2017.12.07,00:00,7343.4,7371.7,7302.4,7318.7,29194
2017.12.08,00:00,7318.1,7413.4,7307.1,7406.5,27066
2017.12.10,00:00,7410.9,7415.1,7405.6,7413.3,200
2017.12.11,00:00,7412.8,7471.8,7399.9,7465.7,20878
2017.12.12,00:00,7466,7502.8,7447.3,7484.2,24622
2017.12.13,00:00,7483.6,7510.5,7469.8,7494.2,23623
2017.12.14,00:00,7493.9,7496.4,7441.2,7449.4,27380
2017.12.15,00:00,7448.8,7503.5,7430.8,7502.1,26662
2017.12.17,00:00,7506.6,7518.1,7504.8,7513.4,249
2017.12.18,00:00,7513.7,7545.5,7488,7541,24907
2017.12.19,00:00,7540.4,7563.7,7526.2,7537.9,23273
2017.12.20,00:00,7538.5,7550.1,7510.4,7531,23103
2017.12.21,00:00,7531.3,7610.4,7516.2,7589.4,18344
2017.12.22,00:00,7589.6,7615.9,7579.9,7593.4,12293
2017.12.25,00:00,7594,7598.2,7594,7595.8,208
2017.12.26,00:00,7596.1,7600.8,7582.5,7600.2,3050
2017.12.27,00:00,7599.6,7633,7588.4,7619.4,18580
2017.12.28,00:00,7620,7635.5,7608.6,7624.4,14972
2017.12.29,00:00,7624.7,7703.7,7616.3,7656.4,12445
2018.01.01,00:00,7671.2,7681.3,7671.2,7678.5,168
2018.01.02,00:00,7679.1,7703.7,7622.7,7648.1,24287
2018.01.03,00:00,7647.8,7691.5,7638.9,7688.2,22208
2018.01.04,00:00,7688.8,7701.3,7668,7694,20945
2018.01.05,00:00,7693.7,7727.5,7685.8,7718.8,20108
2018.01.07,00:00,7725.2,7736.9,7725.2,7730.8,238
2018.01.08,00:00,7730.2,7730.2,7688.1,7711.4,18681
2018.01.09,00:00,7711.1,7733.8,7703.3,7730.6,20883
2018.01.10,00:00,7730.3,7756.2,7714.3,7741.4,25097
2018.01.11,00:00,7742,7778.9,7733.4,7774,23562
2018.01.12,00:00,7773.7,7792.4,7750.5,7771.4,22648
2018.01.14,00:00,7784.9,7788.1,7775.8,7788.1,188
2018.01.15,00:00,7788.7,7794.6,7762.1,7766.2,13567
2018.01.16,00:00,7766.7,7792.2,7713.1,7727.1,23165
2018.01.17,00:00,7727.7,7748.6,7710.8,7731.5,20757
2018.01.18,00:00,7730.9,7740.3,7683.4,7703.4,22514
2018.01.19,00:00,7702.9,7741.6,7685.4,7733.4,24246
2018.01.21,00:00,7729.4,7741.4,7728.3,7738.9,361
2018.01.22,00:00,7739.2,7740.7,7702.6,7727.8,20975
2018.01.23,00:00,7727.5,7746.3,7710.8,7732.5,25216
2018.01.24,00:00,7732.8,7738.3,7620.9,7643.9,32229
2018.01.25,00:00,7643.3,7661.8,7607.9,7636.6,37172
2018.01.26,00:00,7636.9,7697.2,7622.4,7693.4,28596
2018.01.28,00:00,7693.3,7699.9,7691,7696.5,226
2018.01.29,00:00,7696.2,7707.2,7649.1,7658,27419
2018.01.30,00:00,7657.4,7660.6,7571,7581.4,38030
2018.01.31,00:00,7581.9,7602.3,7519.1,7539.7,33256
2018.02.01,00:00,7539.2,7562.6,7473,7500.1,38054
2018.02.02,00:00,7499.8,7503.6,7383.4,7389.6,45034
2018.02.04,00:00,7352,7360.8,7313.7,7342.9,2131
2018.02.05,00:00,7342.4,7390.2,7016.8,7076.1,68281
2018.02.06,00:00,7076.4,7306.7,6917.5,7261.4,121089
2018.02.07,00:00,7261.1,7312.1,7158.9,7182.7,69990
2018.02.08,00:00,7183,7260.7,7093,7119.9,78964
2018.02.09,00:00,7120.7,7168.6,6978.8,7134.6,94935
2018.02.11,00:00,7147.6,7164.8,7139.2,7163.2,1621
2018.02.12,00:00,7163.5,7214.9,7137.3,7202.3,64212
2018.02.13,00:00,7202.6,7214.3,7160.7,7197.4,51074
2018.02.14,00:00,7197.7,7243.1,7143.8,7226.9,57746
2018.02.15,00:00,7226.6,7267.8,7206.3,7264.8,45466
2018.02.16,00:00,7264.2,7307.7,7254,7295.2,43396
2018.02.18,00:00,7300.9,7310.6,7300.3,7309.5,699
2018.02.19,00:00,7309,7323.9,7239.4,7255.6,21509
2018.02.20,00:00,7255.9,7267.9,7201,7229.2,41446
2018.02.21,00:00,7228.3,7292.2,7198.3,7204.2,45133
2018.02.22,00:00,7203.6,7264.7,7185.1,7242.3,51279
2018.02.23,00:00,7242.9,7277.6,7220.1,7269.6,35912
2018.02.25,00:00,7284.8,7291.3,7283.4,7284.4,440
2018.02.26,00:00,7284.7,7338.5,7258.7,7332.8,30825
2018.02.27,00:00,7332.2,7335.1,7235.6,7257.1,44212
2018.02.28,00:00,7257.4,7293.2,7193.2,7209,50399
2018.03.01,00:00,7208.4,7226.7,7096.4,7135.1,70364
2018.03.02,00:00,7135.6,7162.2,7062.5,7129,64605
2018.03.04,00:00,7106.2,7116.3,7090.2,7104.6,1104
2018.03.05,00:00,7105.1,7153.1,7060.5,7143.3,49299
2018.03.06,00:00,7143.9,7198.1,7082.5,7088.7,46086
2018.03.07,00:00,7088.1,7181.1,7071,7146.8,52975
2018.03.08,00:00,7147.3,7214.4,7135,7205.5,38287
2018.03.09,00:00,7204.9,7240.4,7188.1,7233,34329
2018.03.11,00:00,7233.5,7255.3,7233.5,7247.8,726
2018.03.12,00:00,7248.3,7254.4,7186.7,7195.8,33191
2018.03.13,00:00,7196.9,7224.4,7102.5,7113.9,45054
2018.03.14,00:00,7113.6,7177.2,7104.2,7129.8,47673
2018.03.15,00:00,7129.2,7163.1,7104.1,7141,37424
2018.03.16,00:00,7141.2,7187.6,7123.9,7153.8,31406
2018.03.18,00:00,7149,7154.1,7142.5,7150.9,915
2018.03.19,00:00,7137.3,7151.8,7024.1,7056.3,39132
2018.03.20,00:00,7056.9,7082.4,7043.3,7066.6,34679
2018.03.21,00:00,7067.1,7074.4,6992,7013.4,35850
2018.03.22,00:00,7012.9,7035,6840.3,6843.8,55101
2018.03.23,00:00,6844.3,6953,6839.1,6873.5,64727
2018.03.25,00:00,6863.5,6891,6861,6869.2,1628
2018.03.26,00:00,6869.5,6958.8,6865.8,6948.9,47955
2018.03.27,00:00,6949.5,7043.9,6911.9,6931.5,51826
2018.03.28,00:00,6931.8,7058.3,6922.8,7035.5,74866
2018.03.29,00:00,7035.8,7109.6,7006.8,7062.2,45032
2018.04.01,00:00,7063.1,7075.9,7060.8,7063.8,724
2018.04.02,00:00,7064.4,7072.9,6953.6,7000.4,49855
2018.04.03,00:00,7001,7065.2,6977.8,7045.8,46073
2018.04.04,00:00,7046,7111.2,6972,7110.3,53416
2018.04.05,00:00,7109.8,7221.6,7092.8,7143.3,39717
2018.04.06,00:00,7143.1,7215.2,7117.6,7142.9,57841
2018.04.09,00:00,7157.3,7218.8,7144.2,7176.6,36424
2018.04.10,00:00,7176.2,7271.2,7165.3,7253.1,49217
2018.04.11,00:00,7253.6,7270.3,7226.3,7244.7,38762
2018.04.12,00:00,7244.9,7271.1,7226.4,7252.9,34772
2018.04.13,00:00,7252.7,7275.1,7239.8,7264.5,35629
2018.04.15,00:00,7299,7302.1,7287.4,7291.1,915
2018.04.16,00:00,7291.6,7294.1,7189.5,7198.9,30450
2018.04.17,00:00,7198.4,7247.8,7188.9,7240.8,26083
2018.04.18,00:00,7240.3,7326,7232.8,7321.4,25125
2018.04.19,00:00,7321.7,7355.5,7295,7342.5,36231
2018.04.20,00:00,7342.2,7374.1,7333,7362.3,30982
2018.04.22,00:00,7389.1,7389.1,7380,7382.4,602
2018.04.23,00:00,7382.2,7413.7,7358.2,7412.2,26090
2018.04.24,00:00,7412.7,7436.1,7350.1,7377.9,35865
2018.04.25,00:00,7378.1,7404.9,7333.9,7394.6,39602
2018.04.26,00:00,7394.1,7463.3,7355,7455.3,29302
2018.04.27,00:00,7455.8,7517.7,7421.8,7515.5,27537
2018.04.29,00:00,7521.5,7530.3,7521.5,7524,317
2018.04.30,00:00,7523.7,7545.5,7484.7,7487.2,26974
2018.05.01,00:00,7486.9,7549.7,7485.7,7542.7,22349
2018.05.02,00:00,7543.2,7572.5,7504.5,7518.2,31480
2018.05.03,00:00,7517.9,7555.1,7490.8,7549,37683
2018.05.04,00:00,7549.5,7591.2,7518.1,7588.8,30539
2018.05.06,00:00,7591,7594,7588,7590,330
2018.05.07,00:00,7590.5,7630.1,7581.8,7594.7,16098
2018.05.08,00:00,7595.2,7596.6,7542,7578.9,30511
2018.05.09,00:00,7579.4,7684.4,7562.7,7679.9,26228
2018.05.10,00:00,7679.7,7713,7628.7,7707.5,26858
2018.05.11,00:00,7708,7728.9,7690.1,7708.4,26407
2018.05.13,00:00,7720,7722,7714.7,7716.2,255
2018.05.14,00:00,7716,7729.4,7688.2,7708.8,24302
2018.05.15,00:00,7709,7751.9,7684.4,7709.4,31406
2018.05.16,00:00,7709.6,7752.7,7704.4,7748.9,25110
2018.05.17,00:00,7748.2,7798,7713,7779.4,26462
2018.05.18,00:00,7778.9,7790.7,7751.3,7771.9,26510
2018.05.20,00:00,7808.3,7832,7799,7799.5,565
2018.05.21,00:00,7800,7872.3,7797.5,7861.3,19534
2018.05.22,00:00,7861,7902.8,7845.1,7866.8,21226
2018.05.23,00:00,7866.3,7872.3,7763.7,7794.8,28864
2018.05.24,00:00,7794.5,7810.8,7709.7,7744.6,29333
2018.05.25,00:00,7745.1,7767.4,7702.3,7714.9,26481
2018.05.27,00:00,7731,7732.6,7724.4,7725.4,394
2018.05.28,00:00,7725.7,7759.6,7684.4,7697.6,10021
2018.05.29,00:00,7697,7708.5,7590.7,7624.8,52134
2018.05.30,00:00,7625.5,7717.7,7609.2,7703.9,38848
2018.05.31,00:00,7704.3,7729.3,7648.7,7690.9,43677
2018.06.01,00:00,7690.6,7746.5,7681.7,7707.6,29118
2018.06.03,00:00,7700.7,7702.1,7693.2,7693.8,284
2018.06.04,00:00,7694.4,7771.7,7693.2,7723.8,23994
2018.06.05,00:00,7723.2,7742.9,7667.4,7676.3,26963
2018.06.06,00:00,7675.7,7732.4,7671,7721.7,26780
2018.06.07,00:00,7721.1,7770.9,7664.3,7679.4,34442
2018.06.08,00:00,7679.7,7714.9,7637.9,7702,35241
2018.06.10,00:00,7684.2,7688.7,7680.4,7686,331
2018.06.11,00:00,7685.4,7772.7,7680.6,7761.2,29097
2018.06.12,00:00,7761.8,7768.2,7688.2,7698,29876
2018.06.13,00:00,7700,7745.9,7676.9,7693.4,26935
2018.06.14,00:00,7694,7795.5,7650.3,7770,29515
2018.06.15,00:00,7770.6,7782.5,7627.2,7666.9,34681
2018.06.17,00:00,7666.6,7676.9,7666.4,7674.2,190
2018.06.18,00:00,7673.7,7673.7,7600.6,7650,26489
2018.06.19,00:00,7650.6,7651.1,7542,7627.7,33962
2018.06.20,00:00,7628,7705.5,7616.7,7642.4,27647
2018.06.21,00:00,7643,7680.7,7543.9,7551.2,34882
2018.06.22,00:00,7551.5,7695.7,7548.2,7665.5,29533
2018.06.24,00:00,7667.9,7671.5,7659.8,7669.7,303
2018.06.25,00:00,7670.3,7671.5,7487.6,7511.8,37353
2018.06.26,00:00,7512.4,7582.2,7495.2,7569.9,34788
2018.06.27,00:00,7570.2,7634.4,7511.2,7581.3,47135
2018.06.28,00:00,7581.6,7656.5,7572.5,7638.1,47104
2018.06.29,00:00,7637.8,7706.6,7613.6,7623.2,39580
2018.07.01,00:00,7622.1,7627.5,7597.6,7618.2,840
2018.07.02,00:00,7617.6,7631.7,7535.8,7565.8,39852
2018.07.03,00:00,7566.1,7632.3,7544,7573.7,38556
2018.07.04,00:00,7573.4,7588.2,7558.8,7576.1,20739
2018.07.05,00:00,7575.5,7625.2,7560.4,7616.5,37484
2018.07.06,00:00,7615.9,7649.6,7568.9,7632.9,34065
2018.07.08,00:00,7637.7,7638.9,7617.1,7617.8,203
2018.07.09,00:00,7618.1,7712,7612.6,7708.4,27026
2018.07.10,00:00,7707.8,7715.4,7649.2,7651.9,29268
2018.07.11,00:00,7652.2,7667.4,7566.5,7590.8,34815
2018.07.12,00:00,7591.4,7674.4,7587.1,7666,29372
2018.07.13,00:00,7667.2,7717.4,7656.7,7670.4,26108
2018.07.15,00:00,7677.9,7684.4,7674.6,7683.8,332
2018.07.16,00:00,7684.1,7685,7561.8,7610.2,25458
2018.07.17,00:00,7609.6,7681.9,7578.8,7662.4,28459
2018.07.18,00:00,7663,7686.2,7648.3,7674.5,23978
2018.07.19,00:00,7674.8,7702.9,7658.4,7677.3,29341
2018.07.20,00:00,7677.9,7705.3,7630,7666.5,33294
2018.07.22,00:00,7671.7,7674.2,7668.1,7671.1,257
2018.07.23,00:00,7670.5,7677.9,7620.7,7667,29179
2018.07.24,00:00,7667.2,7740.5,7646.4,7699.3,31449
2018.07.25,00:00,7699.6,7714,7639.8,7662.9,32924
2018.07.26,00:00,7662.6,7700.2,7640.3,7676,31073
2018.07.27,00:00,7676.3,7717.6,7665.9,7669.4,29301
2018.07.29,00:00,7661.8,7674.8,7661.2,7672.8,298
2018.07.30,00:00,7672.2,7717.5,7649.1,7693.3,26726
2018.07.31,00:00,7693,7782.8,7680,7735.5,31531
2018.08.01,00:00,7735.2,7756.4,7628.2,7645.8,32184
2018.08.02,00:00,7646.1,7651.7,7535.4,7624.2,33543
2018.08.03,00:00,7624.5,7680,7590,7675.4,26674
2018.08.05,00:00,7679.4,7679.4,7674.2,7674.8,117
2018.08.06,00:00,7674.2,7692.7,7635,7658.9,24519
2018.08.07,00:00,7658.6,7751.5,7658.3,7716.9,21601
2018.08.08,00:00,7716.5,7790.8,7705.5,7725.9,26981
2018.08.09,00:00,7725.3,7772.9,7712.3,7740.9,23951
2018.08.10,00:00,7741.2,7748.1,7653.9,7673.7,35422
2018.08.12,00:00,7653.4,7659.6,7644.5,7656.8,358
2018.08.13,00:00,7656.2,7662.5,7613.5,7655.4,31119
2018.08.14,00:00,7654.8,7672.8,7597.5,7636.5,29610
2018.08.15,00:00,7637.1,7647.4,7457,7496.8,43516
2018.08.16,00:00,7497.4,7572.9,7488.2,7546.5,27912
2018.08.17,00:00,7545.9,7581.4,7513.4,7563.7,29815
2018.08.19,00:00,7563.1,7572.9,7561.9,7572.3,175
2018.08.20,00:00,7572.9,7617.7,7547.4,7590.4,22478
2018.08.21,00:00,7591,7602.7,7524.9,7526.3,23454
2018.08.22,00:00,7526.9,7609.3,7518.4,7571,23908
2018.08.23,00:00,7570.4,7602.8,7539.4,7547.7,24950
2018.08.24,00:00,7547.2,7587.6,7534.2,7574.4,20725
2018.08.26,00:00,7579.1,7583.2,7578.6,7582,113
2018.08.27,00:00,7582.6,7634.2,7576.1,7633.6,5889
2018.08.28,00:00,7634.2,7638.1,7592.6,7618.6,19481
2018.08.29,00:00,7618,7642.2,7543.1,7568.4,23840
2018.08.30,00:00,7569,7569.4,7479.8,7482.1,24400
2018.08.31,00:00,7482.6,7509.2,7417.5,7455.4,28646
2018.09.02,00:00,7459.5,7461.2,7452.3,7454.5,78
2018.09.03,00:00,7454.2,7516,7426.7,7491.7,20334
2018.09.04,00:00,7491.2,7533.5,7436.9,7448.5,34313
2018.09.05,00:00,7447.9,7457,7357.6,7386.1,38457
2018.09.06,00:00,7386.6,7398.1,7306,7334.3,36219
2018.09.07,00:00,7334.9,7336.7,7225.6,7282.5,36538
2018.09.09,00:00,7284.7,7292.3,7284.7,7290.4,144
2018.09.10,00:00,7289.8,7309.1,7255.6,7280.5,27755
2018.09.11,00:00,7279.8,7292.1,7219.2,7282,28179
2018.09.12,00:00,7282.6,7325.2,7249.4,7288.9,31755
2018.09.13,00:00,7288.3,7318.9,7274.2,7289.2,30307
2018.09.14,00:00,7288.5,7323.7,7280.8,7306.8,28951
2018.09.16,00:00,7299,7299.7,7291.6,7296.4,242
2018.09.17,00:00,7295.7,7318.7,7230.6,7232.5,26105
2018.09.18,00:00,7231.8,7321.6,7231.8,7311.5,30151
2018.09.19,00:00,7310.9,7345.4,7278.5,7343.4,26186
2018.09.20,00:00,7344,7387.3,7323.8,7382.6,23330
2018.09.21,00:00,7382.5,7501,7379.4,7470.3,29335
2018.09.23,00:00,7457.4,7458,7452.3,7456.8,137
2018.09.24,00:00,7465.7,7486,7447.7,7450.9,20275
2018.09.25,00:00,7450.2,7516.9,7443.6,7480.6,23357
2018.09.26,00:00,7480.9,7522.9,7478.1,7491.2,26862
2018.09.27,00:00,7491.5,7557.5,7485.5,7542.7,26517
2018.09.28,00:00,7543.4,7554.2,7473.1,7505.6,32377
2018.09.30,00:00,7516.3,7517.1,7509.9,7516.4,191
2018.10.01,00:00,7517.1,7526.9,7460.2,7490.7,26935
2018.10.02,00:00,7490.1,7498.7,7443.7,7481.9,25520
2018.10.03,00:00,7481.3,7526.8,7475.2,7497.4,21465
2018.10.04,00:00,7496.8,7511.3,7393.2,7421.1,38564
2018.10.05,00:00,7421.7,7443.5,7295.1,7331.7,36658
2018.10.07,00:00,7333.7,7336.9,7324.3,7328.3,400
2018.10.08,00:00,7328.6,7331.5,7221.3,7261.1,39190
2018.10.09,00:00,7261.7,7262.3,7183.6,7236.2,40705
2018.10.10,00:00,7236.9,7243.1,7030,7055.6,58133
2018.10.11,00:00,7056.2,7086.1,6921.1,7033.8,87353
2018.10.12,00:00,7034.5,7074.3,6953.1,7022.3,65271
2018.10.14,00:00,7026.9,7026.9,6988.1,7005.1,1052
2018.10.15,00:00,7004.5,7043.1,6960.5,7019.8,49188
2018.10.16,00:00,7018.7,7090,6998,7081.7,36719
2018.10.17,00:00,7082.2,7095,7018.3,7057.3,40621
2018.10.18,00:00,7056.8,7078.2,6980.6,7013.7,49546
2018.10.19,00:00,7014,7070.5,7008.6,7031.9,51391
2018.10.21,00:00,7016.4,7022.4,7005.6,7013,873
2018.10.22,00:00,7012.4,7114.7,7004.5,7045.6,46574
2018.10.23,00:00,7046.2,7047.3,6927.8,7003.1,58920
2018.10.24,00:00,7003.6,7050,6889.6,6932.5,64300
2018.10.25,00:00,6933.1,7028.7,6885.9,6956,58862
2018.10.26,00:00,6955.4,6979.4,6849.4,6947.3,71607
2018.10.28,00:00,6964.5,6997,6956.4,6976.7,1695
2018.10.29,00:00,6976.1,7086.7,6915.3,6979.8,58511
2018.10.30,00:00,6980.1,7088.7,6970,7078,55641
2018.10.31,00:00,7078.6,7161.1,7065.2,7128.2,42183
2018.11.01,00:00,7127.6,7166,7073.4,7122.5,50016
2018.11.02,00:00,7123.1,7196.2,7071.1,7109.1,52727
