2015.08.13,00:00,11029.7,11156.4,10977.9,10988.9,63693
2015.08.14,00:00,10987.8,11093.4,10908.6,11046,61184
2015.08.16,00:00,11047,11061.7,11047,11057.7,290
2015.08.17,00:00,11056.4,11112.6,10814,10962.2,59895
2015.08.18,00:00,10963.5,10986.4,10880.4,10905.8,64692
2015.08.19,00:00,10906.4,10926.9,10653,10673.5,83725
2015.08.20,00:00,10674.2,10686.8,10254,10267.3,93140
2015.08.21,00:00,10268.5,10435.9,9980.9,9997.799999999999,117997
2015.08.23,00:00,9973.799999999999,9973.799999999999,9900.4,9940.9,3576
2015.08.24,00:00,9939.299999999999,9976.799999999999,9318.9,9672.299999999999,147930
2015.08.25,00:00,9670.799999999999,10187.9,9646.4,9812,156729
2015.08.26,00:00,9811.200000000001,10219.4,9716.299999999999,10200.3,126436
2015.08.27,00:00,10201.9,10383.1,10165.7,10337.2,91461
2015.08.28,00:00,10337.9,10384.3,10185,10282.3,75592
2015.08.30,00:00,10258.8,10263.4,10118.9,10144.1,5748
2015.08.31,00:00,10144.8,10308.7,10130.8,10195.5,63570
2015.09.01,00:00,10196.3,10199,9857.700000000001,9926.6,114166
2015.09.02,00:00,9927.4,10185.4,9908.700000000001,10165.6,102141
2015.09.03,00:00,10163.2,10381.3,10105.3,10246.1,90274
2015.09.04,00:00,10247.6,10250.2,9956.1,10015.8,98939
2015.09.06,00:00,10021.3,10066.6,10019.2,10047,1444
2015.09.07,00:00,10047.8,10183.1,10007.5,10116.2,51459
2015.09.08,00:00,10117,10371.3,10092.5,10310.4,76699
2015.09.09,00:00,10312,10523.2,10106.4,10124.4,88728
2015.09.10,00:00,10126.8,10327.7,10112.1,10260.8,90837
2015.09.11,00:00,10259.3,10299.2,10076.7,10192.3,67508
2015.09.13,00:00,10194.2,10211.1,10184.8,10209.5,690
2015.09.14,00:00,10211.1,10280.7,10082.4,10166.4,67941
2015.09.15,00:00,10165.6,10273.5,10066.9,10262.4,64844
2015.09.16,00:00,10263.2,10337.9,10171.4,10272.1,58935
2015.09.17,00:00,10271.3,10324.4,10130.4,10193.6,58095
2015.09.18,00:00,10192,10218.7,9857.4,9914.299999999999,91948
2015.09.20,00:00,9933.299999999999,9933.299999999999,9900.9,9910.799999999999,950
2015.09.21,00:00,9911.700000000001,10001.2,9781.9,9975.4,72214
2015.09.22,00:00,9976.9,10017.4,9556.9,9583.299999999999,87403
2015.09.23,00:00,9584.799999999999,9710.700000000001,9452.6,9616.9,75580
2015.09.24,00:00,9615.4,9706.700000000001,9361.4,9561.6,100950
2015.09.25,00:00,9563.1,9745.9,9522.9,9581.5,87596
2015.09.27,00:00,9564.200000000001,9585.200000000001,9516.200000000001,9541.200000000001,1224
2015.09.28,00:00,9539.700000000001,9678.4,9434.799999999999,9490,93422
2015.09.29,00:00,9490.700000000001,9536.700000000001,9300.799999999999,9482.4,100378
2015.09.30,00:00,9483.9,9733.4,9455.1,9635.299999999999,87178
2015.10.01,00:00,9636.799999999999,9786.1,9449.9,9560.9,92597
2015.10.02,00:00,9560.200000000001,9689.200000000001,9392.1,9682.700000000001,87226
2015.10.04,00:00,9668.5,9678.4,9644,9646.5,818
2015.10.05,00:00,9647.299999999999,9887.1,9645.5,9853.200000000001,77790
2015.10.06,00:00,9852.4,9956.700000000001,9727.799999999999,9844.6,81043
2015.10.07,00:00,9845.4,10095.1,9844.6,10028.5,85682
2015.10.08,00:00,10029.3,10110.2,9909.1,10088.3,76229
2015.10.09,00:00,10089.8,10147.7,10046,10106,63773
2015.10.11,00:00,10081.1,10090.6,10077.5,10082.1,342
2015.10.12,00:00,10082.8,10186.9,10053.7,10135.8,50174
2015.10.13,00:00,10136.6,10148.4,9937.700000000001,9968.200000000001,67269
2015.10.14,00:00,9969.700000000001,10037.9,9887.200000000001,9925.5,70987
2015.10.15,00:00,9927,10179.1,9922,10164.6,69594
2015.10.16,00:00,10163.1,10167.1,10054.4,10120.7,60192
2015.10.18,00:00,10110.5,10114,10102,10111,246
2015.10.19,00:00,10110,10205.4,10067.7,10146.5,59646
2015.10.20,00:00,10147.2,10193.7,10078.2,10119,55711
2015.10.21,00:00,10118.2,10277.1,10104.5,10181.1,66558
2015.10.22,00:00,10179.6,10642.1,10168.5,10629.8,74086
2015.10.23,00:00,10630.8,10861.4,10585.2,10812.1,74124
2015.10.25,00:00,10815.5,10818.6,10804.3,10809.1,474
2015.10.26,00:00,10808.3,10863.9,10759.4,10795,55141
2015.10.27,00:00,10796.5,10807.4,10683.7,10699.8,58618
2015.10.28,00:00,10698.3,10924.8,10689.7,10900.6,65405
2015.10.29,00:00,10902.2,10907.9,10739.4,10803.9,62406
2015.10.30,00:00,10804.7,10874.8,10745.3,10817.3,58911
2015.11.01,00:00,10799.9,10803,10760.3,10776.8,614
2015.11.02,00:00,10778.4,10991.8,10726.8,10962.3,54229
2015.11.03,00:00,10963.9,10996.7,10880.9,10939.1,54904
2015.11.04,00:00,10937.6,11005.4,10814.3,10837.5,68052
2015.11.05,00:00,10836.7,10963.9,10780.1,10869.3,68091
2015.11.06,00:00,10867.8,11057.1,10839.9,11016.9,69364
2015.11.08,00:00,11007.7,11017.6,11004.6,11009.7,364
2015.11.09,00:00,11008.9,11047.9,10785.5,10818.1,64182
2015.11.10,00:00,10819.8,10871.4,10725.7,10835,62602
2015.11.11,00:00,10834.2,10994.3,10834.2,10864.7,59960
2015.11.12,00:00,10866.3,10958.3,10693.4,10725.6,73408
2015.11.13,00:00,10724.8,10815.4,10605.2,10641,81748
2015.11.15,00:00,10478,10547.9,10469.3,10518.8,1034
2015.11.16,00:00,10517.3,10818.2,10484.9,10797.2,79368
2015.11.17,00:00,10796.4,10977.8,10782,10890.5,67152
2015.11.18,00:00,10891.4,11047.2,10875.7,11037.4,65507
2015.11.19,00:00,11035.8,11151.2,11026.9,11036.5,59040
2015.11.20,00:00,11034.9,11163.2,11029.9,11108.8,56551
2015.11.22,00:00,11110.6,11143.9,11110.6,11129.6,694
2015.11.23,00:00,11128.7,11137.2,11023.7,11061.4,54001
2015.11.24,00:00,11063,11079.2,10867.4,10957.6,73977
2015.11.25,00:00,10956,11186.7,10918.4,11164,54105
2015.11.26,00:00,11163.2,11366.9,11150.7,11309.5,37646
2015.11.27,00:00,11307.8,11352.9,11241.6,11296.4,48351
2015.11.29,00:00,11276.1,11282.2,11258.5,11272.3,444
2015.11.30,00:00,11273.1,11430.4,11250.6,11390.1,55317
2015.12.01,00:00,11388.4,11426.9,11233.2,11266.1,62368
2015.12.02,00:00,11267.8,11331.6,11076.8,11117.4,67714
2015.12.03,00:00,11115.8,11320.3,10638.3,10686.7,101495
2015.12.04,00:00,10688.3,10878.4,10629.6,10862.3,83950
2015.12.06,00:00,10877.7,10886.6,10852.1,10865.1,654
2015.12.07,00:00,10863.4,10992.7,10803.9,10923.7,71346
2015.12.08,00:00,10922.1,10927,10612.1,10682.7,81149
2015.12.09,00:00,10681.1,10718.4,10447.7,10519.1,99962
2015.12.10,00:00,10520.7,10663.8,10498.4,10577,81304
2015.12.11,00:00,10575.4,10610.9,10239,10259.8,99681
2015.12.13,00:00,10281.6,10319.3,10276.2,10307.1,1130
2015.12.14,00:00,10308.7,10445.9,10120.7,10309.8,105871
2015.12.15,00:00,10311.4,10487.4,10224.4,10448.3,77630
2015.12.16,00:00,10446.7,10649.4,10420.7,10615.3,77054
2015.12.17,00:00,10616.9,10831.3,10526.4,10653,71019
2015.12.18,00:00,10654.7,10731.2,10495.6,10519.4,75601
2015.12.20,00:00,10535.8,10548,10524.3,10537.5,1344
2015.12.21,00:00,10536.2,10798.3,10471.3,10569.8,67564
2015.12.22,00:00,10571.1,10633.6,10397.4,10568.9,65940
2015.12.23,00:00,10568.2,10762.4,10550,10739.1,52591
2015.12.24,00:00,10739.7,10769.1,10715.2,10721.7,4754
2015.12.27,00:00,10724.6,10734.7,10714,10717.9,482
2015.12.28,00:00,10716.6,10768.7,10621.4,10693,34428
2015.12.29,00:00,10693.6,10875.2,10682,10851.9,43270
2015.12.30,00:00,10852.5,10877.2,10678.8,10698.6,37648
2015.12.31,00:00,10697.9,10703.2,10578.7,10613.9,13798
2016.01.03,00:00,10632.3,10654.8,10632.3,10646.7,848
2016.01.04,00:00,10647.3,10663.7,10247.7,10367.3,94203
2016.01.05,00:00,10368.1,10399.9,10169.7,10335.9,80660
2016.01.06,00:00,10334.3,10349.8,10091.9,10209,93823
2016.01.07,00:00,10206.7,10218.2,9785.6,9828.5,97253
2016.01.08,00:00,9827.6,10123.5,9719.4,9738.6,94895
2016.01.10,00:00,9693.6,9702.700000000001,9615.200000000001,9635.9,2752
2016.01.11,00:00,9636.799999999999,9978.1,9618.6,9929.200000000001,93882
2016.01.12,00:00,9930,10093.2,9775.799999999999,10014.1,88950
2016.01.13,00:00,10015.8,10165,9734.799999999999,9768.700000000001,89941
2016.01.14,00:00,9770.4,9941.799999999999,9610.799999999999,9910.4,97616
2016.01.15,00:00,9911.299999999999,9927.700000000001,9409.799999999999,9483.700000000001,122729
2016.01.17,00:00,9418.700000000001,9469.799999999999,9377.200000000001,9443.5,1491
2016.01.18,00:00,9445.1,9659.299999999999,9423.1,9533,78209
2016.01.19,00:00,9534.700000000001,9758.200000000001,9522.4,9611.1,107455
2016.01.20,00:00,9609.4,9611.9,9253.6,9515.9,134919
2016.01.21,00:00,9519.200000000001,9664.200000000001,9333.6,9593.4,122423
2016.01.22,00:00,9592.6,9838.4,9525.200000000001,9819.1,82998
2016.01.24,00:00,9848.1,9853.1,9816.299999999999,9830.200000000001,712
2016.01.25,00:00,9829.299999999999,9845.6,9634.200000000001,9644.700000000001,86006
2016.01.26,00:00,9645.6,9868.4,9560.799999999999,9807.5,87646
2016.01.27,00:00,9809.299999999999,9926.9,9715.700000000001,9736.9,91692
2016.01.28,00:00,9737.799999999999,9904.9,9589.700000000001,9647.6,101402
2016.01.29,00:00,9646.799999999999,9840.4,9611.9,9833.299999999999,73969
2016.01.31,00:00,9828.6,9839.700000000001,9813.799999999999,9818.299999999999,596
2016.02.01,00:00,9819.1,9848.200000000001,9635.700000000001,9715.4,67276
2016.02.02,00:00,9713.700000000001,9746.200000000001,9477.200000000001,9485.5,69544
2016.02.03,00:00,9487.200000000001,9577.700000000001,9350.200000000001,9523.5,81247
2016.02.04,00:00,9521.700000000001,9622.4,9264,9354.799999999999,86899
2016.02.05,00:00,9353.1,9470.299999999999,9224.5,9240.700000000001,83608
2016.02.07,00:00,9268.299999999999,9275.5,9245,9252.799999999999,463
2016.02.08,00:00,9258,9336,8919.6,8975.200000000001,92527
2016.02.09,00:00,8974.299999999999,9041.1,8771.9,8934.4,104311
2016.02.10,00:00,8932.700000000001,9128.9,8835.5,8883.6,101936
2016.02.11,00:00,8885.299999999999,8918.9,8695.299999999999,8878.700000000001,105479
2016.02.12,00:00,8879.5,8993.299999999999,8810.5,8988.299999999999,82916
2016.02.14,00:00,9027.700000000001,9049.6,9017.4,9040.4,652
2016.02.15,00:00,9042.1,9249.200000000001,9025.299999999999,9196.200000000001,57449
2016.02.16,00:00,9198,9271.799999999999,9077.9,9187.9,77247
2016.02.17,00:00,9189.6,9446.1,9130.799999999999,9441.6,70501
2016.02.18,00:00,9442.5,9552.9,9347.5,9459.200000000001,70651
2016.02.19,00:00,9460.1,9486.200000000001,9317.200000000001,9372.700000000001,68000
2016.02.21,00:00,9318.700000000001,9327.799999999999,9310.1,9324.700000000001,199
2016.02.22,00:00,9326.4,9586.4,9326.4,9530.299999999999,59899
2016.02.23,00:00,9529.4,9543.299999999999,9364.5,9372,76410
2016.02.24,00:00,9370.299999999999,9425.799999999999,9122.4,9336.6,98132
2016.02.25,00:00,9338.299999999999,9403.1,9198,9392.200000000001,89880
2016.02.26,00:00,9393.9,9575.299999999999,9379.700000000001,9451.299999999999,85497
2016.02.28,00:00,9444,9455.200000000001,9427,9440.200000000001,342
2016.02.29,00:00,9441.9,9508,9330.5,9419,83070
2016.03.01,00:00,9417.5,9787,9349.1,9759.799999999999,69649
2016.03.02,00:00,9758.200000000001,9846.1,9693.9,9753.1,72893
2016.03.03,00:00,9752.299999999999,9817.200000000001,9707.4,9772.799999999999,65961
2016.03.04,00:00,9773.6,9900.6,9739.799999999999,9772.799999999999,78943
2016.03.06,00:00,9765,9780.1,9764.299999999999,9766.299999999999,281
2016.03.07,00:00,9764.799999999999,9809.6,9687.200000000001,9774.6,72670
2016.03.08,00:00,9773.799999999999,9788.700000000001,9614.200000000001,9690.4,81616
2016.03.09,00:00,9689.6,9839.9,9672,9706.9,80346
2016.03.10,00:00,9705.4,9996.6,9395.6,9516.9,98791
2016.03.11,00:00,9520.6,9894.4,9515.4,9888.5,86517
2016.03.13,00:00,9872,9882.700000000001,9859.700000000001,9875.5,398
2016.03.14,00:00,9873.9,10041.2,9858.6,9990.799999999999,67009
2016.03.15,00:00,9989.200000000001,9992.299999999999,9888,9964.4,63975
2016.03.16,00:00,9963.700000000001,10022,9914.9,10004.2,71188
2016.03.17,00:00,10002.7,10068.2,9746.6,9885.6,66072
2016.03.18,00:00,9887.1,9960.200000000001,9820.4,9942.700000000001,56457
2016.03.20,00:00,9926.799999999999,9930.299999999999,9916.6,9927.799999999999,214
2016.03.21,00:00,9926.200000000001,10096.7,9857.700000000001,9940.9,56118
2016.03.22,00:00,9940.1,10002.7,9756.200000000001,9978.4,68202
2016.03.23,00:00,9979.9,10115.4,9952.799999999999,9987.9,61392
2016.03.24,00:00,9986.4,9991,9836.9,9894.700000000001,56778
2016.03.27,00:00,9897.700000000001,9904.200000000001,9893.5,9895.1,210
2016.03.28,00:00,9893.5,9943.6,9838.5,9885.9,6930
2016.03.29,00:00,9885.1,9953.4,9804.200000000001,9925.4,60088
2016.03.30,00:00,9926.200000000001,10095.4,9923,10026.3,53350
2016.03.31,00:00,10024.8,10033.9,9915.700000000001,9941.4,56100
2016.04.01,00:00,9942.9,9951.6,9673.700000000001,9815.799999999999,70299
2016.04.03,00:00,9804.1,9808.1,9796.1,9806.6,113
2016.04.04,00:00,9805.1,9906.700000000001,9727.4,9748.4,59667
2016.04.05,00:00,9746.9,9755.799999999999,9516,9542.4,66134
2016.04.06,00:00,9543.9,9665.6,9499.9,9640.6,57148
2016.04.07,00:00,9639.200000000001,9703.4,9440.4,9455.6,65901
2016.04.08,00:00,9456.4,9677.1,9445.4,9615.6,59429
2016.04.10,00:00,9606.5,9611.299999999999,9593.6,9600.9,238
2016.04.11,00:00,9601.6,9753.4,9521.4,9626,66165
2016.04.12,00:00,9627.4,9799.200000000001,9615.1,9787.5,68123
2016.04.13,00:00,9785.799999999999,10041.7,9782.6,10018,59839
2016.04.14,00:00,10019.6,10104.9,10005.7,10079.8,56037
2016.04.15,00:00,10081.5,10101.9,10010.4,10042.2,46330
2016.04.17,00:00,9964.4,9992.700000000001,9962.700000000001,9981.5,417
2016.04.18,00:00,9983.1,10148.9,9904.299999999999,10132.6,54307
2016.04.19,00:00,10130.9,10372.5,10130.9,10344.4,55868
2016.04.20,00:00,10346.2,10458.5,10278.7,10436.9,55615
2016.04.21,00:00,10438.7,10528.8,10338.1,10368.5,66425
2016.04.22,00:00,10369.4,10425.3,10321.8,10401.4,57077
2016.04.24,00:00,10427.5,10432.3,10415,10418.8,161
2016.04.25,00:00,10417,10423.4,10227.3,10316,55956
2016.04.26,00:00,10317.8,10385.1,10209.7,10275.1,55074
2016.04.27,00:00,10276.3,10350.5,10219.8,10346.6,54006
2016.04.28,00:00,10344.8,10361.4,10122.7,10230.3,62272
2016.04.29,00:00,10232.1,10253.6,10026,10067.5,66750
2016.05.01,00:00,10058.5,10073.6,10054.9,10059.2,193
2016.05.02,00:00,10060.1,10153.9,10031.8,10132.5,42235
2016.05.03,00:00,10134.3,10140.1,9915.9,9940.5,63734
2016.05.04,00:00,9942.299999999999,9959.700000000001,9804,9835.4,59180
2016.05.05,00:00,9837.200000000001,9923.700000000001,9800.200000000001,9807.299999999999,51934
2016.05.06,00:00,9809.1,9928.5,9734.200000000001,9926.700000000001,58991
2016.05.08,00:00,9913.6,9941.6,9913.299999999999,9938.1,220
2016.05.09,00:00,9939.1,10069.4,9875.700000000001,9956.299999999999,55508
2016.05.10,00:00,9954.5,10109.9,9954.5,10075.4,53896
2016.05.11,00:00,10073.6,10087.9,9906.6,9927.200000000001,55287
2016.05.12,00:00,9928.9,10083.6,9836.5,9876.200000000001,61982
2016.05.13,00:00,9878,9982.700000000001,9760.1,9877.6,67664
2016.05.15,00:00,9832.9,9852.200000000001,9825.9,9852.200000000001,126
2016.05.16,00:00,9853.1,9977.799999999999,9852.200000000001,9951.1,8039
2016.05.17,00:00,9952.1,10082.4,9815.299999999999,9835.700000000001,66827
2016.05.18,00:00,9837.5,9963.299999999999,9794.5,9926.200000000001,70231
2016.05.19,00:00,9924.4,9940.5,9769.700000000001,9840.700000000001,75390
2016.05.20,00:00,9842.5,9923.4,9830.200000000001,9910.9,57144
2016.05.22,00:00,9920.5,9925.799999999999,9913.5,9915.299999999999,158
2016.05.23,00:00,9913.5,9973.700000000001,9808.700000000001,9837.200000000001,60501
2016.05.24,00:00,9836.200000000001,10134,9770.4,10134,57041
2016.05.25,00:00,10135.7,10235.2,10130.4,10201,51335
2016.05.26,00:00,10199.2,10299.3,10173.4,10295.4,47169
2016.05.27,00:00,10296.3,10320.9,10242.2,10305.2,39721
2016.05.29,00:00,10313.2,10334.1,10312.4,10331.5,109
2016.05.30,00:00,10332.3,10351.7,10284.9,10328.6,17099
2016.05.31,00:00,10329.5,10372.8,10227.5,10267.3,46957
2016.06.01,00:00,10269.1,10287.7,10159.9,10205.5,55909
2016.06.02,00:00,10207.3,10260.2,10151.9,10243,53199
2016.06.03,00:00,10244.7,10284.2,10036.9,10109.1,56507
2016.06.05,00:00,10110.2,10120.7,10110.2,10113.7,117
2016.06.06,00:00,10112,10151.7,10083,10124,48685
2016.06.07,00:00,10125.7,10314.7,10115.3,10252.5,43377
2016.06.08,00:00,10254.2,10267.8,10173.9,10220,44855
2016.06.09,00:00,10218.2,10224.5,10046.2,10071,52323
2016.06.10,00:00,10072.7,10084.6,9773.5,9793.799999999999,60895
2016.06.12,00:00,9760.799999999999,9760.799999999999,9735.299999999999,9745.1,237
2016.06.13,00:00,9746.799999999999,9759.799999999999,9562.5,9571.299999999999,70165
2016.06.14,00:00,9573.200000000001,9632.299999999999,9505,9539.299999999999,68746
2016.06.15,00:00,9541.200000000001,9667.5,9531.700000000001,9569.4,59428
2016.06.16,00:00,9571.4,9666.299999999999,9429.1,9650.6,61758
2016.06.17,00:00,9652.5,9722.5,9575.4,9691.6,65294
2016.06.19,00:00,9820.6,9850.700000000001,9804.6,9829,444
2016.06.20,00:00,9826.6,9995.200000000001,9808.200000000001,9961,55911
2016.06.21,00:00,9958.9,10121.8,9916.9,10049.4,61564
2016.06.22,00:00,10051.6,10150.7,10036.3,10127.6,55665
2016.06.23,00:00,10125.5,10471.2,10102.7,10334.1,74608
2016.06.24,00:00,10335.1,10348.5,9152.5,9415.6,89147
2016.06.26,00:00,9340.200000000001,9354.5,9275.6,9352.299999999999,729
2016.06.27,00:00,9354.799999999999,9590.9,9213.700000000001,9345.1,88047
2016.06.28,00:00,9347.200000000001,9555.4,9313.799999999999,9507.6,69883
2016.06.29,00:00,9508.6,9697.299999999999,9456.5,9659.6,65148
2016.06.30,00:00,9658.6,9794.6,9511.9,9720.5,70200
2016.07.01,00:00,9718.700000000001,9805.5,9657,9759.9,59228
2016.07.03,00:00,9771.799999999999,9771.799999999999,9751.9,9757.5,99
2016.07.04,00:00,9755.6,9811.200000000001,9697.1,9710.9,31189
2016.07.05,00:00,9712.799999999999,9714.6,9463.299999999999,9486.700000000001,60315
2016.07.06,00:00,9488.5,9532.5,9302.200000000001,9417.1,76917
2016.07.07,00:00,9418.9,9507.4,9362,9393.200000000001,60815
2016.07.08,00:00,9395,9655,9361.700000000001,9639.700000000001,58162
2016.07.10,00:00,9625,9631.799999999999,9625,9630,74
2016.07.11,00:00,9628.200000000001,9844.5,9626.200000000001,9787.5,55052
2016.07.12,00:00,9789.299999999999,10016.2,9775.700000000001,9948.799999999999,47977
2016.07.13,00:00,9950.6,10002.2,9899.299999999999,9913.5,49185
2016.07.14,00:00,9914.4,10110.9,9907.9,10033.1,53977
2016.07.15,00:00,10035,10101.4,9975.4,10010.9,52458
2016.07.17,00:00,10080.7,10123.9,10068,10106.7,241
2016.07.18,00:00,10108.6,10164.4,10010.4,10056.7,46976
2016.07.19,00:00,10054.8,10056.7,9919.700000000001,9977.5,47845
2016.07.20,00:00,9979.299999999999,10147.8,9962.299999999999,10125.4,40831
2016.07.21,00:00,10127.2,10198.6,10088.1,10125.9,54991
2016.07.22,00:00,10124.1,10182.2,10068.6,10158.4,46162
2016.07.24,00:00,10149.7,10157.3,10146.8,10157.3,57
2016.07.25,00:00,10159.2,10264.9,10116.1,10180.5,45597
2016.07.26,00:00,10178.6,10282.9,10147.4,10266.6,48885
2016.07.27,00:00,10267.6,10351.2,10267.6,10296.1,48206
2016.07.28,00:00,10294.2,10385.9,10264.7,10347.1,50946
2016.07.29,00:00,10348,10367.5,10285.1,10356.2,49864
2016.07.31,00:00,10372.4,10398.4,10370.5,10374.7,103
2016.08.01,00:00,10368.9,10472.3,10273.4,10299,45679
2016.08.02,00:00,10297.1,10340.9,10113.8,10145.6,54597
2016.08.03,00:00,10147.5,10214.8,10091.9,10202.2,49561
2016.08.04,00:00,10204.1,10283.5,10179.7,10233.8,48186
2016.08.05,00:00,10232.8,10373.9,10212.7,10364.5,39362
2016.08.07,00:00,10363.5,10384.1,10357.8,10382.2,48
2016.08.08,00:00,10380.3,10479.5,10367.9,10421.2,31544
2016.08.09,00:00,10419.3,10702.7,10408.8,10666.1,36688
2016.08.10,00:00,10667.1,10712.1,10626.3,10640.1,37697
2016.08.11,00:00,10642,10740.9,10630.9,10718,41084
2016.08.12,00:00,10719.9,10736.9,10683.4,10707.6,32977
2016.08.14,00:00,10702.7,10709.6,10701.7,10706.6,31
2016.08.15,00:00,10704.6,10806.9,10702.6,10730.4,25926
2016.08.16,00:00,10731.4,10739.4,10631.7,10670.4,40634
2016.08.17,00:00,10672.3,10703.9,10512.9,10597.6,45308
2016.08.18,00:00,10599.5,10627.4,10547.2,10593.2,35766
2016.08.19,00:00,10591.2,10630.5,10490.1,10570.6,43202
2016.08.21,00:00,10567.6,10567.6,10557.9,10559.8,63
2016.08.22,00:00,10561.7,10658.6,10387.6,10504.5,49375
2016.08.23,00:00,10502.6,10626.7,10494.8,10585.6,41041
2016.08.24,00:00,10587.6,10654.2,10516.4,10591,45357
2016.08.25,00:00,10593,10616.8,10467.1,10521.5,48236
2016.08.26,00:00,10523.4,10615.4,10453.5,10512.1,52763
2016.08.28,00:00,10501.4,10509.2,10492.6,10498.5,109
2016.08.29,00:00,10500.5,10577.9,10438.2,10572.8,32948
2016.08.30,00:00,10574.7,10688.2,10559.1,10646.7,41064
2016.08.31,00:00,10648.6,10665.7,10552.8,10583.5,45467
2016.09.01,00:00,10585.5,10678.9,10489.9,10563.3,52539
2016.09.02,00:00,10565.2,10728,10514.4,10719.1,52290
2016.09.04,00:00,10712.2,10743.8,10712.2,10732.9,80
2016.09.05,00:00,10733.9,10752.7,10669.5,10675.1,27545
2016.09.06,00:00,10673.2,10740.8,10654.6,10691.5,40890
2016.09.07,00:00,10689.6,10776.5,10657.3,10733.9,42596
2016.09.08,00:00,10735.9,10779.5,10567.2,10653.7,54360
2016.09.09,00:00,10654.7,10672.9,10416.9,10425.7,60831
2016.09.11,00:00,10440.6,10447.5,10365.4,10394.9,411
2016.09.12,00:00,10392.9,10553.1,10308.5,10524,71520
2016.09.13,00:00,10526,10538.7,10351.3,10431.9,69091
2016.09.14,00:00,10433.6,10459.1,10323.8,10351.8,62728
2016.09.15,00:00,10353.5,10473,10299.7,10423.9,49701
2016.09.16,00:00,10424.7,10444.4,10244.7,10299.5,61636
2016.09.18,00:00,10299.7,10308.8,10294.3,10294.3,98
2016.09.19,00:00,10295.2,10385.8,10292.6,10356.2,46334
2016.09.20,00:00,10357.9,10467.5,10339.2,10400.9,46402
2016.09.21,00:00,10400.2,10535.4,10366.2,10498.4,55825
2016.09.22,00:00,10497,10706.9,10491.8,10666.9,49502
2016.09.23,00:00,10665.4,10686.9,10603.4,10607.6,40628
2016.09.25,00:00,10604.5,10618.2,10604.5,10616.7,101
2016.09.26,00:00,10618.7,10626.2,10379.2,10379.9,47764
2016.09.27,00:00,10381.4,10465.8,10263.3,10393.7,58594
2016.09.28,00:00,10395.4,10523.8,10356.2,10503.6,59616
2016.09.29,00:00,10501.9,10578,10255.1,10290.5,69166
2016.09.30,00:00,10292.1,10551.7,10184.3,10505.7,68715
2016.10.02,00:00,10510.9,10531.8,10504.8,10528.1,164
2016.10.03,00:00,10529.8,10562.9,10453.3,10500.3,8032
2016.10.04,00:00,10502,10647,10488.4,10561.8,66472
2016.10.05,00:00,10560.1,10630.3,10484,10618.8,48494
2016.10.06,00:00,10619.7,10645.9,10535.6,10597.5,50613
2016.10.07,00:00,10595.8,10597.7,10450,10488.1,67014
2016.10.09,00:00,10519.6,10521,10503.8,10509.6,217
2016.10.10,00:00,10508.1,10650.7,10453.7,10646.9,44745
2016.10.11,00:00,10648.4,10693.5,10545,10579.1,57035
2016.10.12,00:00,10577.6,10625.8,10502,10538.2,50420
2016.10.13,00:00,10536.7,10550.6,10346.9,10441.7,62859
2016.10.14,00:00,10443.2,10617.4,10421.1,10581.9,55758
2016.10.16,00:00,10587.1,10591.1,10545.1,10555.8,285
2016.10.17,00:00,10554.3,10583.9,10486,10503.1,49458
2016.10.18,00:00,10504.6,10658.5,10503.1,10629.3,43841
2016.10.19,00:00,10630.3,10673.2,10588,10651.4,37730
2016.10.20,00:00,10649.9,10747.9,10589.1,10712.6,50364
2016.10.21,00:00,10715.7,10735.6,10669.9,10727.6,42772
2016.10.23,00:00,10726.9,10749.9,10723.9,10743.9,158
2016.10.24,00:00,10745.4,10822.6,10703.1,10773.8,35885
2016.10.25,00:00,10775.3,10829.8,10736.2,10748.5,41463
2016.10.26,00:00,10747,10772.3,10628.4,10686.9,50612
2016.10.27,00:00,10685.4,10772.7,10643.9,10707.7,55799
2016.10.28,00:00,10706.1,10719.2,10577.7,10662.1,67626
2016.10.30,00:00,10622.2,10653.8,10616.2,10642.8,235
2016.10.31,00:00,10641.2,10692.3,10628.2,10674,43003
2016.11.01,00:00,10672.5,10742.3,10454.5,10493,65528
2016.11.02,00:00,10491.5,10497.5,10331.3,10389.4,67082
2016.11.03,00:00,10390.9,10407.8,10294.5,10311.1,62536
2016.11.04,00:00,10309.6,10323.5,10200.3,10217.3,59621
2016.11.06,00:00,10348.7,10357.9,10303.6,10310,632
2016.11.07,00:00,10308.7,10478.3,10298.9,10459.5,45530
2016.11.08,00:00,10458.1,10601.6,10412.6,10586,52926
2016.11.09,00:00,10584.4,10683,9961.9,10647.2,137832
2016.11.10,00:00,10648.8,10798.5,10574.5,10678.7,102569
2016.11.11,00:00,10677.1,10714.2,10585,10686,73255
2016.11.13,00:00,10710.8,10739.3,10707.5,10733.5,227
2016.11.14,00:00,10731.9,10801,10668.1,10708.7,73915
2016.11.15,00:00,10710.3,10774.6,10664.6,10765.7,53804
2016.11.16,00:00,10767.3,10800.1,10609.4,10651.7,59532
2016.11.17,00:00,10650.1,10740.4,10603.7,10723.1,52001
2016.11.18,00:00,10724.7,10749.4,10647,10663,51980
2016.11.20,00:00,10666.8,10675.2,10666.2,10670,106
2016.11.21,00:00,10668.4,10727.5,10591.7,10692.8,45224
2016.11.22,00:00,10694.4,10776.7,10692.8,10734.3,42822
2016.11.23,00:00,10737.5,10753.4,10601.9,10658.2,49512
2016.11.24,00:00,10656.6,10718.2,10649.2,10687.2,24736
2016.11.25,00:00,10685.6,10715.3,10648.9,10702.3,28219
2016.11.27,00:00,10673.3,10694,10670.1,10688.3,91
2016.11.28,00:00,10689.9,10694.1,10542.7,10547.9,47593
2016.11.29,00:00,10549.4,10646.9,10538.4,10620,46811
2016.11.30,00:00,10620.8,10694.6,10603.4,10631.5,52331
2016.12.01,00:00,10629.9,10646.6,10477.2,10482.8,62983
2016.12.02,00:00,10483.6,10547.6,10402.6,10519.8,52867
2016.12.04,00:00,10358.2,10455.7,10355.8,10438.2,477
2016.12.05,00:00,10440.6,10739.8,10423.3,10709.7,65537
2016.12.06,00:00,10711.3,10841.5,10665.4,10821.6,50215
2016.12.07,00:00,10822.4,11086.3,10815.9,11023.3,53195
2016.12.08,00:00,11024.9,11205.6,10985.8,11176.4,62194
2016.12.09,00:00,11177.2,11241.7,11145,11238.5,44727
2016.12.11,00:00,11243.5,11362.1,11243.5,11307.2,388
2016.12.12,00:00,11308.8,11322.5,11142,11154.5,45780
2016.12.13,00:00,11156.1,11307.4,11152.8,11279.8,44218
2016.12.14,00:00,11278.2,11320.8,11219.5,11245.2,49660
2016.12.15,00:00,11246.8,11397.8,11238,11385.3,54310
2016.12.16,00:00,11386.9,11451,11351.3,11399.2,48613
2016.12.18,00:00,11408.6,11429,11405.6,11417.1,157
2016.12.19,00:00,11417.9,11429.9,11378.5,11407.8,31008
2016.12.20,00:00,11409.4,11471.7,11402.8,11453.3,29186
2016.12.21,00:00,11451.6,11480,11442.4,11459.9,24804
2016.12.22,00:00,11461.5,11476.2,11425.9,11449.4,23888
2016.12.23,00:00,11451,11483.9,11404.9,11450.7,18493
2016.12.26,00:00,11454.8,11465.1,11454.8,11460.1,50
2016.12.27,00:00,11461.8,11481.5,11425.1,11463.1,12304
2016.12.28,00:00,11461.4,11479.2,11430.3,11444.8,19185
2016.12.29,00:00,11443.1,11460.5,11410,11433.9,22910
2016.12.30,00:00,11435.5,11485.3,11401,11430.1,24510
2017.01.02,00:00,11416.8,11618.5,11415.8,11602.3,13220
2017.01.03,00:00,11600.6,11645.3,11552.3,11590.3,39047
2017.01.04,00:00,11588.6,11618.8,11530.3,11580.1,30881
2017.01.05,00:00,11579.3,11603.5,11531.5,11572.1,32504
2017.01.06,00:00,11570.5,11619.5,11545.7,11606.5,30262
2017.01.08,00:00,11611.7,11622.3,11611.7,11620.6,113
2017.01.09,00:00,11619,11639.6,11520.7,11538.8,28821
2017.01.10,00:00,11540.5,11604,11522.3,11573.2,27291
2017.01.11,00:00,11574.9,11695.4,11523,11651,40082
2017.01.12,00:00,11652.7,11652.7,11490.5,11560.1,36924
2017.01.13,00:00,11559.3,11635.8,11552.3,11607.2,29566
2017.01.15,00:00,11599.4,11603.1,11593.8,11597.1,99
2017.01.16,00:00,11597.9,11602.7,11529,11557.1,16752
2017.01.17,00:00,11555.5,11587.5,11425.8,11555,39579
2017.01.18,00:00,11556.6,11621.7,11529.9,11617.6,27959
2017.01.19,00:00,11618.4,11644.2,11558.7,11589.6,33578
2017.01.20,00:00,11591.3,11633.6,11545.2,11619.7,37604
2017.01.22,00:00,11610,11610,11570.7,11578.7,147
2017.01.23,00:00,11580.4,11607.2,11507.1,11564.9,34599
2017.01.24,00:00,11566.6,11643.5,11539.2,11634,27911
2017.01.25,00:00,11635.6,11830,11619.4,11817.4,31981
2017.01.26,00:00,11815.7,11892.5,11809,11828.1,29763
2017.01.27,00:00,11826.4,11853,11799,11810.1,25530
2017.01.29,00:00,11769,11782.4,11761,11767.3,137
2017.01.30,00:00,11765.6,11794,11659.7,11704.1,31837
2017.01.31,00:00,11705.8,11733.6,11533.8,11591.4,39952
2017.02.01,00:00,11589.7,11724.8,11583.1,11651.3,39710
2017.02.02,00:00,11649.7,11676.7,11601.5,11641.3,39447
2017.02.03,00:00,11639.6,11696.3,11613.3,11658.4,31804
2017.02.05,00:00,11659.2,11665.9,11645.4,11648,70
2017.02.06,00:00,11646.4,11681.2,11479.2,11504,41305
2017.02.07,00:00,11502.2,11605.5,11463.2,11542.5,34768
2017.02.08,00:00,11544.3,11589.7,11480.3,11554.8,38690
2017.02.09,00:00,11553,11659.7,11537.9,11652.9,36259
2017.02.10,00:00,11654.7,11719.2,11642.6,11665.7,33785
2017.02.12,00:00,11674.1,11683.7,11671.1,11681.7,96
2017.02.13,00:00,11680,11812.5,11666.4,11782.9,29076
2017.02.14,00:00,11781.2,11808.9,11749.5,11793.4,30514
2017.02.15,00:00,11791.7,11847.2,11721.7,11799,35067
2017.02.16,00:00,11799.9,11812.7,11727.3,11762.7,35526
2017.02.17,00:00,11761,11797.7,11692,11787.3,39655
2017.02.19,00:00,11777.4,11778.6,11767.3,11775.4,135
2017.02.20,00:00,11773.6,11860.2,11767.6,11827.5,18212
2017.02.21,00:00,11829.3,11996.8,11797.2,11980.5,33711
2017.02.22,00:00,11978.7,12031.5,11965.8,12004.1,38794
2017.02.23,00:00,12002.4,12014.9,11925.2,11938,33644
2017.02.24,00:00,11939.8,11950.6,11720.2,11821.5,47928
2017.02.26,00:00,11843.7,11865.7,11841.9,11845.9,158
2017.02.27,00:00,11844.9,11863.9,11792.2,11841.4,33548
2017.02.28,00:00,11840.5,11861.9,11779.6,11840.4,31697
2017.03.01,00:00,11842.1,12099.3,11837.1,12080.2,40772
2017.03.02,00:00,12078.2,12088.8,12025.5,12033.4,31114
2017.03.03,00:00,12035.1,12057.3,11989.5,12015.1,35495
2017.03.05,00:00,11983.2,11989.1,11953.1,11954.9,293
2017.03.06,00:00,11953.1,12001,11919.3,11968.4,31054
2017.03.07,00:00,11966.6,11994.8,11931.3,11933,27450
2017.03.08,00:00,11934.8,12018.8,11906.8,11951.5,37755
2017.03.09,00:00,11949.8,12025.5,11917.3,12002.7,39411
2017.03.10,00:00,12003.5,12067,11931.8,11953.1,39749
2017.03.12,00:00,11957.2,11962.5,11929.6,11931.9,179
2017.03.13,00:00,11933.6,12017.1,11931.9,12005.4,26636
2017.03.14,00:00,12003.8,12013.8,11927.5,11990.3,34029
2017.03.15,00:00,11992,12073.3,11977.4,12073.3,30080
2017.03.16,00:00,12072.5,12178.6,12043.8,12071.7,33654
2017.03.17,00:00,12073.4,12118,12017.5,12082,31335
2017.03.19,00:00,12068,12074.7,12059.1,12067.8,185
2017.03.20,00:00,12066.1,12082.2,12028.7,12046,25311
2017.03.21,00:00,12044.4,12112.1,11880.8,11895.5,54647
2017.03.22,00:00,11897,11962.2,11849.6,11962.2,49594
2017.03.23,00:00,11960.7,12046.9,11894.9,12021.2,48311
2017.03.24,00:00,12022.7,12096.5,12007.5,12075.3,45377
2017.03.26,00:00,12037.8,12047.3,12002.1,12021,406
2017.03.27,00:00,12019.5,12038.2,11914.3,12034.5,50616
2017.03.28,00:00,12036.1,12186.1,12033,12176.4,39841
2017.03.29,00:00,12178,12237.1,12163.6,12204.5,38821
2017.03.30,00:00,12206,12278.9,12198.4,12265.9,32616
2017.03.31,00:00,12265.1,12341.1,12217.3,12311.5,34483
2017.04.02,00:00,12330,12335,12326.8,12330.8,109
2017.04.03,00:00,12331.5,12386.1,12206.8,12272.2,43926
2017.04.04,00:00,12271.4,12312.9,12226.3,12306.6,38057
2017.04.05,00:00,12308.2,12308.2,12143.6,12169.2,45832
2017.04.06,00:00,12170.7,12243.1,12114.4,12230.8,50155
2017.04.07,00:00,12231.6,12252.6,12118.3,12228.3,49673
2017.04.09,00:00,12221.3,12227.2,12211,12225.6,69
2017.04.10,00:00,12227.2,12281,12172.7,12192.4,36774
2017.04.11,00:00,12190.9,12221.4,12044.4,12175.7,54355
2017.04.12,00:00,12177.2,12241.9,12117.8,12134.3,52458
2017.04.13,00:00,12132.7,12153.9,12065.9,12092.5,45508
2017.04.16,00:00,12077,12079,12059.5,12071.2,208
2017.04.17,00:00,12072.8,12159.1,12058,12143.1,5057
2017.04.18,00:00,12142.4,12183.1,11955.6,11981.6,54618
2017.04.19,00:00,11983.1,12040.5,11959.6,11982.9,40571
2017.04.20,00:00,11983.7,12061.6,11941.8,12041.4,42114
2017.04.21,00:00,12039.8,12091.3,12007.8,12072.8,45458
2017.04.23,00:00,12350.4,12370.3,12230.5,12267.9,627
2017.04.24,00:00,12265.9,12478.3,12212.9,12468.4,45418
2017.04.25,00:00,12466.8,12514.9,12428.8,12467.3,32185
2017.04.26,00:00,12468.8,12486.9,12417.6,12428.8,35085
2017.04.27,00:00,12427.2,12474.3,12425.2,12441.9,33219
2017.04.28,00:00,12441.1,12461,12405.3,12437,30215
2017.04.30,00:00,12432.7,12432.7,12412.8,12421.1,109
2017.05.01,00:00,12422.6,12482,12417.9,12464.8,4502
2017.05.02,00:00,12466.4,12529,12432.3,12513.6,28295
2017.05.03,00:00,12512,12540.2,12475.4,12526.6,30461
2017.05.04,00:00,12525,12656.5,12525,12645.1,39321
2017.05.05,00:00,12646.7,12847.5,12594,12845.9,40328
2017.05.07,00:00,12864.8,12869.8,12762,12801,236
2017.05.08,00:00,12803.1,12843.8,12659.3,12703.9,36689
2017.05.09,00:00,12705.5,12785.4,12691.6,12715.4,30091
2017.05.10,00:00,12716.2,12778,12702.2,12754.3,27938
2017.05.11,00:00,12752.7,12773.5,12661.3,12731.6,35007
2017.05.12,00:00,12730,12790.8,12708.5,12784.2,29896
2017.05.14,00:00,12782.6,12797.4,12779.4,12789.4,81
2017.05.15,00:00,12791,12841.3,12726.3,12797.6,30394
2017.05.16,00:00,12796.8,12841.2,12749.2,12749.2,31916
2017.05.17,00:00,12750.8,12788.2,12531.5,12571.6,54873
2017.05.18,00:00,12574.5,12642,12490.1,12609.6,71239
2017.05.19,00:00,12608.9,12657.6,12584.7,12634.4,41744
2017.05.21,00:00,12631.6,12646.3,12631.6,12641.9,103
2017.05.22,00:00,12640.5,12688.1,12568.9,12610.8,35727
2017.05.23,00:00,12609.4,12704.8,12587.7,12665,41962
2017.05.24,00:00,12664.2,12666.4,12614,12645.4,29917
2017.05.25,00:00,12646.2,12711,12539.7,12609.3,38879
2017.05.26,00:00,12607.8,12617,12529.4,12603.9,37091
2017.05.28,00:00,12600.3,12614.1,12597.3,12612.7,152
2017.05.29,00:00,12613.4,12647.2,12577.9,12626.4,15122
2017.05.30,00:00,12625.7,12650,12565.5,12584.6,38666
2017.05.31,00:00,12586,12710.5,12576,12631.4,53039
2017.06.01,00:00,12632.1,12709.6,12618.3,12705.4,40990
2017.06.02,00:00,12704,12881.3,12699.7,12844.1,50853
2017.06.04,00:00,12837.6,12841.9,12834.7,12837.2,80
2017.06.05,00:00,12836.4,12840,12783.3,12816.8,1373
2017.06.06,00:00,12818.2,12818.2,12653.7,12673.9,44832
2017.06.07,00:00,12672.4,12747.3,12637.5,12682.8,44749
2017.06.08,00:00,12683.5,12743,12667.7,12711.9,42849
2017.06.09,00:00,12711.1,12821.5,12694.9,12771.9,51953
2017.06.11,00:00,12772.1,12781.1,12766.3,12775.4,190
2017.06.12,00:00,12776.2,12786.6,12664.3,12696.2,47630
2017.06.13,00:00,12694.7,12810.9,12691.9,12803.7,33136
2017.06.14,00:00,12804.7,12922.3,12778.1,12798.2,45988
2017.06.15,00:00,12797.5,12819.5,12616.5,12691.4,46520
2017.06.16,00:00,12690.7,12770.1,12689.2,12770.1,37841
2017.06.18,00:00,12770.8,12771.3,12762.6,12770.9,107
2017.06.19,00:00,12771.9,12914.8,12770.5,12902.3,33162
2017.06.20,00:00,12901.6,12953.5,12780.5,12810.4,33588
2017.06.21,00:00,12809.4,12816.6,12708.2,12744.9,44309
2017.06.22,00:00,12743.4,12806.7,12715,12776,34650
2017.06.23,00:00,12776.7,12794.7,12673.8,12710.4,36210
2017.06.25,00:00,12712.6,12714,12698.9,12709.7,93
2017.06.26,00:00,12708.2,12841.2,12707.2,12771.9,34813
2017.06.27,00:00,12772.6,12777.2,12587.9,12604.6,51572
2017.06.28,00:00,12603.8,12714,12534.9,12704.4,49136
2017.06.29,00:00,12705.9,12733.6,12346.8,12393.4,66244
2017.06.30,00:00,12394.1,12458.8,12309.1,12378.9,51777
2017.07.02,00:00,12390.8,12393.6,12379.8,12392.4,113
2017.07.03,00:00,12391.7,12487.4,12384.3,12447.7,36080
2017.07.04,00:00,12446.3,12483.9,12414.7,12435,24420
2017.07.05,00:00,12435.7,12499.3,12404,12485.6,45033
2017.07.06,00:00,12484.1,12491.7,12315.7,12357.2,53946
2017.07.07,00:00,12357.9,12425.5,12337,12422.5,38107
2017.07.09,00:00,12424.6,12427.5,12420.2,12420.2,48
2017.07.10,00:00,12418.8,12484.5,12403.3,12448.6,32269
2017.07.11,00:00,12447.2,12540.3,12415.5,12494.2,37738
2017.07.12,00:00,12495.6,12658.3,12453.5,12646.1,39294
2017.07.13,00:00,12645.4,12678,12613.6,12649,32325
2017.07.14,00:00,12652,12664.5,12576,12658.8,31683
2017.07.16,00:00,12657.5,12671,12654.3,12655.7,53
2017.07.17,00:00,12654.3,12673.3,12539.9,12593.4,32882
2017.07.18,00:00,12594.8,12594.8,12383,12434.8,46045
2017.07.19,00:00,12434.1,12489.5,12417.5,12472.4,35160
2017.07.20,00:00,12473.8,12575.3,12390,12449.2,46706
2017.07.21,00:00,12449.9,12465.1,12189.4,12251.4,49941
2017.07.23,00:00,12249.6,12255.4,12249.6,12252.3,25
2017.07.24,00:00,12253.7,12254.4,12140.1,12240.9,40940
2017.07.25,00:00,12239.5,12302.1,12209.9,12263.8,40273
2017.07.26,00:00,12262.4,12344,12241.8,12271,36124
2017.07.27,00:00,12268,12296,12145.5,12174.2,50151
2017.07.28,00:00,12175.6,12184.3,12095.3,12177.2,44610
2017.07.30,00:00,12167,12178.4,12166.6,12177,70
2017.07.31,00:00,12178.4,12211.5,12084.8,12093.4,36475
2017.08.01,00:00,12094,12304.8,12089.5,12267.3,40066
2017.08.02,00:00,12265.9,12282.5,12152.1,12177.9,42249
2017.08.03,00:00,12177.3,12184.8,12098.1,12142.4,41004
2017.08.04,00:00,12141.1,12324.6,12125,12283.8,37690
2017.08.06,00:00,12288.2,12295.4,12288.2,12291.3,88
2017.08.07,00:00,12292.3,12337.6,12223.6,12239.8,29107
2017.08.08,00:00,12241.2,12332,12181.5,12225.2,36305
2017.08.09,00:00,12223.8,12228.8,12097.4,12174.2,54631
2017.08.10,00:00,12175.6,12178.9,11928.9,11946.1,59254
2017.08.11,00:00,11948.1,12048.3,11919.1,12001.2,54520
2017.08.13,00:00,12020.8,12024.8,12017.4,12020.1,117
2017.08.14,00:00,12021.5,12195.8,12020.1,12176.3,37459
2017.08.15,00:00,12175.5,12239.1,12155.2,12193.3,39590
2017.08.16,00:00,12191.7,12299.6,12183.7,12216.4,37710
2017.08.17,00:00,12218,12293.1,12093.1,12122.5,59581
2017.08.18,00:00,12124.1,12198.9,12081.6,12152.4,58545
2017.08.20,00:00,12195,12201.7,12180.8,12186,156
2017.08.21,00:00,12187,12190.3,12019.2,12074.5,49899
2017.08.22,00:00,12073.7,12274.3,12072.5,12259.7,40639
2017.08.23,00:00,12261.3,12270.7,12140.7,12157.8,45202
2017.08.24,00:00,12157,12256.5,12147.1,12197.8,44325
2017.08.25,00:00,12196.2,12250.8,12129,12169.1,47108
2017.08.27,00:00,12142.3,12178.3,12140.7,12170.9,122
2017.08.28,00:00,12169.2,12183.4,12010.1,12069.8,37006
2017.08.29,00:00,12068.2,12077.6,11866.5,11981.3,63224
2017.08.30,00:00,11982.9,12041.4,11981.3,12021.9,42403
2017.08.31,00:00,12023.5,12116.7,12023.5,12075.8,43564
2017.09.01,00:00,12075,12192.9,12063.2,12144.7,43781
2017.09.03,00:00,12053.4,12105.9,12048.4,12091.5,457
2017.09.04,00:00,12093.2,12140.4,12033.4,12129.3,30584
2017.09.05,00:00,12130.2,12212.1,12040.6,12069.7,62999
2017.09.06,00:00,12071.6,12303.5,12053.1,12261.9,58139
2017.09.07,00:00,12263.9,12364.8,12251.9,12324.9,63879
2017.09.08,00:00,12323.2,12323.2,12243.5,12290,48179
2017.09.10,00:00,12349.1,12350.7,12327.5,12338.4,238
2017.09.11,00:00,12340,12507,12332,12484.5,38035
2017.09.12,00:00,12485.5,12559.3,12483.3,12523.5,38244
2017.09.13,00:00,12522.7,12567.3,12475.5,12532.9,32346
2017.09.14,00:00,12531.1,12556,12491.9,12501.5,31725
2017.09.15,00:00,12499.8,12562.5,12499.8,12545.2,38699
2017.09.17,00:00,12538.3,12554.1,12538.3,12548.8,62
2017.09.18,00:00,12550.5,12614.5,12534.5,12563.3,30886
2017.09.19,00:00,12562.4,12575.5,12525.5,12537.7,32573
2017.09.20,00:00,12536.7,12642.2,12516,12631.9,35943
2017.09.21,00:00,12632.8,12645.2,12582,12598.1,33783
2017.09.22,00:00,12599,12647.9,12549.5,12610.7,35056
2017.09.24,00:00,12582.1,12610.1,12582.1,12607.5,165
2017.09.25,00:00,12605.8,12634.2,12551.1,12587.6,40989
2017.09.26,00:00,12589.3,12631.5,12551.2,12598,36013
2017.09.27,00:00,12599.7,12703.4,12593.6,12669.7,39028
2017.09.28,00:00,12667.9,12729.9,12664.4,12701.6,33797
2017.09.29,00:00,12700.7,12864.4,12698,12860.2,33605
2017.10.01,00:00,12849.1,12910.1,12842.4,12886.8,379
2017.10.02,00:00,12885,12919.5,12847.4,12907.9,33447
2017.10.03,00:00,12909.7,12954.6,12897.4,12934.2,1747
2017.10.04,00:00,12935.2,12981.6,12892.9,12942.4,33391
2017.10.05,00:00,12940.6,12991.3,12933.1,12977.7,28444
2017.10.06,00:00,12976.8,12999.4,12940.1,12954.9,28153
2017.10.08,00:00,12961.2,12966.5,12959.4,12961.2,91
2017.10.09,00:00,12963,12997.1,12934.5,12947.1,21976
2017.10.10,00:00,12946.2,12981.5,12907.3,12953.5,32533
2017.10.11,00:00,12954.4,12983.8,12923.8,12965.4,25186
2017.10.12,00:00,12966.4,13003.7,12942.9,12976.1,23959
2017.10.13,00:00,12977,13038.6,12962.6,12995.6,27508
2017.10.15,00:00,13002.4,13020.5,13002.4,13015.7,172
2017.10.16,00:00,13014.8,13026.8,12976.7,12994.9,22888
2017.10.17,00:00,12995.8,13033.6,12966.6,13008.3,25101
2017.10.18,00:00,13007.4,13094.8,13003.6,13052,24445
2017.10.19,00:00,13052.9,13054.6,12909.7,12990.9,45999
2017.10.20,00:00,12992.7,13071.4,12953.2,12995.7,32175
2017.10.22,00:00,13001.9,13012.2,12998.9,13004.9,184
2017.10.23,00:00,13003.2,13070.1,12967.6,12987.4,30848
2017.10.24,00:00,12988.3,13055.8,12982.9,13000.2,35064
2017.10.25,00:00,12998.5,13047.5,12913.2,12977,52212
2017.10.26,00:00,12975.2,13178.9,12940.9,13174.1,55815
2017.10.27,00:00,13173.3,13250.9,13150.9,13211.6,46975
2017.10.29,00:00,13206.2,13226.9,13203.1,13208.9,250
2017.10.30,00:00,13207.3,13254.7,13195.6,13223.1,31577
2017.10.31,00:00,13223.9,13301.4,13221.6,13289.7,2657
2017.11.01,00:00,13288.2,13491.4,13285.6,13466.8,45355
2017.11.02,00:00,13468.4,13482,13403.9,13479,41669
2017.11.03,00:00,13480.6,13505.7,13428.5,13470.5,33328
2017.11.05,00:00,13468.5,13494.8,13468.5,13488,84
2017.11.06,00:00,13486.5,13498.4,13438.8,13469,32073
2017.11.07,00:00,13467.4,13532.7,13321.3,13325.9,48829
2017.11.08,00:00,13327.5,13419.5,13325.9,13392.5,45150
2017.11.09,00:00,13390.9,13415.7,13106.3,13174.1,77768
2017.11.10,00:00,13173.3,13217.5,13109.7,13115.2,56402
2017.11.12,00:00,13128.7,13148,13128.7,13146.5,168
2017.11.13,00:00,13148,13163.9,12959.6,13083.8,52478
2017.11.14,00:00,13085.3,13137.9,12999,13022.8,54919
2017.11.15,00:00,13024.3,13025.8,12844.8,12954.9,64981
2017.11.16,00:00,12953.4,13096.9,12951.1,13087.2,46368
2017.11.17,00:00,13086.4,13091.2,12958.7,12969.2,49867
2017.11.19,00:00,12977.5,12979,12929.9,12949,345
2017.11.20,00:00,12950.5,13086.9,12856.8,13047.1,55159
2017.11.21,00:00,13046.3,13211,13023.7,13168.6,48959
2017.11.22,00:00,13167.8,13191.8,12963,12974.3,50773
2017.11.23,00:00,12972.8,13051.6,12904.5,12998.1,39855
2017.11.24,00:00,12998.8,13163.3,12978.8,13066.9,47495
2017.11.26,00:00,13081.2,13084.7,13071.7,13075.7,149
2017.11.27,00:00,13074.9,13118.5,12988.6,13009.2,53293
2017.11.28,00:00,13010.7,13130,12963.8,13114.5,54472
2017.11.29,00:00,13113.6,13196.2,13029.8,13048.9,58336
2017.11.30,00:00,13050.5,13178.8,13009.9,13030.5,60853
2017.12.01,00:00,13032.1,13073.7,12809.3,12947,76641
2017.12.03,00:00,13050.1,13059,13004.4,13030.9,845
2017.12.04,00:00,13032.2,13118.3,12972.9,13032.4,65165
2017.12.05,00:00,13031,13094,12957.3,13009.1,65651
2017.12.06,00:00,13010.6,13034.8,12861.6,13012.4,61766
2017.12.07,00:00,13013.9,13123.6,12986.1,13122.1,52117
2017.12.08,00:00,13120.6,13241.7,13103.2,13162.2,44890
2017.12.10,00:00,13173.4,13186.4,13163,13174.9,220
2017.12.11,00:00,13173.4,13203,13111.7,13165.5,38399
2017.12.12,00:00,13166.2,13183.8,13077.7,13153.2,42092
2017.12.13,00:00,13151.7,13188.6,13068.5,13089,34881
2017.12.14,00:00,13088.2,13161.6,13004.4,13021.4,41582
2017.12.15,00:00,13019.9,13145.4,13005.5,13139.7,42945
2017.12.17,00:00,13155.7,13176.2,13154.2,13171.2,261
2017.12.18,00:00,13172,13333.4,13160.7,13319.9,40732
2017.12.19,00:00,13320.9,13350.3,13202,13250.6,35233
2017.12.20,00:00,13252.2,13272.8,13022.2,13073.7,50924
2017.12.21,00:00,13074.5,13141,13012.2,13076.7,39471
2017.12.22,00:00,13077.5,13108,13050.5,13068,28591
2017.12.25,00:00,13069.5,13082.6,13069.5,13077.1,208
2017.12.26,00:00,13076.3,13089.3,13047,13087.7,3067
2017.12.27,00:00,13086.1,13132.6,13015.4,13063,34348
2017.12.28,00:00,13064.6,13070.1,12962.2,12988.1,27281
2017.12.29,00:00,12988.8,13000.2,12830.7,12833.7,34175
2018.01.01,00:00,12889.3,12902.1,12880.9,12901.1,189
2018.01.02,00:00,12904.1,12947.8,12742.3,12880.8,49030
2018.01.03,00:00,12880,13024.5,12880,13004.8,42977
2018.01.04,00:00,13006.4,13208,12993.9,13177.5,46159
2018.01.05,00:00,13176.7,13348.6,13167.5,13339.6,43847
2018.01.07,00:00,13353.5,13389,13353.5,13373,256
2018.01.08,00:00,13371.4,13413.8,13332,13373.5,40665
2018.01.09,00:00,13372.7,13426.7,13342.9,13389,40022
2018.01.10,00:00,13388.3,13393.2,13224.3,13273.2,54172
2018.01.11,00:00,13274.7,13303.7,13149.8,13244.8,47011
2018.01.12,00:00,13244,13266.5,13165.9,13245.7,45088
2018.01.14,00:00,13277.5,13283.3,13265.4,13283.3,199
2018.01.15,00:00,13284.8,13294.1,13171.2,13196,28707
2018.01.16,00:00,13197.6,13354,13133,13156.4,63355
2018.01.17,00:00,13157.9,13259,13135.6,13253.9,52867
2018.01.18,00:00,13252.4,13305.3,13201.2,13274.9,51805
2018.01.19,00:00,13273.4,13476,13240,13466.8,50879
2018.01.21,00:00,13468,13473.4,13452.9,13466,375
2018.01.22,00:00,13466.6,13519,13409.3,13505.4,39767
2018.01.23,00:00,13504.6,13600.2,13501.1,13558.6,51042
2018.01.24,00:00,13559.3,13577.8,13371.5,13411,58539
2018.01.25,00:00,13409.6,13446.6,13220.6,13333.4,67304
2018.01.26,00:00,13334.1,13396.4,13263.7,13385.8,49154
2018.01.28,00:00,13387,13404.8,13385.4,13404.4,231
2018.01.29,00:00,13403.7,13411.8,13272.6,13326.5,51688
2018.01.30,00:00,13325.1,13332.1,13171,13197.6,72744
2018.01.31,00:00,13199,13268.6,13157.4,13218.8,59843
2018.02.01,00:00,13217.7,13296.4,12936.6,12992.3,80034
2018.02.02,00:00,12991.6,12998.5,12685.1,12702.9,92173
2018.02.04,00:00,12602.9,12616.6,12521.9,12585.7,2151
2018.02.05,00:00,12584.4,12754,12048.7,12150.6,111906
2018.02.06,00:00,12151.2,12667.6,11690.3,12619.4,138656
2018.02.07,00:00,12618.8,12661.3,12390.4,12399.2,94418
2018.02.08,00:00,12399.8,12550.9,12131.8,12183.5,105732
2018.02.09,00:00,12185.3,12297.9,11907,12233.4,120357
2018.02.11,00:00,12256.7,12279.7,12233.5,12278.5,1630
2018.02.12,00:00,12279.1,12379.8,12218.2,12341,81388
2018.02.13,00:00,12341.6,12375.3,12182,12259.8,76477
2018.02.14,00:00,12260.3,12443.3,12070.6,12402.3,73727
2018.02.15,00:00,12401.8,12481.8,12273.7,12384.1,71545
2018.02.16,00:00,12382.9,12535.4,12363,12504.3,72490
2018.02.18,00:00,12508.7,12525.4,12506.6,12523.1,699
2018.02.19,00:00,12522,12551.3,12359.8,12398.7,37082
2018.02.20,00:00,12399.2,12503.8,12332.7,12446.4,74884
2018.02.21,00:00,12444.6,12511.8,12350.2,12356,70268
2018.02.22,00:00,12354.8,12499.8,12280.5,12460.5,80596
2018.02.23,00:00,12461.6,12558.4,12429.1,12543.4,61496
2018.02.25,00:00,12572.2,12584.4,12563.4,12572.4,439
2018.02.26,00:00,12573,12608.7,12482,12598.1,56539
2018.02.27,00:00,12597,12610,12415.1,12468.7,82924
2018.02.28,00:00,12469.2,12518.3,12358.6,12381.5,79093
2018.03.01,00:00,12380.4,12400.6,12010.3,12077.3,119623
2018.03.02,00:00,12078.5,12103.6,11875.9,11995.4,100615
2018.03.04,00:00,11969.4,11978.8,11923.6,11955.1,1149
2018.03.05,00:00,11956.2,12189.4,11728.8,12175,87992
2018.03.06,00:00,12176.1,12273.4,11990.6,12005.8,79008
2018.03.07,00:00,12004.7,12277.1,11964.6,12250,83346
2018.03.08,00:00,12251.1,12383.1,12176,12345.3,66641
2018.03.09,00:00,12344.2,12411.1,12282.7,12364.1,54415
2018.03.11,00:00,12369.2,12400,12367.8,12385.8,744
2018.03.12,00:00,12386.9,12476,12358.8,12397.4,52944
2018.03.13,00:00,12399.6,12460.2,12114.8,12148.1,70865
2018.03.14,00:00,12147.5,12324,12123.8,12259.1,71435
2018.03.15,00:00,12258,12382.9,12212,12380.8,52272
2018.03.16,00:00,12381.3,12452.3,12334.5,12394.9,57758
2018.03.18,00:00,12388.2,12392.5,12376.7,12387,915
2018.03.19,00:00,12362.7,12380.1,12158.3,12224.9,82817
2018.03.20,00:00,12226,12346.8,12187.8,12334.1,71668
2018.03.21,00:00,12335.2,12369.7,12217.5,12261.3,72331
2018.03.22,00:00,12260.2,12293.2,11874.7,11881.5,106847
2018.03.23,00:00,11882.6,12003.2,11755,11782.5,113105
2018.03.25,00:00,11769.1,11830.3,11759,11778.7,1656
2018.03.26,00:00,11779.3,11984.6,11705.4,11919.6,81405
2018.03.27,00:00,11920.7,12043,11801.8,11852.1,89272
2018.03.28,00:00,11852.8,12011.5,11768,11979.1,116401
2018.03.29,00:00,11979.8,12164.1,11919.4,12114.6,87048
2018.04.01,00:00,12116.6,12141.2,12101.5,12117.1,728
2018.04.02,00:00,12118.5,12149.9,11856.8,11967.6,50142
2018.04.03,00:00,11968.7,12070.3,11910.8,12048.3,96318
2018.04.04,00:00,12048.8,12100.4,11791.4,12100.4,98622
2018.04.05,00:00,12099.2,12326.4,12073.7,12151.1,82029
2018.04.06,00:00,12150.6,12293,12097.5,12182,98491
2018.04.09,00:00,12212.4,12372.3,12200.8,12230.2,84700
2018.04.10,00:00,12229.2,12428.8,12225.3,12367.6,99863
2018.04.11,00:00,12368.6,12391.9,12255.5,12292.8,85887
2018.04.12,00:00,12293.3,12435.8,12261.5,12396.4,73128
2018.04.13,00:00,12395.9,12525.7,12391.9,12453.1,71787
2018.04.15,00:00,12525.4,12557.4,12520.9,12542.4,953
2018.04.16,00:00,12543.4,12545.4,12375.6,12426.1,66044
2018.04.17,00:00,12425.1,12616.3,12415.6,12588.2,63025
2018.04.18,00:00,12587.2,12639.3,12547,12599.1,60290
2018.04.19,00:00,12599.6,12618.8,12524.7,12551.5,66344
2018.04.20,00:00,12550.9,12586.8,12488.7,12532.1,68180
2018.04.22,00:00,12584.5,12584.5,12557.6,12562.6,606
2018.04.23,00:00,12562.1,12590.9,12462.9,12575.9,65158
2018.04.24,00:00,12576.9,12648.8,12374.8,12457.3,89688
2018.04.25,00:00,12457.8,12498.8,12311.2,12489.3,92774
2018.04.26,00:00,12488.3,12598.6,12378.4,12578.1,79224
2018.04.27,00:00,12579.1,12628.9,12516.7,12584,75100
2018.04.29,00:00,12602.3,12620.4,12597.3,12603.4,340
2018.04.30,00:00,12602.8,12625.4,12541.7,12546.7,65416
2018.05.01,00:00,12546.2,12619.8,12496.9,12608.3,20256
2018.05.02,00:00,12609.3,12830,12555.8,12771.5,80306
2018.05.03,00:00,12771,12799.2,12663.5,12758.9,88026
2018.05.04,00:00,12759.9,12849.4,12705.4,12840.7,68953
2018.05.06,00:00,12845.4,12861.5,12843.4,12859.5,345
2018.05.07,00:00,12860.5,12964.5,12809.3,12919.4,58042
2018.05.08,00:00,12920.4,12947.5,12852.7,12936.9,64335
2018.05.09,00:00,12937.9,12995.3,12888.4,12974,51241
2018.05.10,00:00,12973.5,13035.2,12927,13022.4,48945
2018.05.11,00:00,13023.5,13050.2,12961.7,12986.4,50527
2018.05.13,00:00,13010.2,13018.3,13007.2,13008.7,260
2018.05.14,00:00,13008.3,13031.9,12925,12971.5,48483
2018.05.15,00:00,12972,13008.8,12916,12975.3,61029
2018.05.16,00:00,12975.8,13030.9,12956.9,13018.9,54912
2018.05.17,00:00,13017.3,13123.1,12972.5,13109.9,53052
2018.05.18,00:00,13108.9,13148.3,13050,13069.9,58413
2018.05.20,00:00,13147.8,13154,13121.7,13122.8,578
2018.05.21,00:00,13123.8,13174.9,13119.3,13140.8,10830
2018.05.22,00:00,13140.3,13207.8,13060.2,13163.4,59295
2018.05.23,00:00,13162.4,13163.9,12927.6,12998.8,78535
2018.05.24,00:00,12998.2,13006.6,12799,12890,77431
2018.05.25,00:00,12891,13001,12850.6,12935,76010
2018.05.27,00:00,12973.2,12981.7,12960.6,12961.6,415
2018.05.28,00:00,12962.3,13037.7,12824.8,12856,45993
2018.05.29,00:00,12854.6,12859.8,12574.7,12649.7,104942
2018.05.30,00:00,12651.1,12832.9,12623.3,12791,78079
2018.05.31,00:00,12791.6,12809.4,12544.2,12644.7,83155
2018.06.01,00:00,12644.2,12802.3,12626.7,12755,69114
2018.06.03,00:00,12741.6,12743.3,12724.8,12725.9,287
2018.06.04,00:00,12727.1,12846.2,12712.5,12774.2,59733
2018.06.05,00:00,12773,12928.7,12748.3,12767.6,70070
2018.06.06,00:00,12766.4,12905.5,12727.2,12880,69957
2018.06.07,00:00,12878.8,12918.5,12663.6,12723.4,77082
2018.06.08,00:00,12723.9,12810.3,12609,12796.8,78163
2018.06.10,00:00,12758.7,12765.5,12750.6,12758.5,334
2018.06.11,00:00,12757.2,12895.5,12741.5,12889.7,60651
2018.06.12,00:00,12890.7,12954.7,12813,12853.9,62342
2018.06.13,00:00,12852.9,12907.6,12779.4,12866.4,56707
2018.06.14,00:00,12867.6,13183.4,12799.5,13133,50663
2018.06.15,00:00,13134.3,13171.6,13003.5,13058.5,69258
2018.06.17,00:00,13056.3,13070.8,13056.3,13068.3,215
2018.06.18,00:00,13067.1,13075.6,12782,12850.1,63628
2018.06.19,00:00,12851.3,12851.3,12592.5,12713.2,85415
2018.06.20,00:00,12713.9,12770.1,12668,12697.7,66861
2018.06.21,00:00,12699.1,12768.2,12446.8,12477.7,85739
2018.06.22,00:00,12478.3,12605.4,12471.5,12544.4,64195
2018.06.24,00:00,12550.3,12565.6,12536,12559.8,313
2018.06.25,00:00,12561.1,12562.8,12250.5,12311.9,94333
2018.06.26,00:00,12313.1,12357.3,12186.6,12295.8,78116
2018.06.27,00:00,12296.4,12440.3,12123.8,12294,101211
2018.06.28,00:00,12294.6,12374.8,12101.9,12211.2,95818
2018.06.29,00:00,12210.5,12383.5,12206.8,12273.7,78459
2018.07.01,00:00,12285.3,12292.2,12227.2,12273.6,858
2018.07.02,00:00,12272.4,12311.5,12129.7,12293.3,77980
2018.07.03,00:00,12293.8,12418.1,12267.2,12298.6,64786
2018.07.04,00:00,12298,12351.8,12282.7,12326,39550
2018.07.05,00:00,12324.7,12518,12294.9,12462.7,75333
2018.07.06,00:00,12461.4,12557.2,12424.9,12507.2,66689
2018.07.08,00:00,12516.9,12519.4,12509.6,12515,192
2018.07.09,00:00,12515.6,12584.3,12489,12583,49712
2018.07.10,00:00,12581.8,12642,12503.6,12513.9,52466
2018.07.11,00:00,12514.5,12545.2,12389.6,12419.8,71117
2018.07.12,00:00,12421.1,12516.2,12407.4,12508.8,57193
2018.07.13,00:00,12511.3,12585.7,12496.4,12552.3,51070
2018.07.15,00:00,12567.5,12592,12560.8,12586.2,364
2018.07.16,00:00,12586.8,12605,12504.6,12569.8,44934
2018.07.17,00:00,12568.5,12734.2,12519.9,12721.3,54576
2018.07.18,00:00,12722.6,12779.3,12701.2,12756.8,45765
2018.07.19,00:00,12757.4,12768,12657,12682.5,50028
2018.07.20,00:00,12683.7,12706.8,12465.3,12542.4,66018
2018.07.22,00:00,12552.9,12561.8,12549.2,12555.7,263
2018.07.23,00:00,12554.4,12599.6,12488.2,12592.2,51592
2018.07.24,00:00,12592.8,12755.2,12583.3,12664.8,61619
2018.07.25,00:00,12665.4,12745.6,12535.1,12680.5,59296
2018.07.26,00:00,12679.9,12853.1,12660.8,12826.4,65342
2018.07.27,00:00,12827,12887.6,12790.7,12817,69521
2018.07.29,00:00,12801.3,12810.6,12800.1,12805.6,290
2018.07.30,00:00,12804.3,12849.4,12762.8,12798.8,59073
2018.07.31,00:00,12798.2,12862.6,12737.2,12793.3,66293
2018.08.01,00:00,12792.8,12839.6,12697.6,12733.8,67258
2018.08.02,00:00,12734.4,12735.5,12493.2,12600.7,77602
2018.08.03,00:00,12601.3,12647.9,12561.5,12646,55766
2018.08.05,00:00,12650.2,12650.2,12640.4,12641.9,118
2018.08.06,00:00,12640.6,12718.8,12535.6,12598.5,59202
2018.08.07,00:00,12597.9,12739.7,12597.3,12656.1,53561
2018.08.08,00:00,12655.4,12705.5,12585.1,12601,54664
2018.08.09,00:00,12599.8,12700.7,12574.5,12657,57506
2018.08.10,00:00,12657.6,12671.8,12382.9,12435.3,69302
2018.08.12,00:00,12381.5,12394.4,12363.8,12390.1,368
2018.08.13,00:00,12388.7,12402.7,12297.1,12380.4,61811
2018.08.14,00:00,12379,12462,12292.3,12408.2,57751
2018.08.15,00:00,12409.7,12430.7,12110.1,12178.5,75449
2018.08.16,00:00,12179.9,12271,12145,12221.5,53655
2018.08.17,00:00,12220.1,12260.1,12133.3,12243.9,57284
2018.08.19,00:00,12242.6,12253.8,12239.9,12252.4,171
2018.08.20,00:00,12253.8,12374.5,12217.9,12313.2,43620
2018.08.21,00:00,12314.6,12433.2,12289.4,12322.5,45132
2018.08.22,00:00,12323.9,12441.1,12314.5,12387.2,48443
2018.08.23,00:00,12385.8,12412.3,12345.9,12361.8,44303
2018.08.24,00:00,12360.4,12446.5,12341.1,12404.7,41940
2018.08.26,00:00,12414.3,12426,12413.1,12420.6,117
2018.08.27,00:00,12421.8,12572.6,12419.4,12568.6,39115
2018.08.28,00:00,12569.8,12598.1,12514.8,12543.2,40899
2018.08.29,00:00,12542,12577.4,12497.4,12573,41955
2018.08.30,00:00,12574.2,12574.2,12396.8,12431,59192
2018.08.31,00:00,12432.2,12471.5,12309.1,12365.4,62398
2018.09.02,00:00,12355.3,12361.8,12346.6,12356.3,84
2018.09.03,00:00,12355.7,12362.2,12298.3,12333.6,35227
2018.09.04,00:00,12332.4,12403.8,12161.6,12216.7,75469
2018.09.05,00:00,12215.5,12229.4,12033.5,12047.6,78343
2018.09.06,00:00,12048.7,12092.3,11935.4,11980.1,79396
2018.09.07,00:00,11981.3,11990.1,11886.6,11935,78124
2018.09.09,00:00,11940.1,11952.8,11940.1,11948.4,149
2018.09.10,00:00,11947.2,12040.5,11928.6,12008.9,59654
2018.09.11,00:00,12007.8,12024.3,11862.1,12001.9,64758
2018.09.12,00:00,12003.1,12048,11950.2,12005.4,67215
2018.09.13,00:00,12004.3,12129.8,11997.7,12083,64298
2018.09.14,00:00,12081.8,12135,12074.5,12121.8,55175
2018.09.16,00:00,12104.6,12105.8,12082.4,12090.3,252
2018.09.17,00:00,12089.1,12125.9,11987.6,11989.9,53079
2018.09.18,00:00,11988.9,12198.1,11985.9,12194.7,57879
2018.09.19,00:00,12193.5,12241.6,12153.4,12235.6,44035
2018.09.20,00:00,12236.7,12367.4,12203.5,12358,39261
2018.09.21,00:00,12357.4,12460.4,12355.1,12396,57886
2018.09.23,00:00,12372.4,12377.4,12366.1,12376.2,140
2018.09.24,00:00,12383,12411.1,12340.6,12356.1,47585
2018.09.25,00:00,12356,12418.9,12319.8,12376,48050
2018.09.26,00:00,12376.6,12418.9,12324.3,12345.9,45794
2018.09.27,00:00,12346.5,12458.9,12271.8,12419.5,54986
2018.09.28,00:00,12420.7,12435,12189,12232.5,64488
2018.09.30,00:00,12251.3,12254,12239.8,12246.9,198
2018.10.01,00:00,12248,12373.6,12244.5,12313.6,51933
2018.10.02,00:00,12312.5,12317.1,12201.4,12282.7,59255
2018.10.03,00:00,12281.5,12383.9,12266.5,12313.1,7550
2018.10.04,00:00,12312,12350.5,12173.5,12233.4,76839
2018.10.05,00:00,12234.5,12262.9,12054.5,12104.4,78281
2018.10.07,00:00,12116.7,12123.9,12101,12109.3,403
2018.10.08,00:00,12109.8,12125.3,11897.6,11986.7,72775
2018.10.09,00:00,11987.7,12007.6,11801.7,11980.6,84109
2018.10.10,00:00,11981.6,11996.6,11563,11605.5,103876
2018.10.11,00:00,11606.5,11700.1,11396.6,11612.7,140430
2018.10.12,00:00,11613.7,11710.1,11425.7,11581.2,106332
2018.10.14,00:00,11553.9,11556.9,11504.9,11531.9,1050
2018.10.15,00:00,11530.9,11651.5,11441.5,11612.9,88751
2018.10.16,00:00,11610.7,11829.1,11606.5,11812.7,72241
2018.10.17,00:00,11813.7,11851.2,11668.8,11731.9,86021
2018.10.18,00:00,11730.8,11792.2,11487.7,11539.9,105020
2018.10.19,00:00,11540.5,11623.5,11499.2,11550.1,105756
2018.10.21,00:00,11508.9,11521.6,11477,11496.6,871
2018.10.22,00:00,11495.4,11678.1,11462.2,11528.2,91744
2018.10.23,00:00,11529.5,11532,11226,11383.8,125286
2018.10.24,00:00,11385,11428.4,11049.4,11121.7,118763
2018.10.25,00:00,11122.9,11372,11051,11214.2,117643
2018.10.26,00:00,11213.2,11288.9,11048.9,11212.7,139927
2018.10.28,00:00,11236.1,11304.3,11230.6,11265.3,1638
2018.10.29,00:00,11264.2,11447.1,11153.2,11265.7,117409
2018.10.30,00:00,11266.3,11433.9,11209.4,11373.8,124740
2018.10.31,00:00,11374.9,11500.2,11351.1,11456.7,95021
2018.11.01,00:00,11455.7,11574.3,11406,11478.2,96057
2018.11.02,00:00,11479.3,11691.2,11462.6,11553,107573
