2015.04.27,00:00,28144.1,28619.7,28091.1,28393.4,55378
2015.04.28,00:00,28395.8,28538.8,28213.8,28493.6,57647
2015.04.29,00:00,28494.8,28498.3,28208.7,28289.9,18983
2015.08.17,00:00,23789.7,23898.5,23781.6,23876.6,3436
2015.08.18,00:00,23878.6,24002,23393,23468.8,49870
2015.08.19,00:00,23469.8,23535.5,22784.1,22885.8,61843
2015.08.20,00:00,22886.8,22985.6,22271.7,22315.9,66252
2015.08.21,00:00,22317.8,22510,21805.7,21842.9,80133
2015.08.23,00:00,21807.1,21815.8,21730.2,21781.5,3114
2015.08.24,00:00,21779.6,21848.5,20056.2,20479.2,127821
2015.08.25,00:00,20477.3,22425.2,20446.8,21312.3,124720
2015.08.26,00:00,21311.3,21691.2,20841.7,21523.2,121000
2015.08.27,00:00,21525.1,22216.7,21378,22157,91675
2015.08.28,00:00,22157.9,22252.3,21476,21673.2,77911
2015.08.30,00:00,21632.3,21632.3,21470.6,21490.4,5516
2015.08.31,00:00,21491.3,21710.5,21316.7,21424.8,76634
2015.09.01,00:00,21425.8,21571.7,20545.4,20691.8,89429
2015.09.02,00:00,20692.7,21271.2,20632.7,20958,88058
2015.09.03,00:00,20955.2,21162.7,20854.9,20906.6,50280
2015.09.04,00:00,20908.5,21079.8,20342.1,20470.2,61383
2015.09.06,00:00,20486.9,20556.4,20483.2,20533.2,1382
2015.09.07,00:00,20534.1,21031.1,20401.2,20518.7,59763
2015.09.08,00:00,20519.7,21660.5,20415.7,21631.4,76821
2015.09.09,00:00,21633.3,22230.5,21412.9,21596.4,88862
2015.09.10,00:00,21599.4,21761.8,21380.7,21544,75117
2015.09.11,00:00,21542.1,21893.2,21305.8,21621.7,64391
2015.09.13,00:00,21626.5,21626.5,21597.6,21611.1,664
2015.09.14,00:00,21613,21729.8,21346.7,21477.3,64585
2015.09.15,00:00,21479.2,21694.7,21344.2,21661.1,55860
2015.09.16,00:00,21662.1,22297.3,21602.8,22277.6,66089
2015.09.17,00:00,22276.7,22281.8,21660.8,21769.9,89170
2015.09.18,00:00,21768,22105.5,21546.6,21626.2,82837
2015.09.20,00:00,21658.2,21658.2,21616.5,21628.2,908
2015.09.21,00:00,21629.1,21864,21463.5,21818.7,69368
2015.09.22,00:00,21820.6,22123,21324.2,21422.4,71814
2015.09.23,00:00,21424.4,21559.6,20940.6,21301.2,85029
2015.09.24,00:00,21299.3,21373.6,20778.1,21011.2,86026
2015.09.25,00:00,21019.2,21367.4,20928.1,21010.1,81014
2015.09.27,00:00,20995.7,21018.8,20942,20968.8,1184
2015.09.28,00:00,20966.9,21178,20703.7,20776,47615
2015.09.29,00:00,20776.9,20783.7,20361.4,20609.8,86024
2015.09.30,00:00,20611.7,21058.7,20575.2,20998.4,81489
2015.10.01,00:00,21000.3,21303.1,20892,21163.1,35154
2015.10.02,00:00,21160.4,21968.9,21135.3,21960.4,66722
2015.10.04,00:00,21933.6,21944.9,21863.9,21866.7,776
2015.10.05,00:00,21869.5,22198.7,21726.3,22143.6,62276
2015.10.06,00:00,22142.6,22173.3,21708.5,21781.6,64483
2015.10.07,00:00,21785.5,22667.7,21766.5,22583.5,79016
2015.10.08,00:00,22584.5,22739,22177.2,22693.1,76166
2015.10.09,00:00,22695.1,22813.8,22351.8,22536.7,79041
2015.10.11,00:00,22508.2,22518,22495.3,22501.2,328
2015.10.12,00:00,22502.2,22784.6,22445.3,22607.3,72153
2015.10.13,00:00,22608.3,22794.1,22352.5,22364.3,77219
2015.10.14,00:00,22366.3,22617.1,22343.8,22475.8,73440
2015.10.15,00:00,22477.7,23199.2,22469.8,23185.1,80092
2015.10.16,00:00,23183.1,23248.4,22959,23246.4,66041
2015.10.18,00:00,23231.3,23241.3,23227.3,23237.3,220
2015.10.19,00:00,23235.3,23237.3,22898.6,23003.7,68052
2015.10.20,00:00,23004.7,23054.3,22832,22914.1,65826
2015.10.21,00:00,22912.2,23025.4,22692.4,22741.5,20148
2015.10.22,00:00,22739.5,23301.5,22712.7,23280.7,66000
2015.10.23,00:00,23282.7,23603.1,23089.5,23527.5,67281
2015.10.25,00:00,23530.5,23534.5,23479.6,23485.5,504
2015.10.26,00:00,23484.5,23501.5,22997.6,23076.9,68475
2015.10.27,00:00,23078.9,23145.8,22889.3,23051.4,69471
2015.10.28,00:00,23049.4,23125.3,22786.2,22988.4,64316
2015.10.29,00:00,22990.3,23089.5,22652.5,22735.2,72408
2015.10.30,00:00,22736.2,22866.5,22544.9,22574.9,74783
2015.11.01,00:00,22522.5,22526.3,22468.6,22482,642
2015.11.02,00:00,22483.9,22642.7,22254,22601.9,71702
2015.11.03,00:00,22603.8,22814.7,22518.9,22722.6,63039
2015.11.04,00:00,22720.7,23367.1,22682.1,23055.7,92715
2015.11.05,00:00,23054.8,23183.6,22897,22952.2,82577
2015.11.06,00:00,22950.3,22958,22565.7,22759.6,78714
2015.11.08,00:00,22666,22677.5,22662.2,22670.8,324
2015.11.09,00:00,22669.8,22968.1,22357.7,22447.2,78549
2015.11.10,00:00,22449.3,22485.3,22171.6,22281.5,76709
2015.11.11,00:00,22280.4,22508.4,22241.1,22311.7,75573
2015.11.12,00:00,22313.8,23006,22305.2,22521.3,87773
2015.11.13,00:00,22519.1,22561.7,21965.2,21978.3,85340
2015.11.15,00:00,21881.2,21923.6,21873.4,21881.7,832
2015.11.16,00:00,21880.7,22287,21827.3,22258.7,77537
2015.11.17,00:00,22257.7,22493.7,22173.1,22289.9,81042
2015.11.18,00:00,22288.8,22469.4,22108.8,22411,75383
2015.11.19,00:00,22408.9,22601.1,22395.3,22465.8,69095
2015.11.20,00:00,22463.6,22882.2,22427.7,22794,64746
2015.11.22,00:00,22795.1,22825.7,22795.1,22809.8,620
2015.11.23,00:00,22808.7,22864.2,22580.5,22639,67057
2015.11.24,00:00,22641.2,22701.5,22295.3,22597,69523
2015.11.25,00:00,22594.8,22627.8,22424.3,22579.9,63755
2015.11.26,00:00,22578.8,23028.8,22423,22585.1,49411
2015.11.27,00:00,22583,22587.3,21903.6,22038,71448
2015.11.29,00:00,22020.1,22027.4,22003.2,22025.3,390
2015.11.30,00:00,22026.3,22176.7,21851.4,22161.8,78871
2015.12.01,00:00,22159.7,22499.6,22093.9,22445.3,72720
2015.12.02,00:00,22447.6,22567.2,22165.2,22277.6,75739
2015.12.03,00:00,22275.4,22511.9,21974.3,22105.8,82672
2015.12.04,00:00,22106.9,22403.6,22038.4,22355.7,75577
2015.12.06,00:00,22377.4,22384.2,22338.6,22357.2,620
2015.12.07,00:00,22354.9,22378.1,22009.3,22155.3,66371
2015.12.08,00:00,22153,22159.8,21543.3,21704.6,79871
2015.12.09,00:00,21702.3,21886.6,21498,21612.1,83220
2015.12.10,00:00,21614.4,21865,21491,21578.3,76715
2015.12.11,00:00,21576,21735,20945.6,20958.3,85596
2015.12.13,00:00,21094.4,21141.6,21075,21101,952
2015.12.14,00:00,21103.3,21366.6,20979.6,21313.8,105544
2015.12.15,00:00,21316.1,21565.4,21206.1,21479.7,76725
2015.12.16,00:00,21477.5,21967.4,21473,21893.6,75235
2015.12.17,00:00,21895.8,22002.4,21500.2,21537.7,72430
2015.12.18,00:00,21539.9,21953.6,21467.5,21638.7,73070
2015.12.20,00:00,21674.4,21684,21639.1,21662.1,1348
2015.12.21,00:00,21659.8,21906.6,21562.1,21863.9,69865
2015.12.22,00:00,21866.2,21997.3,21699.7,21971.7,56215
2015.12.23,00:00,21970.5,22275.8,21815.2,22226.8,57307
2015.12.24,00:00,22227.9,22290.6,22099.3,22122.6,23401
2015.12.27,00:00,22209.8,22243.8,22199,22205.9,478
2015.12.28,00:00,22203.6,22208.2,21788.9,21874.8,48800
2015.12.29,00:00,21876,22152.5,21837.5,22112,43302
2015.12.30,00:00,22113.2,22167,21810.9,21849.8,56996
2015.12.31,00:00,21848.7,21979.4,21685.2,21736.3,32736
2016.01.03,00:00,21780.6,21802.2,21767,21801.1,728
2016.01.04,00:00,21802.2,21854.3,20927.3,21203,91641
2016.01.05,00:00,21204.2,21400.8,21024.5,21175.9,92527
2016.01.06,00:00,21173.7,21242.2,20573.4,20749.6,95218
2016.01.07,00:00,20746.3,20823.2,20043.2,20215,110036
2016.01.08,00:00,20213.9,20609.7,19943.9,19971.6,94854
2016.01.10,00:00,19900.6,19941.7,19835.7,19872.4,2648
2016.01.11,00:00,19873.5,20110.7,19727.7,19944.9,100336
2016.01.12,00:00,19946,20104.2,19652.7,19881.6,95676
2016.01.13,00:00,19883.8,20222.5,19459.7,19534.4,97152
2016.01.14,00:00,19536.6,19926.7,19462.5,19867.8,104917
2016.01.15,00:00,19869,19893.2,18802.8,19132.5,112398
2016.01.17,00:00,19046.8,19096,18968.2,19061.3,1473
2016.01.18,00:00,19063.5,19436,19038.1,19201.7,78945
2016.01.19,00:00,19203.9,19714.7,19152.2,19429.8,98646
2016.01.20,00:00,19427.6,19430.9,18375.6,18875.5,126830
2016.01.21,00:00,18879.8,19252.3,18526.3,18868.2,130952
2016.01.22,00:00,18867.1,19378.8,18748.8,19364.1,96942
2016.01.24,00:00,19397.8,19406.5,19355.9,19366.7,706
2016.01.25,00:00,19365.6,19490.8,18949.2,18962.1,86507
2016.01.26,00:00,18963.2,19263.2,18780.8,19140.6,90121
2016.01.27,00:00,19142.8,19263.8,18839.6,18906.2,94170
2016.01.28,00:00,18907.3,19378,18854.7,19184.8,95584
2016.01.29,00:00,19183.7,19793.5,19036,19793.1,85424
2016.01.31,00:00,19798.5,19800.7,19750.8,19755.2,585
2016.02.01,00:00,19756.3,19763.9,19285.4,19360.3,74480
2016.02.02,00:00,19358.2,19604.9,18982,19034.1,72584
2016.02.03,00:00,19036.2,19147.9,18701.9,19122.3,90509
2016.02.04,00:00,19120.2,19346.9,18981.8,19050.8,82472
2016.02.05,00:00,19048.7,19399.7,18895.7,18981.9,71521
2016.02.07,00:00,19008.8,19010.9,18977.2,18996.9,454
2016.02.08,00:00,19003.4,19075.2,18534.1,18732.5,54825
2016.02.09,00:00,18731.4,18751.6,18386.6,18581.6,62976
2016.02.10,00:00,18579.4,18846.2,18446.3,18501.6,61223
2016.02.11,00:00,18503.7,18580,17988.9,18203.6,82920
2016.02.12,00:00,18204.7,18555.4,18160,18553.3,72682
2016.02.14,00:00,18605.4,18718.1,18605.4,18695.2,650
2016.02.15,00:00,18697.4,18975.3,18581,18928.5,59973
2016.02.16,00:00,18930.6,19263.9,18886.4,19075.6,76473
2016.02.17,00:00,19077.7,19352.6,18889.5,19333,72497
2016.02.18,00:00,19334.1,19445.5,19145.3,19197.9,69704
2016.02.19,00:00,19199,19354,19138,19254.9,58666
2016.02.21,00:00,19217.4,19223.9,19206.7,19217.4,194
2016.02.22,00:00,19219.6,19633,19219.6,19545.3,62393
2016.02.23,00:00,19544.2,19590.3,19266.7,19275.2,63349
2016.02.24,00:00,19273.1,19369.2,18806.5,19284.8,76012
2016.02.25,00:00,19286.9,19306,18850.5,19191,72968
2016.02.26,00:00,19193.1,19585,19135.5,19287.9,70952
2016.02.28,00:00,19282.7,19289,19261.6,19274.2,338
2016.02.29,00:00,19276.3,19430,19044.4,19241.8,74695
2016.03.01,00:00,19239.7,19765.3,19074,19730.1,77694
2016.03.02,00:00,19727.9,20077.4,19704.5,20030.4,74839
2016.03.03,00:00,20029.3,20082,19779,20043.1,67234
2016.03.04,00:00,20044.2,20460,19946.9,20347.7,77279
2016.03.06,00:00,20348.8,20371.6,20347.7,20352,282
2016.03.07,00:00,20349.9,20352,20031.3,20199.7,70236
2016.03.08,00:00,20198.6,20199.7,19856.5,19901.4,75609
2016.03.09,00:00,19900.3,20090.7,19821,20018.2,63725
2016.03.10,00:00,20016.1,20218.7,19678.4,19898.5,83620
2016.03.11,00:00,19903.8,20399.4,19833.7,20389.8,71776
2016.03.13,00:00,20373.7,20388.7,20347.2,20366.5,387
2016.03.14,00:00,20364.4,20491.4,20309.9,20392,62329
2016.03.15,00:00,20389.8,20394.2,20201.3,20368.2,58810
2016.03.16,00:00,20367.1,20548.5,20165.9,20536.2,66878
2016.03.17,00:00,20534,20686.6,20295.7,20628.9,70126
2016.03.18,00:00,20631.1,20852.3,20473,20757.6,63210
2016.03.20,00:00,20783.5,20795.7,20773.3,20779.2,211
2016.03.21,00:00,20777,20817,20607,20771.9,64224
2016.03.22,00:00,20770.9,20791.4,20507.3,20639.2,58533
2016.03.23,00:00,20641.4,20683.3,20388.3,20419.5,55847
2016.03.24,00:00,20417.3,20501.3,20138.8,20313.8,59469
2016.03.27,00:00,20325.5,20331.9,20317,20319.2,209
2016.03.28,00:00,20317,20373.2,20262.6,20345.3,8337
2016.03.29,00:00,20344.2,20570.7,20252.5,20560.2,57611
2016.03.30,00:00,20561.2,21022.2,20485.9,20879.2,58661
2016.03.31,00:00,20877.1,20912,20706.8,20767.4,57245
2016.04.01,00:00,20769.6,20832.2,20301.5,20585.1,66290
2016.04.03,00:00,20576.3,20576.3,20563.6,20574.2,106
2016.04.04,00:00,20572.1,20654.2,20388,20398.6,20054
2016.04.05,00:00,20396.5,20456.7,19977.9,20041.5,63067
2016.04.06,00:00,20043.6,20310.8,20032,20290.4,56685
2016.04.07,00:00,20288.3,20364.7,19942.7,20010.4,59144
2016.04.08,00:00,20011.4,20505.8,19964.6,20332,61974
2016.04.10,00:00,20316.1,20324.6,20307.7,20316.7,230
2016.04.11,00:00,20317.8,20616.1,20172.3,20371.5,70425
2016.04.12,00:00,20381.5,20734.1,20379.3,20668.4,62783
2016.04.13,00:00,20666.2,21392.8,20639.1,21365.2,67274
2016.04.14,00:00,21367.4,21538.6,21293.1,21422.3,61307
2016.04.15,00:00,21424.5,21453,21239.4,21262.1,50962
2016.04.17,00:00,21158.6,21189.1,21154.2,21176,402
2016.04.18,00:00,21178.2,21448,21017.5,21353.1,55988
2016.04.19,00:00,21350.9,21594,21273.6,21550.2,56421
2016.04.20,00:00,21552.4,21554.6,21119.2,21425.8,63841
2016.04.21,00:00,21428,21659.5,21348.5,21378,67368
2016.04.22,00:00,21379.1,21553.6,21333.5,21422.9,61315
2016.04.24,00:00,21456.7,21458.9,21439.3,21441.4,156
2016.04.25,00:00,21439.3,21445.8,21263.7,21341.8,56915
2016.04.26,00:00,21344,21452.8,21085.8,21393.4,56066
2016.04.27,00:00,21395.6,21499.9,21279.3,21485.1,56900
2016.04.28,00:00,21482.9,21677.1,21215.5,21274.5,67070
2016.04.29,00:00,21276.7,21307.5,20827.3,20950.8,62758
2016.05.01,00:00,20941.1,20959.5,20936.8,20943.3,192
2016.05.02,00:00,20944.4,21054.2,20863.7,20967.6,16446
2016.05.03,00:00,20969.8,21106.2,20420.4,20466.4,64952
2016.05.04,00:00,20468.5,20573.3,20230,20325,62193
2016.05.05,00:00,20327.1,20512.9,20254.7,20272.8,52825
2016.05.06,00:00,20274.9,20367.9,19973.4,20213,64511
2016.05.08,00:00,20197.4,20244,20197.4,20239.8,213
2016.05.09,00:00,20237.7,20329,19947.4,19957.7,59655
2016.05.10,00:00,19955.6,20344.5,19945.3,20319.8,57043
2016.05.11,00:00,20317.7,20368.1,19891,19918.4,62890
2016.05.12,00:00,19920.5,20103.3,19792.6,19856.4,64970
2016.05.13,00:00,19858.5,19870.7,19521,19578.1,66071
2016.05.15,00:00,19526.4,19540.6,19518.3,19540.6,121
2016.05.16,00:00,19541.6,19999,19540.6,19926.3,56878
2016.05.17,00:00,19931.3,20092.3,19793.7,19853,63215
2016.05.18,00:00,19855.1,19889.8,19579.5,19674.6,68141
2016.05.19,00:00,19672.6,19751.6,19474.1,19593.8,62067
2016.05.20,00:00,19595.8,19946.7,19578.2,19845.8,56003
2016.05.22,00:00,19857.2,19863.3,19848.9,19851,156
2016.05.23,00:00,19848.9,19932.7,19703.5,19737.7,53292
2016.05.24,00:00,19742.7,20155.3,19686.7,20127.8,52252
2016.05.25,00:00,20129.8,20505.8,20090.7,20470,53960
2016.05.26,00:00,20467.9,20467.9,20240.8,20437.3,49559
2016.05.27,00:00,20427.3,20665,20272.4,20619.3,51693
2016.05.29,00:00,20628.6,20640.9,20626.5,20635.8,98
2016.05.30,00:00,20636.8,20789,20470,20626.8,38362
2016.05.31,00:00,20627.8,21020.2,20593.2,20819.3,60076
2016.06.01,00:00,20821.4,20947,20692.7,20798.9,54096
2016.06.02,00:00,20801,20995.3,20710.7,20979.6,59217
2016.06.03,00:00,20981.7,21104.3,20853.1,20972.3,57517
2016.06.05,00:00,20979.6,20992.2,20979.6,20983.8,117
2016.06.06,00:00,20981.7,21247.5,20855.1,21198,50538
2016.06.07,00:00,21200.1,21415.4,21187.4,21321.7,49764
2016.06.08,00:00,21323.8,21417.7,21223.9,21385.8,48406
2016.06.09,00:00,21383.6,21394.3,21262.4,21293.4,9668
2016.06.10,00:00,21295.5,21331.8,20777,20856.6,47694
2016.06.12,00:00,20822.1,20834.6,20807.4,20820,213
2016.06.13,00:00,20822.1,20836.7,20383.9,20390.1,63600
2016.06.14,00:00,20392.2,20580.7,20184.7,20202.1,59504
2016.06.15,00:00,20204.2,20586.4,20122.6,20344,64936
2016.06.16,00:00,20346.1,20394.8,19879,20225.1,68163
2016.06.17,00:00,20227.2,20315,20067.1,20134.5,59329
2016.06.19,00:00,20240.6,20313,20234.4,20303.9,419
2016.06.20,00:00,20301.8,20656.6,20276.6,20534.7,60220
2016.06.21,00:00,20532.6,20684.1,20472,20598.5,60989
2016.06.22,00:00,20600.6,20909.1,20491.6,20854.9,59616
2016.06.23,00:00,20852.7,21523.2,20755.2,21292.3,66426
2016.06.24,00:00,21293.8,21299.8,19633.2,19950,104959
2016.06.26,00:00,19949.3,19949.3,19859.1,19905.3,738
2016.06.27,00:00,19907.4,20343.9,19705.9,19913.6,65992
2016.06.28,00:00,19915.7,20257.6,19826.3,20229.5,75212
2016.06.29,00:00,20230.6,20734.1,20180.6,20685.4,63836
2016.06.30,00:00,20684.3,21032.6,20621.3,20935.6,78385
2016.07.01,00:00,20933.5,21095.1,20868.8,20995.1,17771
2016.07.03,00:00,21013.3,21013.3,20976.2,20982.6,98
2016.07.04,00:00,20980.5,21199.8,20846.8,20944.1,52089
2016.07.05,00:00,20946.2,20999.4,20565.7,20660,60960
2016.07.06,00:00,20662.1,20666.3,20277.3,20584.1,72771
2016.07.07,00:00,20586.2,20746.2,20502.5,20598.1,60661
2016.07.08,00:00,20600.1,20835.7,20442.7,20796.1,57065
2016.07.10,00:00,20793,20795.1,20785.9,20793,73
2016.07.11,00:00,20790.9,21053,20790.9,21007.8,51383
2016.07.12,00:00,21009.9,21453.3,20968.5,21390.8,53480
2016.07.13,00:00,21392.9,21459.7,21264.4,21314.5,51175
2016.07.14,00:00,21315.6,21685.3,21255.3,21623.2,52256
2016.07.15,00:00,21625.3,21768.7,21525.7,21570.7,55931
2016.07.17,00:00,21650.8,21705.7,21646.6,21690.7,217
2016.07.18,00:00,21692.9,21850.6,21636.3,21790.2,50245
2016.07.19,00:00,21788,21790.2,21582.1,21631.3,46139
2016.07.20,00:00,21633.4,21979.3,21589.9,21939.5,41974
2016.07.21,00:00,21941.7,22133,21843.1,21900.5,45125
2016.07.22,00:00,21898.4,22061.6,21856.5,22018,40894
2016.07.24,00:00,22012.6,22019.1,22010.4,22019.1,52
2016.07.25,00:00,22021.2,22110.6,21873.5,21923.4,40703
2016.07.26,00:00,21921.3,22317.3,21866.2,22184.7,49689
2016.07.27,00:00,22186.9,22281.8,22003.8,22161.1,53995
2016.07.28,00:00,22159,22223.2,22004.7,22091.7,47835
2016.07.29,00:00,22092.8,22178.1,21798.4,21979.2,53845
2016.07.31,00:00,21982.4,21999.6,21980.3,21991,69
2016.08.01,00:00,21984.5,22298,21941,22003.1,43680
2016.08.02,00:00,22000.9,22056.4,21809.2,21921.4,13537
2016.08.03,00:00,21923.5,21934.2,21704.6,21897,45646
2016.08.04,00:00,21899.1,21990.1,21788.1,21945.7,44192
2016.08.05,00:00,21947.8,22344.6,21940.3,22340.2,40643
2016.08.07,00:00,22339.1,22360,22332.6,22357.8,43
2016.08.08,00:00,22355.7,22535.7,22255.2,22439.7,35778
2016.08.09,00:00,22437.5,22626.9,22427.2,22525.8,35123
2016.08.10,00:00,22526.9,22656.1,22403.1,22421.2,40764
2016.08.11,00:00,22423.3,22791.2,22348.9,22759.5,46630
2016.08.12,00:00,22761.7,22832,22697.5,22755.7,45490
2016.08.14,00:00,22750.2,22756.8,22747.9,22754.6,29
2016.08.15,00:00,22752.4,23045.8,22720.3,23002.6,43148
2016.08.16,00:00,23003.7,23160.9,22847.9,22974.3,51103
2016.08.17,00:00,22976.5,23045.4,22749.6,22909.5,52126
2016.08.18,00:00,22911.7,23220.4,22854.3,23109.4,49404
2016.08.19,00:00,23107.1,23161.3,22846.7,22986.5,49452
2016.08.21,00:00,22983.2,22985.4,22974.2,22978.7,59
2016.08.22,00:00,22980.9,23027.1,22783.6,22922,55541
2016.08.23,00:00,22919.8,23117.2,22861.2,22969,48621
2016.08.24,00:00,22971.2,23054.8,22689.8,22754.5,49586
2016.08.25,00:00,22756.7,22906.1,22729.2,22855,48611
2016.08.26,00:00,22857.3,23129.2,22741.2,22864.4,51444
2016.08.28,00:00,22852.1,22858.8,22840.9,22847.6,104
2016.08.29,00:00,22849.8,22923.2,22743.2,22887.7,63165
2016.08.30,00:00,22889.9,23096,22883.2,23048.1,41635
2016.08.31,00:00,23050.4,23063.8,22815.7,22905,43077
2016.09.01,00:00,22907.2,23250.2,22828.1,23164,50588
2016.09.02,00:00,23166.2,23504.6,23134.5,23476.9,49911
2016.09.04,00:00,23468.9,23498.6,23468.9,23487.2,71
2016.09.05,00:00,23484.9,23691.3,23466.7,23633.8,41928
2016.09.06,00:00,23631.5,23795.8,23575.5,23748.3,49847
2016.09.07,00:00,23746,23815.5,23684.5,23728.5,41836
2016.09.08,00:00,23726.2,23975.8,23683.8,23890.4,47896
2016.09.09,00:00,23891.6,24399.9,23565,23579.1,66845
2016.09.11,00:00,23583.8,23610.3,23546.1,23593.8,387
2016.09.12,00:00,23591.4,23703.8,23160.8,23610.3,75616
2016.09.13,00:00,23612.7,23654.8,22953.2,23130.6,77463
2016.09.14,00:00,23133,23399.7,23107.2,23175.3,69647
2016.09.15,00:00,23177.6,23601.7,23175.3,23494.9,54111
2016.09.16,00:00,23496.1,23552.8,23295.8,23462.4,18378
2016.09.18,00:00,23461.2,23475.3,23456.5,23466.5,98
2016.09.19,00:00,23467.7,23621,23396.7,23457.6,51250
2016.09.20,00:00,23459.9,23573.8,23389.5,23487.6,49038
2016.09.21,00:00,23486.4,23875.8,23423,23834.1,60380
2016.09.22,00:00,23831.7,24081.9,23695.4,23891.5,56321
2016.09.23,00:00,23889.2,23919.2,23570.3,23576.8,51201
2016.09.25,00:00,23568.7,23591.9,23568.7,23589.6,98
2016.09.26,00:00,23587.3,23611.6,23263.1,23282.1,52177
2016.09.27,00:00,23284.4,23662.2,23186.7,23589.9,62648
2016.09.28,00:00,23592.3,23756.8,23361.8,23718.8,56233
2016.09.29,00:00,23716.5,23863.9,23466.6,23529.9,67304
2016.09.30,00:00,23532.2,23660.4,23226.8,23541.3,65863
2016.10.02,00:00,23563.3,23574.5,23549,23572.2,151
2016.10.03,00:00,23574.5,23757.8,23522,23644,42247
2016.10.04,00:00,23646.3,23745.8,23474.9,23531.6,52276
2016.10.05,00:00,23529.3,23939.3,23501.5,23883.4,47861
2016.10.06,00:00,23884.5,24028.6,23813.6,23978.4,47455
2016.10.07,00:00,23976.1,23976.1,23767.3,23858.6,51507
2016.10.09,00:00,23914.1,23916.2,23889.9,23904.1,209
2016.10.10,00:00,23901.7,24117.2,23832.6,24088.6,9911
2016.10.11,00:00,24091,24123.9,23246.9,23350.1,70156
2016.10.12,00:00,23347.8,23477,23285,23368.9,56837
2016.10.13,00:00,23366.5,23442.9,22875.4,23091.8,66389
2016.10.14,00:00,23094.1,23392.7,23059.8,23274.3,58049
2016.10.16,00:00,23282.4,23282.4,23210.4,23229.7,282
2016.10.17,00:00,23227.4,23259.9,22954.2,23051.8,60896
2016.10.18,00:00,23054.1,23463.5,23051.8,23383.7,56757
2016.10.19,00:00,23386.1,23457.5,23215.7,23374.5,49189
2016.10.20,00:00,23372.1,23497.8,23325.8,23402.6,51341
2016.10.21,00:00,23407.3,23414.3,23264.7,23408.5,10143
2016.10.23,00:00,23407.3,23442.2,23402.6,23435.3,139
2016.10.24,00:00,23437.6,23637.3,23214.8,23533.9,51705
2016.10.25,00:00,23536.2,23649,23418.7,23431.5,43992
2016.10.26,00:00,23429.2,23462.6,23250.6,23353.5,50347
2016.10.27,00:00,23351.2,23373.5,22977.1,23063.2,58606
2016.10.28,00:00,23060.9,23154.1,22774.8,22890.9,59540
2016.10.30,00:00,22839.5,22873.8,22830.3,22859.3,226
2016.10.31,00:00,22857.1,23074.4,22754.4,22895.6,48375
2016.11.01,00:00,22893.3,23304.4,22884.6,22991,55608
2016.11.02,00:00,22988.6,23008.7,22614.2,22698.1,55884
2016.11.03,00:00,22700.4,22877.8,22611.4,22675.3,54472
2016.11.04,00:00,22673,22783.8,22417.7,22448.7,51803
2016.11.06,00:00,22674.2,22748.1,22650.4,22714.6,614
2016.11.07,00:00,22712.3,23059.7,22641.8,23028.5,42176
2016.11.08,00:00,23026.2,23227.6,22818.9,23187.3,47801
2016.11.09,00:00,23184,23193.8,21923.3,22838.8,109962
2016.11.10,00:00,22841.2,22958,22504.6,22702.1,65700
2016.11.11,00:00,22699.7,22731.2,22178.4,22366.8,64713
2016.11.13,00:00,22396.8,22441,22392.1,22434,213
2016.11.14,00:00,22431.7,22517,22091.3,22205.4,52619
2016.11.15,00:00,22207.7,22437.1,22191.5,22424.8,46071
2016.11.16,00:00,22427.1,22491.7,22083.9,22143.3,43413
2016.11.17,00:00,22141,22375.5,22119.9,22302,43080
2016.11.18,00:00,22304.3,22372.7,22123.5,22278.4,43247
2016.11.20,00:00,22279.5,22288.7,22277.2,22284.1,103
2016.11.21,00:00,22281.8,22494,22216,22389.9,41400
2016.11.22,00:00,22392.2,22734,22389.9,22669.1,38264
2016.11.23,00:00,22673.8,22820.2,22537.3,22618.7,41569
2016.11.24,00:00,22616.3,22648.2,22463.7,22621.8,33558
2016.11.25,00:00,22619.5,22832.9,22557.8,22803.1,37550
2016.11.27,00:00,22762.5,22764.5,22752.9,22757.6,84
2016.11.28,00:00,22759.9,22981.4,22690.4,22716.9,41156
2016.11.29,00:00,22719.2,22862.7,22692.3,22806,43310
2016.11.30,00:00,22807.2,22919,22766.7,22814.5,45032
2016.12.01,00:00,22812.2,23009.2,22744.9,22780.3,46567
2016.12.02,00:00,22781.5,22796.6,22479.9,22619,44959
2016.12.04,00:00,22512,22567.3,22452.2,22539.4,330
2016.12.05,00:00,22542.5,22669.1,22365.6,22643.6,52618
2016.12.06,00:00,22645.9,22803.4,22629.6,22776.1,37541
2016.12.07,00:00,22777.3,23067.9,22720.2,22994.3,38369
2016.12.08,00:00,22996.6,23135.2,22764.5,22913.9,45961
2016.12.09,00:00,22915.1,22928.1,22670.6,22807.4,41880
2016.12.11,00:00,22867.6,22892.6,22851.7,22859.9,235
2016.12.12,00:00,22862.2,22882.6,22272.5,22305.2,53637
2016.12.13,00:00,22307.4,22615.2,22275.6,22556.4,44398
2016.12.14,00:00,22554.2,22638.6,22233,22271,47891
2016.12.15,00:00,22273.2,22314.5,21974,22088.8,61251
2016.12.16,00:00,22091,22127,21840.2,21906.7,48930
2016.12.18,00:00,21910,21928.4,21900,21921.8,141
2016.12.19,00:00,21922.9,22000.7,21734.2,21783.2,44732
2016.12.20,00:00,21785.4,21867.7,21656.2,21811.2,41767
2016.12.21,00:00,21809,21920.2,21707.2,21721.9,34668
2016.12.22,00:00,21726.9,21814.5,21496.4,21565.4,37955
2016.12.23,00:00,21567.6,21588.9,21438.7,21484.7,32454
2016.12.26,00:00,21494.3,21496.5,21478.6,21487.9,40
2016.12.27,00:00,21490,21560.7,21477.4,21510.8,2621
2016.12.28,00:00,21508.7,21781.9,21478.7,21603.3,39690
2016.12.29,00:00,21601.1,21798.2,21542.7,21762.4,37757
2016.12.30,00:00,21764.6,22040.5,21738.3,21862.8,39657
2017.01.02,00:00,21935.5,21961.5,21935.5,21948.3,117
2017.01.03,00:00,21946.1,22185,21848,22143.2,44888
2017.01.04,00:00,22141,22258.1,22043.5,22211.6,40843
2017.01.05,00:00,22210.5,22554.6,22197.9,22537.8,42884
2017.01.06,00:00,22535.5,22611.4,22452.4,22499.8,42353
2017.01.08,00:00,22498.7,22517.2,22498.7,22515,103
2017.01.09,00:00,22512.7,22625.1,22461.1,22517.1,41565
2017.01.10,00:00,22519.4,22883.9,22498.2,22783.2,39932
2017.01.11,00:00,22785.5,22987,22770,22958.1,47854
2017.01.12,00:00,22960.4,23002,22757.7,22885.4,46740
2017.01.13,00:00,22884.3,22989.1,22873.1,22966.3,37523
2017.01.15,00:00,22951.5,22953.8,22942.4,22947,90
2017.01.16,00:00,22948.1,22954.8,22665.1,22798.5,34925
2017.01.17,00:00,22796.2,22929.6,22725.1,22879,39838
2017.01.18,00:00,22881.3,23180.6,22874.5,23151.3,38945
2017.01.19,00:00,23152.4,23165.1,22900.3,23014.4,37731
2017.01.20,00:00,23016.7,23037.3,22858.3,22928.3,38849
2017.01.22,00:00,22916.9,22916.9,22862.2,22864.5,121
2017.01.23,00:00,22866.8,23099.9,22849.4,22933.3,41824
2017.01.24,00:00,22933.5,23142.9,22904.6,23109.9,31828
2017.01.25,00:00,23112.2,23177.4,22942.3,23164.2,29128
2017.01.26,00:00,23161.9,23438.9,23149.9,23299.4,31559
2017.01.27,00:00,23297.1,23440,23282.9,23357.2,16414
2017.01.29,00:00,23301.1,23308,23281.8,23296,118
2017.01.30,00:00,23293.7,23316.6,23142.4,23238.8,7450
2017.01.31,00:00,23241.1,23297.9,23131.5,23254.6,10352
2017.02.01,00:00,23254.9,23492.9,23105.4,23330.7,35423
2017.02.02,00:00,23328.4,23481.2,23126.7,23254.4,35206
2017.02.03,00:00,23252.1,23277,22993.5,23220.7,36498
2017.02.05,00:00,23221.9,23241,23206.4,23208.7,70
2017.02.06,00:00,23206.4,23373.7,23143.7,23255.7,35046
2017.02.07,00:00,23253.4,23414.2,23232.9,23299.2,32837
2017.02.08,00:00,23301.5,23545.6,23166.1,23460.2,39072
2017.02.09,00:00,23457.9,23646.6,23447.9,23572.8,36007
2017.02.10,00:00,23575.1,23737.7,23557.8,23665.9,32618
2017.02.12,00:00,23671.7,23707.9,23671.7,23707.9,94
2017.02.13,00:00,23705.6,23769.1,23611.1,23753.7,33967
2017.02.14,00:00,23751.4,23811.8,23615.7,23765.8,37546
2017.02.15,00:00,23763.5,24138.3,23749,24110.1,43194
2017.02.16,00:00,24111.2,24145.6,23989.6,24059.9,40534
2017.02.17,00:00,24057.6,24132.9,23970.7,24090.1,41103
2017.02.19,00:00,24079.7,24084.3,24065.5,24075.1,125
2017.02.20,00:00,24072.8,24223.8,24010.8,24162.6,36634
2017.02.21,00:00,24164.9,24223.4,23946.9,24028.4,40813
2017.02.22,00:00,24026.1,24181.6,24019.1,24102.3,37816
2017.02.23,00:00,24100,24210.3,24029.3,24126,39637
2017.02.24,00:00,24128.3,24145.2,23827.9,23975.6,38978
2017.02.26,00:00,23992.7,24011,23982.3,23994.9,139
2017.02.27,00:00,23997.2,24090.2,23839.7,23892.1,49778
2017.02.28,00:00,23890.9,24019.2,23714.3,23802.5,42917
2017.03.01,00:00,23804.8,24042.1,23749,23993.6,42672
2017.03.02,00:00,23995.9,24095.3,23587.3,23600.7,46417
2017.03.03,00:00,23603,23697.7,23500,23666,44682
2017.03.05,00:00,23605.8,23606.9,23544.9,23547.1,270
2017.03.06,00:00,23544.9,23693.4,23542.6,23611.3,38232
2017.03.07,00:00,23609,23716.6,23590.1,23629.3,34955
2017.03.08,00:00,23631.6,23807.6,23540.6,23686.7,40935
2017.03.09,00:00,23676.7,23686.7,23354.1,23517.8,43403
2017.03.10,00:00,23518.9,23635.6,23421,23547.4,43806
2017.03.12,00:00,23553,23557.5,23509.5,23514,172
2017.03.13,00:00,23516.2,23858.1,23506.2,23837.2,39471
2017.03.14,00:00,23834.9,23905.5,23700.2,23736.7,34434
2017.03.15,00:00,23739,24024.3,23621.5,23997.2,39886
2017.03.16,00:00,23996.1,24447.1,23948.1,24362.6,47565
2017.03.17,00:00,24364.9,24412.6,24259.8,24312.2,42357
2017.03.19,00:00,24301.8,24306.4,24276.1,24280.8,170
2017.03.20,00:00,24278.5,24596.8,24243.9,24523.9,39227
2017.03.21,00:00,24521.6,24689.1,24338,24364.7,51384
2017.03.22,00:00,24367.1,24460.3,24231.3,24460,50917
2017.03.23,00:00,24457.6,24467.3,24297.8,24406,49116
2017.03.24,00:00,24408.4,24453.9,24287,24406.8,47045
2017.03.26,00:00,24347,24354,24262.2,24283.3,379
2017.03.27,00:00,24281,24456.3,24151.3,24362,51623
2017.03.28,00:00,24364.3,24540.2,24301.1,24476.1,39360
2017.03.29,00:00,24478.5,24499.7,24351.2,24418.8,36735
2017.03.30,00:00,24421.1,24468.1,24227.2,24337.5,40324
2017.03.31,00:00,24338.7,24338.7,24082.8,24105,41835
2017.04.02,00:00,24129.1,24136.1,24122.2,24130.3,103
2017.04.03,00:00,24131.4,24275.3,24092.3,24229.7,34986
2017.04.04,00:00,24228.6,24353.7,24151.8,24334.4,9330
2017.04.05,00:00,24336.8,24472.8,24136.8,24300.1,53355
2017.04.06,00:00,24302.4,24372.3,24178.3,24299.6,48660
2017.04.07,00:00,24300.7,24358,23947.9,24295.4,62145
2017.04.09,00:00,24289.6,24301.2,24275.7,24298.9,62
2017.04.10,00:00,24301.2,24373.1,24175.4,24225,44567
2017.04.11,00:00,24222.7,24298.4,23965.7,24092,58120
2017.04.12,00:00,24094.3,24307,23970.2,24196,50814
2017.04.13,00:00,24193.7,24372.3,24092.5,24160.1,52742
2017.04.16,00:00,24139,24149.9,24126.2,24142.9,192
2017.04.17,00:00,24145.2,24318.1,24094.2,24304.9,5299
2017.04.18,00:00,24303.8,24323.6,23762.3,23815.4,52513
2017.04.19,00:00,23817.7,23867.9,23649.3,23702.5,46179
2017.04.20,00:00,23703.6,24141.5,23688.7,24102.7,48024
2017.04.21,00:00,24100.4,24210.6,23958.6,24006.2,42398
2017.04.23,00:00,24314.2,24360.8,24207.6,24240.9,579
2017.04.24,00:00,24237.5,24259.5,23930.9,24222.9,51024
2017.04.25,00:00,24220.6,24559.4,24196.8,24501.4,46798
2017.04.26,00:00,24503.7,24650,24503.7,24534.3,45322
2017.04.27,00:00,24532,24737.5,24468.5,24672.9,43137
2017.04.28,00:00,24671.7,24698.2,24590.4,24649.9,39035
2017.04.30,00:00,24651,24651,24618.5,24627.8,105
2017.05.01,00:00,24630.1,24771.3,24623.2,24691.2,4855
2017.05.02,00:00,24693.5,24805.7,24570.7,24696.5,40834
2017.05.03,00:00,24694.2,24707.8,24607.5,24658.5,7176
2017.05.04,00:00,24656.2,24713,24544.8,24589.7,42888
2017.05.05,00:00,24592,24627.4,24330.1,24614.6,48054
2017.05.07,00:00,24629.5,24629.5,24560,24564.6,160
2017.05.08,00:00,24566.9,24611.6,24471.1,24561,45654
2017.05.09,00:00,24563.3,24993.1,24517.6,24889.8,47534
2017.05.10,00:00,24890.9,25178.6,24872.4,25121.6,50791
2017.05.11,00:00,25119.2,25211.4,25027.9,25100.3,49662
2017.05.12,00:00,25097.9,25287.5,25072.9,25262.7,41534
2017.05.14,00:00,25259.1,25280.7,25254.4,25261.2,79
2017.05.15,00:00,25263.6,25471.2,25231.7,25437.2,42301
2017.05.16,00:00,25436,25464.4,25256.4,25316.1,40742
2017.05.17,00:00,25318.4,25370.4,24940.5,24988,52018
2017.05.18,00:00,24992.8,25296.4,24978.5,25215.2,63079
2017.05.19,00:00,25214,25332.1,25104.4,25315.9,42907
2017.05.21,00:00,25314.7,25333.9,25314.7,25326.7,100
2017.05.22,00:00,25324.3,25417.8,25190.4,25366,40626
2017.05.23,00:00,25363.7,25440.9,25295.9,25386.4,42834
2017.05.24,00:00,25385.2,25474.1,25300.9,25468.2,40207
2017.05.25,00:00,25469.4,25704.3,25435.6,25651.5,43367
2017.05.26,00:00,25649.2,25713.3,25548.5,25621.5,34944
2017.05.28,00:00,25615.5,25641.6,25615.5,25639.2,150
2017.05.29,00:00,25640.4,25756.7,25569,25698.3,24212
2017.05.30,00:00,25697.1,25710.9,25620.4,25682.4,7595
2017.05.31,00:00,25684.8,25825.2,25587.7,25650.7,45970
2017.06.01,00:00,25651.9,25920.8,25621.1,25906,42493
2017.06.02,00:00,25903.6,25963,25801.4,25955.9,40893
2017.06.04,00:00,25945.2,25952.3,25932.8,25932.8,80
2017.06.05,00:00,25931.6,25968.4,25819.5,25845.8,32634
2017.06.06,00:00,25848.2,26045.3,25807.6,26014.4,35768
2017.06.07,00:00,26012,26060.2,25867.5,25939.7,38057
2017.06.08,00:00,25940.9,26124.4,25911.3,26058.4,39684
2017.06.09,00:00,26057.2,26120,25898.5,26022.7,51943
2017.06.11,00:00,26026.3,26033.4,26004.7,26021.9,174
2017.06.12,00:00,26023.1,26036.3,25671.8,25735.2,47248
2017.06.13,00:00,25740.2,25921.6,25738.1,25890.9,37760
2017.06.14,00:00,25888.6,25936.2,25712.7,25771.1,48062
2017.06.15,00:00,25769.9,25827,25495.9,25605.8,49290
2017.06.16,00:00,25604.7,25719.9,25576.5,25715.6,40198
2017.06.18,00:00,25716.8,25719.1,25684.9,25692,101
2017.06.19,00:00,25693.2,26007.9,25670.9,25979.7,36500
2017.06.20,00:00,25978.5,26018.6,25677,25734.5,41621
2017.06.21,00:00,25735.7,25881.5,25528.8,25536.6,55217
2017.06.22,00:00,25534.2,25856.5,25531.6,25718.3,50564
2017.06.23,00:00,25719.5,25782,25613,25647.6,43279
2017.06.25,00:00,25651.2,25653.5,25628.6,25646.4,87
2017.06.26,00:00,25644.1,25926,25644.1,25841.4,41124
2017.06.27,00:00,25842.6,25912.5,25667,25688.5,47119
2017.06.28,00:00,25687.3,25894.1,25603,25882,44682
2017.06.29,00:00,25884.3,25957,25617.3,25751.7,51545
2017.06.30,00:00,25752.9,25803.1,25573.2,25702.9,49447
2017.07.02,00:00,25723.1,25752.7,25720.8,25752.7,111
2017.07.03,00:00,25751.5,25832.7,25575.7,25780.7,37279
2017.07.04,00:00,25778.3,25819.3,25204,25373.1,48214
2017.07.05,00:00,25374.3,25561,25179,25558.6,55329
2017.07.06,00:00,25556.3,25612.3,25265.1,25299.8,54017
2017.07.07,00:00,25300.9,25406.3,25275,25370,41981
2017.07.09,00:00,25373.5,25378.2,25371.2,25371.2,45
2017.07.10,00:00,25368.8,25605.5,25308.5,25535.9,42897
2017.07.11,00:00,25533.5,25993,25533.5,25988.1,48219
2017.07.12,00:00,25990.5,26351.1,25914,26328.3,51773
2017.07.13,00:00,26327.1,26421,26280.8,26407.7,46242
2017.07.14,00:00,26410.2,26635.3,26315.3,26615.9,37918
2017.07.16,00:00,26617.1,26631.7,26617.1,26624.4,40
2017.07.17,00:00,26621.9,26634.4,26385.4,26471.5,47428
2017.07.18,00:00,26473.9,26589.3,26411,26541,45620
2017.07.19,00:00,26539.8,26789.4,26517.5,26753.6,42724
2017.07.20,00:00,26756.1,26783.8,26654.9,26748,41378
2017.07.21,00:00,26749.2,26781.7,26645.1,26700.5,40836
2017.07.23,00:00,26692,26704.1,26692,26696.8,23
2017.07.24,00:00,26699.3,26899.9,26657.9,26856.5,36575
2017.07.25,00:00,26854.1,26950.8,26807.3,26904,36589
2017.07.26,00:00,26901.5,26992.8,26799.5,26987.8,39541
2017.07.27,00:00,26990.3,27161.5,26864.2,27005.2,40808
2017.07.28,00:00,27007.7,27131.9,26951.5,27124.5,39426
2017.07.30,00:00,27106.1,27115.9,27103.6,27106.1,59
2017.07.31,00:00,27108.5,27337.5,27032,27253.9,38940
2017.08.01,00:00,27255.1,27687,27253.9,27634.9,45425
2017.08.02,00:00,27632.4,27734.5,27491.6,27538.6,44630
2017.08.03,00:00,27537.3,27629.6,27415.6,27601.3,46170
2017.08.04,00:00,27598.7,27627.1,27516.6,27565.1,38960
2017.08.06,00:00,27571.4,27586.4,27571.4,27578.9,85
2017.08.07,00:00,27581.4,27771.1,27578.9,27611.8,32507
2017.08.08,00:00,27614.3,27954,27601.8,27778.3,38445
2017.08.09,00:00,27775.8,27837.9,27604.4,27768.9,50933
2017.08.10,00:00,27771.4,27818.4,27060.7,27093.1,75677
2017.08.11,00:00,27095.6,27224.1,26847.3,26961.6,74242
2017.08.13,00:00,26997.7,27005.1,26995.2,27000.1,112
2017.08.14,00:00,27002.6,27388.6,26990.1,27383.6,51722
2017.08.15,00:00,27382.3,27443.4,27066.2,27134.3,56396
2017.08.16,00:00,27131.8,27634.2,27082.7,27557.7,53140
2017.08.17,00:00,27560.2,27623.2,26911.2,26960,65551
2017.08.18,00:00,26962.5,27226.9,26930,27071.9,61846
2017.08.20,00:00,27108.3,27130.8,27105.8,27128.3,126
2017.08.21,00:00,27130.8,27246.4,27018,27218.2,51211
2017.08.22,00:00,27217,27571.7,27215.7,27567.9,45286
2017.08.23,00:00,27570.4,27580.5,27407.5,27466.1,9503
2017.08.24,00:00,27464.8,27612,27440.9,27557,46078
2017.08.25,00:00,27554.4,28033.1,27430,27895.2,57042
2017.08.27,00:00,27852.8,27916.8,27850.2,27906.5,117
2017.08.28,00:00,27903.9,28067.1,27634,27738.7,52722
2017.08.29,00:00,27736.1,27907.4,27656.8,27890.8,49384
2017.08.30,00:00,27893.4,28167,27873.7,27981.8,47885
2017.08.31,00:00,27984.4,28052.9,27891.3,28031.3,46034
2017.09.01,00:00,28030.1,28120.3,27897.1,27988.8,45667
2017.09.03,00:00,27865.5,27893.7,27863,27886.1,420
2017.09.04,00:00,27888.7,27922,27665.5,27853.9,43130
2017.09.05,00:00,27855.1,27881.7,27488.8,27593.7,54346
2017.09.06,00:00,27596.2,27762.3,27403.8,27679.4,55670
2017.09.07,00:00,27681.9,27824,27468,27650.4,56613
2017.09.08,00:00,27647.9,27775.4,27556.5,27655.8,49552
2017.09.10,00:00,27735.3,27760.5,27732.8,27750.4,214
2017.09.11,00:00,27752.9,28113.5,27732.7,28095.7,42885
2017.09.12,00:00,28098.3,28121.1,27878.5,27981.8,40177
2017.09.13,00:00,27980.5,27999,27730,27789.4,40771
2017.09.14,00:00,27786.9,27884,27673.9,27676.4,44057
2017.09.15,00:00,27673.9,27927.8,27472.6,27899.6,54995
2017.09.17,00:00,27888.3,27900.9,27888.3,27893.3,58
2017.09.18,00:00,27895.9,28171.8,27885.9,28136.8,42296
2017.09.19,00:00,28135.5,28227.7,28018.2,28045.4,44865
2017.09.20,00:00,28042.9,28168,27931.9,28104.5,39706
2017.09.21,00:00,28105.7,28172.5,28032.5,28083.5,42166
2017.09.22,00:00,28084.8,28091.1,27764.7,27825,43268
2017.09.24,00:00,27810,27842.5,27807.5,27837.5,146
2017.09.25,00:00,27835,27890,27289,27399.7,57171
2017.09.26,00:00,27402.1,27599.1,27285,27503.3,48693
2017.09.27,00:00,27505.8,27679,27438,27536.3,40509
2017.09.28,00:00,27533.9,27659.5,27262.5,27413.3,53811
2017.09.29,00:00,27412.1,27674.5,27357.5,27674.5,39965
2017.10.01,00:00,27675.7,27727.6,27670.8,27702.9,336
2017.10.02,00:00,27700.5,27767.9,27672.9,27751.8,5634
2017.10.03,00:00,27754.3,28317.9,27684.4,28296.5,42768
2017.10.04,00:00,28299,28535,28207.5,28366,40537
2017.10.05,00:00,28363.4,28629.4,28323.3,28613.2,4511
2017.10.06,00:00,28611.9,28646.9,28325.5,28376.8,38940
2017.10.08,00:00,28385.6,28393.1,28383.1,28385.6,89
2017.10.09,00:00,28388.1,28497.3,28282.3,28345.5,42362
2017.10.10,00:00,28344.3,28608.3,28269.3,28581.9,42794
2017.10.11,00:00,28583.2,28630.3,28222.7,28396.7,44601
2017.10.12,00:00,28395.5,28541.4,28362.4,28390.5,36756
2017.10.13,00:00,28391.7,28623,28356.8,28581.8,35808
2017.10.15,00:00,28584.3,28607,28584.3,28604.5,156
2017.10.16,00:00,28603.2,28810.6,28596.9,28719.3,36071
2017.10.17,00:00,28720.5,28760.1,28607.1,28623.5,32207
2017.10.18,00:00,28622.2,28782,28620.6,28757.2,30988
2017.10.19,00:00,28758.5,28772.6,28057.3,28327.9,58536
2017.10.20,00:00,28330.4,28530.9,28320.8,28485.7,42356
2017.10.22,00:00,28494.4,28514.3,28494.4,28504.4,177
2017.10.23,00:00,28501.9,28548.9,28153,28179,43764
2017.10.24,00:00,28180.3,28338.7,28072.7,28211.8,45874
2017.10.25,00:00,28209.4,28360.9,27983.3,28141.3,48273
2017.10.26,00:00,28138.8,28366.8,28077.9,28301.7,49161
2017.10.27,00:00,28300.4,28570.1,28269.4,28545.7,48846
2017.10.29,00:00,28536.9,28554.4,28517,28517,234
2017.10.30,00:00,28514.5,28636.1,28165.7,28193.3,54856
2017.10.31,00:00,28194.5,28351.2,28169.8,28293.1,38325
2017.11.01,00:00,28290.7,28645.6,28288.2,28518.4,47784
2017.11.02,00:00,28520.9,28621.1,28446.1,28614.6,49845
2017.11.03,00:00,28609.6,28621.7,28494.7,28542.4,38788
2017.11.05,00:00,28539.9,28587.2,28539.9,28574.8,77
2017.11.06,00:00,28572.3,28672.5,28097.7,28655.7,56229
2017.11.07,00:00,28653.2,29033,28653.2,28812.4,46680
2017.11.08,00:00,28814.9,29138.2,28811.1,28963.1,52144
2017.11.09,00:00,28960.6,29182.5,28796.1,28990.9,61869
2017.11.10,00:00,28989.6,29191.5,28980.8,29052.6,52162
2017.11.12,00:00,29071.6,29107.1,29070.3,29104.6,156
2017.11.13,00:00,29107.1,29231.4,28984.6,29162.2,44328
2017.11.14,00:00,29164.8,29275.7,29034.1,29063.5,42333
2017.11.15,00:00,29066,29079.9,28866.1,28928.7,54863
2017.11.16,00:00,28926.1,29302.2,28897.9,29253.5,42830
2017.11.17,00:00,29252.3,29316.9,29067.2,29077.4,46254
2017.11.19,00:00,29093.9,29106.6,29050.8,29076.2,307
2017.11.20,00:00,29078.7,29342.3,29058.4,29312.5,43475
2017.11.21,00:00,29311.2,31334.9,29284.8,30096.5,65445
2017.11.22,00:00,30095.2,30207.9,29933.7,29990.1,58173
2017.11.23,00:00,29987.5,30164.2,29603.7,29827.2,62445
2017.11.24,00:00,29828.5,30039,29734.2,29974.5,57226
2017.11.26,00:00,29991.3,29999.1,29983.5,29988.7,132
2017.11.27,00:00,29987.4,29988.7,29638,29718.4,56756
2017.11.28,00:00,29720.9,29886.6,29371.4,29858.3,59487
2017.11.29,00:00,29857,29868.5,29406.5,29456,66552
2017.11.30,00:00,29458.5,29468.5,29117.2,29262.1,74304
2017.12.01,00:00,29264.6,29362.2,28778.9,28979.9,93506
2017.12.03,00:00,29168.7,29168.7,29107,29159.1,812
2017.12.04,00:00,29161.6,29328.9,28803.9,28985.9,76845
2017.12.05,00:00,28983.4,29145.4,28755.1,28790.5,76155
2017.12.06,00:00,28792.9,28953.8,28145.8,28301.5,103472
2017.12.07,00:00,28304,28455.3,28127.3,28411.4,83616
2017.12.08,00:00,28408.9,28700.3,28314.3,28667.7,67655
2017.12.10,00:00,28685.9,28705.7,28674,28698.5,199
2017.12.11,00:00,28696.1,29004.6,28573.7,28981.3,53742
2017.12.12,00:00,28982.5,29031.3,28711.3,28755.8,65216
2017.12.13,00:00,28753.4,29335.7,28722.3,29252,72554
2017.12.14,00:00,29250.8,29427.9,28919.3,28955.1,73104
2017.12.15,00:00,28952.6,29034.9,28709.9,28963.9,76893
2017.12.17,00:00,28982.1,29001.6,28974.8,28998,238
2017.12.18,00:00,28999.2,29270.8,28824.8,29159.2,67256
2017.12.19,00:00,29156.7,29372.8,29023.8,29073.7,62517
2017.12.20,00:00,29076.2,29333,29071.3,29169.8,61156
2017.12.21,00:00,29171.1,29540.2,29128.2,29469.5,63325
2017.12.22,00:00,29470.7,29641.8,29416.6,29612.7,49991
2017.12.25,00:00,29585.2,29602.6,29585.2,29593.9,203
2017.12.26,00:00,29592.6,29616,29552.1,29613.6,3616
2017.12.27,00:00,29611.1,29723.6,29534,29631.4,48764
2017.12.28,00:00,29633.8,29926.5,29631.4,29800.7,45388
2017.12.29,00:00,29801.9,29974.5,29696.3,29698.8,44537
2018.01.01,00:00,29802.9,29833,29792.9,29833,151
2018.01.02,00:00,29835.5,30578.4,29825.5,30558.9,59212
2018.01.03,00:00,30557.7,30738.1,30469.5,30709,60815
2018.01.04,00:00,30711.6,30853.5,30549.5,30813.1,59893
2018.01.05,00:00,30811.9,30930.2,30656.5,30923.8,57397
2018.01.07,00:00,30942.9,30975.9,30942.9,30963.1,234
2018.01.08,00:00,30960.6,30960.6,30702,30851,62990
2018.01.09,00:00,30849.7,31058.4,30815.5,30945.6,59453
2018.01.10,00:00,30944.3,31281.4,30930.5,31062,76116
2018.01.11,00:00,31064.5,31260.1,30964.2,31241,56724
2018.01.12,00:00,31239.8,31598.7,31178.2,31588.5,67605
2018.01.14,00:00,31634.4,31657.2,31628,31657.2,177
2018.01.15,00:00,31659.8,31708.9,31267.4,31305,69188
2018.01.16,00:00,31307.5,32002.9,31292.4,31671.9,85667
2018.01.17,00:00,31674.5,32226.3,31662.9,32218.6,87470
2018.01.18,00:00,32216,32223.8,31828.2,31973.6,90044
2018.01.19,00:00,31971,32418.8,31955.7,32406.8,75599
2018.01.21,00:00,32322.6,32339.2,32300.3,32321.1,372
2018.01.22,00:00,32322.4,32615.4,32006.3,32575.4,72043
2018.01.23,00:00,32570.4,32923.6,32513.6,32863.5,94964
2018.01.24,00:00,32864.8,33089.1,32669.4,32753.9,52843
2018.01.25,00:00,32751.3,33011.4,32609.4,32747.1,103165
2018.01.26,00:00,32748.4,33425.6,32747.1,33391.7,89716
2018.01.28,00:00,33386.5,33412.9,33378.8,33410.2,215
2018.01.29,00:00,33408.9,33505.7,32740.4,32795.8,101244
2018.01.30,00:00,32793.2,33011.9,32327.2,32381.3,111445
2018.01.31,00:00,32383.9,33026.4,32338.5,32853,119001
2018.02.01,00:00,32850.4,33017.2,32365.3,32499.4,115287
2018.02.02,00:00,32498.1,32782.6,31809.1,31841.2,130097
2018.02.04,00:00,31677.6,31716.5,31594.3,31669.8,2114
2018.02.05,00:00,31667.2,32369.6,30431.4,30740.9,174999
2018.02.06,00:00,30742.2,31647.3,30311.5,31506.7,181097
2018.02.07,00:00,31505.3,31606,30029.9,30039,171164
2018.02.08,00:00,30040.3,30709.6,29374.8,29531.3,165587
2018.02.09,00:00,29535.1,29737.6,28550.4,29635.9,180283
2018.02.11,00:00,29662.9,29713,29549.9,29691.3,1657
2018.02.12,00:00,29692.5,29867.4,29393.9,29767.4,127153
2018.02.13,00:00,29768.7,30222.8,29570.8,30055,119225
2018.02.14,00:00,30056.2,30760.6,29908.1,30684.7,117469
2018.02.15,00:00,30683.5,31413.5,30653,31388.4,61562
2018.02.16,00:00,31385.8,31694.6,31329.1,31560.5,40261
2018.02.18,00:00,31568.2,31598.2,31559.6,31593.1,699
2018.02.19,00:00,31590.5,31702.5,31332.7,31481.2,12639
2018.02.20,00:00,31482.4,31529.8,30666.6,30826.9,101785
2018.02.21,00:00,30823,31658.3,30806.5,31107,96616
2018.02.22,00:00,31104.4,31278.2,30835.2,31113.5,102422
2018.02.23,00:00,31116.1,31420.1,31082.5,31378,88383
2018.02.25,00:00,31438.5,31463.8,31428.2,31432,433
2018.02.26,00:00,31433.4,31848.4,31273.3,31819.1,77556
2018.02.27,00:00,31816.6,31824.3,30916.9,31023.4,114377
2018.02.28,00:00,31024.6,31166.1,30344.1,30454.6,118112
2018.03.01,00:00,30452,31087.5,30327,30581,168717
2018.03.02,00:00,30583.6,30674.4,29993,30420,135938
2018.03.04,00:00,30319.6,30373,30274.9,30339.8,1102
2018.03.05,00:00,30342.4,30680.8,29796.8,30325.8,134218
2018.03.06,00:00,30328.3,30665.3,30015,30088.9,129039
2018.03.07,00:00,30086.4,30639.8,30028.4,30417.4,138577
2018.03.08,00:00,30420,30829.1,30390.9,30715,104029
2018.03.09,00:00,30712.5,31392.6,30694.8,31360.8,93868
2018.03.11,00:00,31374.8,31461.1,31374.8,31428.2,720
2018.03.12,00:00,31430.8,31639.2,31347.7,31495,95817
2018.03.13,00:00,31500.1,31708.7,31146.5,31249.4,100125
2018.03.14,00:00,31248,31573,31108.5,31253.3,112636
2018.03.15,00:00,31250.8,31645.3,31048.5,31523.9,112281
2018.03.16,00:00,31525.1,31571.4,31264.4,31504.7,90233
2018.03.18,00:00,31490.6,31495.7,31459.7,31485.4,910
2018.03.19,00:00,31424.9,31672,31088.1,31246.9,94728
2018.03.20,00:00,31249.5,31702.9,31145.7,31678.9,106755
2018.03.21,00:00,31681.5,32001.2,31194.2,31376.6,119313
2018.03.22,00:00,31374,31700.9,30020.1,30035,162852
2018.03.23,00:00,30037.5,30325.4,29607.8,29740.2,172275
2018.03.25,00:00,29695.4,29844.2,29690.2,29733.3,1625
2018.03.26,00:00,29734.5,30851.4,29730.7,30822.7,147445
2018.03.27,00:00,30825.3,30941.6,30147.6,30334.4,122872
2018.03.28,00:00,30335.7,30608.5,29824.5,30088.5,183955
2018.03.29,00:00,30089.8,30433.7,29768,30261.1,139566
2018.04.01,00:00,30265,30301.2,30232.1,30234.7,720
2018.04.02,00:00,30237.3,30281.2,29477.7,29810.9,54461
2018.04.03,00:00,29813.5,30363.9,29738.8,30308.9,147064
2018.04.04,00:00,30310.2,30310.2,29135.8,30194.5,161653
2018.04.05,00:00,30191.9,30496.1,29960,29968.9,42273
2018.04.06,00:00,29967.7,30148.2,29493,29634.6,152285
2018.04.09,00:00,29694.9,30559.2,29689.8,30108.2,141970
2018.04.10,00:00,30105.6,30811.9,30095.2,30718.2,145656
2018.04.11,00:00,30720.8,31082.7,30607.9,30920.1,127865
2018.04.12,00:00,30921.4,31150.7,30606.7,30881.5,124875
2018.04.13,00:00,30880.2,31054.2,30617.8,30730.6,117054
2018.04.15,00:00,30903.6,30948.2,30869.8,30938.2,907
2018.04.16,00:00,30940.8,30969.6,30161.2,30400.2,126188
2018.04.17,00:00,30397.7,30528.2,29994.4,30376.3,119724
2018.04.18,00:00,30373.7,30494.3,29960.4,30417.9,126259
2018.04.19,00:00,30419.1,30793.4,30417.9,30613.1,125244
2018.04.20,00:00,30611.8,30879.9,30183.8,30304.6,127483
2018.04.22,00:00,30420.7,30435.4,30377.2,30389.9,598
2018.04.23,00:00,30388.6,30501.9,30149.9,30322.9,124171
2018.04.24,00:00,30325.5,30780,30270.2,30495,138948
2018.04.25,00:00,30496.2,30540.8,30094.5,30427.2,142883
2018.04.26,00:00,30424.6,30456,29840.2,30287.7,115107
2018.04.27,00:00,30290.2,30353.7,30023.5,30306.1,118464
2018.04.29,00:00,30340,30383.2,30327.4,30340.1,316
2018.04.30,00:00,30338.8,30890,30286.7,30502.4,86789
2018.05.01,00:00,30501.1,30666,30337.4,30621.2,21879
2018.05.02,00:00,30623.8,30827.4,30367.9,30418.6,115392
2018.05.03,00:00,30417.3,30495.4,29860.2,30235.9,142356
2018.05.04,00:00,30238.5,30343.2,29751.3,30167.9,131640
2018.05.06,00:00,30184.6,30209.9,30179.6,30189.7,329
2018.05.07,00:00,30192.3,30260.7,29758.3,29924.5,122045
2018.05.08,00:00,29927,30444.1,29913.2,30360,117089
2018.05.09,00:00,30362.5,30698,30316.8,30670.2,107718
2018.05.10,00:00,30668.9,31163.9,30637.1,31080.4,99242
2018.05.11,00:00,31083,31367.3,31053.9,31319.8,105165
2018.05.13,00:00,31380.3,31395.8,31372.7,31381.6,246
2018.05.14,00:00,31380.4,31645.8,31378.5,31558.9,86957
2018.05.15,00:00,31560.2,31589.8,30861.3,30945.1,106831
2018.05.16,00:00,30946.3,31311.1,30788.8,31305.9,106535
2018.05.17,00:00,31302,31429.8,30868.7,30934.5,104802
2018.05.18,00:00,30931.9,31180.1,30832.4,30849.7,101778
2018.05.20,00:00,31076.2,31209.6,31052,31171.3,540
2018.05.21,00:00,31173.9,31499.8,31171.3,31307,91245
2018.05.22,00:00,31305.7,31361.9,31163.4,31176.3,12987
2018.05.23,00:00,31173.7,31200.9,30519.6,30777.4,107581
2018.05.24,00:00,30776.1,30803.4,30371.7,30586.3,109413
2018.05.25,00:00,30588.8,30757.2,30480,30600,103650
2018.05.27,00:00,30697.4,30737.6,30684.7,30702.2,397
2018.05.28,00:00,30703.4,30853.5,30515,30647.7,68032
2018.05.29,00:00,30645.2,30707.2,30069.4,30237.6,114260
2018.05.30,00:00,30240.1,30262,29914.8,30186.8,109038
2018.05.31,00:00,30188.1,30631,30098.4,30473.3,113041
2018.06.01,00:00,30472.1,30705.5,30369.2,30688.7,99738
2018.06.03,00:00,30659.7,30669.7,30632,30634.5,283
2018.06.04,00:00,30637,31075.1,30632,30975.7,91265
2018.06.05,00:00,30973.2,31254.5,30913.5,31152.4,94138
2018.06.06,00:00,31149.9,31490.8,31133.9,31432.5,85901
2018.06.07,00:00,31429.9,31589.9,31262,31403.1,93781
2018.06.08,00:00,31404.3,31443.5,30834.5,31075.2,102485
2018.06.10,00:00,30999.3,31031.9,30996.8,31021.8,317
2018.06.11,00:00,31019.3,31153,30869.5,31076.8,77277
2018.06.12,00:00,31079.3,31270.3,30864,30948.7,79777
2018.06.13,00:00,30949.9,31008.7,30645.6,30678.5,72107
2018.06.14,00:00,30680.9,30751,30284,30440.6,83139
2018.06.15,00:00,30443,30493.4,30032.4,30169.2,88388
2018.06.17,00:00,30139.2,30223.1,30139.2,30218.2,159
2018.06.18,00:00,30215.7,30226.2,29814.9,30056.1,14168
2018.06.19,00:00,30058.6,30061,29275.1,29523.7,116133
2018.06.20,00:00,29524.9,29964.5,29344.5,29609.6,100632
2018.06.21,00:00,29612,29861.7,28979,29010.7,115933
2018.06.22,00:00,29011.8,29437.7,28998.8,29282.7,96360
2018.06.24,00:00,29292,29409.6,29270.9,29402.2,311
2018.06.25,00:00,29404.6,29448.2,28609.6,28781.5,126896
2018.06.26,00:00,28783.9,29031.7,28476,28956,125850
2018.06.27,00:00,28957.2,29046.2,28232.6,28290,124638
2018.06.28,00:00,28291.1,28591.3,28151.6,28533.2,149678
2018.06.29,00:00,28532,28954.8,28428.7,28755.9,118542
2018.07.01,00:00,28780.2,28799.1,28680.9,28773.1,837
2018.07.02,00:00,28770.7,28852.4,28362.3,28485.4,29357
2018.07.03,00:00,28486.5,28650.5,27966.3,28378.7,134799
2018.07.04,00:00,28377.6,28625.9,28023.5,28069.2,99034
2018.07.05,00:00,28066.9,28406.2,27789.2,28253.3,142543
2018.07.06,00:00,28251,28564.1,27893.1,28457.1,137849
2018.07.08,00:00,28475,28479.7,28463.5,28471.5,190
2018.07.09,00:00,28472.7,28910.7,28463.5,28908.3,102879
2018.07.10,00:00,28906,28998,28319.3,28321.7,110074
2018.07.11,00:00,28322.8,28372.5,27872.1,28177.1,125481
2018.07.12,00:00,28179.4,28627.4,28147.5,28594.7,105310
2018.07.13,00:00,28599.3,28758,28296.3,28578.8,99531
2018.07.15,00:00,28607.2,28626.4,28598,28624.1,323
2018.07.16,00:00,28625.2,28689.4,28289.4,28378.3,95925
2018.07.17,00:00,28376,28462,28095.5,28318.5,99292
2018.07.18,00:00,28320.8,28387.5,28002.7,28162.9,95930
2018.07.19,00:00,28164,28307.2,27836.7,27938.3,101589
2018.07.20,00:00,27940.5,28329.6,27727.1,28299.8,125295
2018.07.22,00:00,28315.7,28329.8,28306.6,28318.4,258
2018.07.23,00:00,28316.2,28377.5,28059.5,28313.8,107734
2018.07.24,00:00,28314.9,28939.9,28212.4,28804.7,101108
2018.07.25,00:00,28805.9,29204.6,28746.8,29084.5,93598
2018.07.26,00:00,29083.3,29111.4,28614.4,28737.6,101158
2018.07.27,00:00,28738.7,28841.2,28584.1,28694.7,88812
2018.07.29,00:00,28666,28686.6,28663.7,28677.4,289
2018.07.30,00:00,28675.1,28830.9,28528.4,28676.7,98671
2018.07.31,00:00,28675.5,28827.8,28416.3,28674.5,101481
2018.08.01,00:00,28669.5,28740.8,28063.4,28179.2,107782
2018.08.02,00:00,28180.2,28214.2,27454.4,27747.2,129285
2018.08.03,00:00,27748.3,27951.3,27543.8,27881.3,109695
2018.08.05,00:00,27892.5,27892.5,27867.1,27869.3,117
2018.08.06,00:00,27867.1,28033.3,27648.8,27814.6,101108
2018.08.07,00:00,27813.5,28371.9,27791.9,28289.6,94835
2018.08.08,00:00,28288.4,28410.9,28101.1,28215.2,95437
2018.08.09,00:00,28213,28715.5,28142,28538.9,95461
2018.08.10,00:00,28540,28646.1,28020.5,28138.5,111829
2018.08.12,00:00,28057.9,28063.8,27935.4,28054.9,362
2018.08.13,00:00,28052,28092,27767.1,27931.1,111555
2018.08.14,00:00,27928.1,27978.6,27520.1,27811.7,107184
2018.08.15,00:00,27814.6,27835.1,26690.1,26999.7,134096
2018.08.16,00:00,27002.6,27413.8,26840.2,27240.3,121256
2018.08.17,00:00,27237.4,27395.6,26920.4,27352,111987
2018.08.19,00:00,27349.3,27377.3,27343.6,27374.4,172
2018.08.20,00:00,27377.3,27601.2,27187.2,27518,106587
2018.08.21,00:00,27520.9,27820.2,27457.9,27568.1,90087
2018.08.22,00:00,27571,28007.5,27530,27943.9,98928
2018.08.23,00:00,27946.9,28013.5,27517.1,27578.2,99963
2018.08.24,00:00,27579.3,27922.9,27478.7,27866.7,99083
2018.08.26,00:00,27887.6,27959.4,27885.1,27934.5,124
2018.08.27,00:00,27936.9,28544.2,27915.4,28471.8,90475
2018.08.28,00:00,28474.3,28579.1,28216.1,28285.8,88493
2018.08.29,00:00,28283.3,28575.1,28281.7,28558.4,77766
2018.08.30,00:00,28560.8,28577.5,27728,27781.5,103530
2018.08.31,00:00,27783.9,27962.4,27608.6,27808.1,103466
2018.09.02,00:00,27795.7,27802.8,27786.1,27795.7,71
2018.09.03,00:00,27794.4,27839,27568.5,27734.9,80707
2018.09.04,00:00,27732.5,28001.8,27504.8,27743.1,116445
2018.09.05,00:00,27740.7,27865.9,26960.2,27057.8,120842
2018.09.06,00:00,27060.1,27247.2,26793.7,26923.1,129659
2018.09.07,00:00,26925.5,27188.5,26543.7,26689.4,142328
2018.09.09,00:00,26697.4,26740.6,26697.4,26738.3,145
2018.09.10,00:00,26753.3,26853.2,26371.2,26525.2,121448
2018.09.11,00:00,26522.9,26668.3,26019.6,26355.1,123880
2018.09.12,00:00,26357.4,26755.5,26174.1,26644.7,137883
2018.09.13,00:00,26642.4,27328.5,26601.5,27212.7,129503
2018.09.14,00:00,27210.3,27340.8,26893.5,26957.5,116825
2018.09.16,00:00,26903.8,26921.1,26843.9,26897.9,244
2018.09.17,00:00,26895.5,27018,26691.9,26694.2,109991
2018.09.18,00:00,26691.9,27268.4,26588.3,27230.9,122475
2018.09.19,00:00,27228.6,27585,27047.9,27558.5,105593
2018.09.20,00:00,27560.8,27665.8,27287,27636.5,109605
2018.09.21,00:00,27635.2,27969.3,27500.8,27728,113241
2018.09.23,00:00,27639.7,27647.4,27572.9,27647.4,149
2018.09.24,00:00,27679.2,27760.5,27373,27460.8,38850
2018.09.25,00:00,27470.8,27570.4,27429.3,27533.8,7982
2018.09.26,00:00,27535,28025.5,27533.1,27820.6,69938
2018.09.27,00:00,27821.7,27937.5,27609.5,27811.9,70983
2018.09.28,00:00,27814.3,27919.2,27626.9,27696.4,79158
2018.09.30,00:00,27743.8,27743.8,27720,27736.6,187
2018.10.01,00:00,27739,27913.6,27737.9,27795.6,7977
2018.10.02,00:00,27793.3,27820.6,26881.6,27053.8,86717
2018.10.03,00:00,27051.5,27246.8,26868.8,26944.8,80433
2018.10.04,00:00,26942.5,26962.9,26232.6,26384.8,98093
2018.10.05,00:00,26387.1,26623.3,26256.5,26448.8,104812
2018.10.07,00:00,26501,26582.5,26486.8,26520,408
2018.10.08,00:00,26521.1,26777.3,25979.7,26182.1,117117
2018.10.09,00:00,26184.4,26351.8,25957.3,26143.1,115835
2018.10.10,00:00,26145.3,26478.8,25197.3,25348.5,130659
2018.10.11,00:00,25350.8,25610.8,24951.5,25414.4,178714
2018.10.12,00:00,25416.7,25854,25247.3,25792.3,148614
2018.10.14,00:00,25746.9,25749.3,25624.5,25675.7,1041
2018.10.15,00:00,25673.4,25755.9,25305.1,25397.4,124741
2018.10.16,00:00,25392.7,25865.5,25198.1,25830.3,116044
2018.10.17,00:00,25832.6,25848.4,25514,25607,28934
2018.10.18,00:00,25604.7,25680.3,24858.5,25034.6,134664
2018.10.19,00:00,25035.7,25715.6,25017.8,25396.9,141334
2018.10.21,00:00,25332.3,25368.7,25300,25341.6,908
2018.10.22,00:00,25339.3,26216.8,25322.8,25983.3,131470
2018.10.23,00:00,25985.7,25993.9,25043.6,25448.2,155438
2018.10.24,00:00,25450.5,25650.3,24671.9,24867.9,161644
2018.10.25,00:00,24870.2,25263.9,24600.4,24879,153466
2018.10.26,00:00,24876.7,25016.4,24451.6,24773.3,174552
2018.10.28,00:00,24840.5,24966.7,24817.4,24883.9,1682
2018.10.29,00:00,24881.6,25028.5,24316,24599.4,138162
2018.10.30,00:00,24600.6,24955.1,24447.8,24753.8,163949
2018.10.31,00:00,24756.1,25111,24680.3,24993.2,127048
2018.11.01,00:00,24990.9,25864.5,24989.3,25805,129789
2018.11.02,00:00,25807.4,26759.8,25773.3,26023.6,155747
