2015.08.17,00:00,20577.4,20678.4,20530.9,20654.9,7636
2015.08.18,00:00,20652.4,20660.9,20438.8,20457.4,8239
2015.08.19,00:00,20459.9,20520.9,20013.7,20090.2,13273
2015.08.20,00:00,20092.7,20246.2,19565,19620.2,16586
2015.08.21,00:00,19622.7,19706.2,18906.2,18942.7,31928
2015.08.23,00:00,18865.2,18917.7,18845.2,18867.7,742
2015.08.24,00:00,18865.2,19096.2,17158.8,17925.3,69386
2015.08.25,00:00,17922.8,18851.3,17635.4,17690.4,83410
2015.08.26,00:00,17692.9,18781.7,17666.4,18755.7,71052
2015.08.27,00:00,18753.2,19064.2,18469.2,18980.7,42835
2015.08.28,00:00,18983.2,19194.2,18931.7,19145.7,31445
2015.08.30,00:00,19118.2,19125.7,18960.7,18983.2,680
2015.08.31,00:00,18985.7,19044.2,18736.7,18780.7,25283
2015.09.01,00:00,18783.2,18821.7,17725.7,17818.2,48247
2015.09.02,00:00,17820.7,18471.7,17788.2,18370.7,47083
2015.09.03,00:00,18368.2,18479.2,18166.8,18255.8,28067
2015.09.04,00:00,18258.3,18306.8,17499.4,17615.9,42766
2015.09.06,00:00,17565.9,17728.4,17563.4,17695.9,436
2015.09.07,00:00,17693.4,18011.9,17466.9,17825.9,24561
2015.09.08,00:00,17823.4,18343.4,17376.9,17983.4,28222
2015.09.09,00:00,17980.9,18747,17963.4,18181,27221
2015.09.10,00:00,18183.5,18415,17947,18224,40853
2015.09.11,00:00,18221.5,18335,18014.4,18193.4,25064
2015.09.13,00:00,18208.4,18215.9,18168.4,18215.9,176
2015.09.14,00:00,18213.4,18379.4,17859.6,18031.1,22575
2015.09.15,00:00,18026.1,18314.6,17804.2,18233.2,24478
2015.09.16,00:00,18235.7,18474.5,18079.5,18423.5,19232
2015.09.17,00:00,18426,18644.5,18226,18301,21072
2015.09.18,00:00,18298.5,18344.5,17759.7,17838.7,28031
2015.09.20,00:00,17855.6,17878.7,17831.2,17858.7,254
2015.09.21,00:00,17861.2,18107.2,17754.7,18038.7,14967
2015.09.22,00:00,18041.2,18109.7,17499.7,17591.2,15897
2015.09.23,00:00,17593.7,17822.2,17439.7,17693.7,15141
2015.09.24,00:00,17696.2,17809.7,17152.2,17568.7,31849
2015.09.25,00:00,17566.2,17993.8,17464.7,17726,33903
2015.09.27,00:00,17712.2,17727.8,17670.3,17702.8,320
2015.09.28,00:00,17705.3,17843.8,17269.3,17363.3,28396
2015.09.29,00:00,17365.8,17389.3,16889.4,17188.4,36375
2015.09.30,00:00,17190.9,17537,17166.9,17483.5,26094
2015.10.01,00:00,17481,17848,17382,17607,30283
2015.10.02,00:00,17609.5,17862,17237,17846.6,31728
2015.10.04,00:00,17818.5,17931,17816,17856,582
2015.10.05,00:00,17853.5,18419.6,17843.5,18303.6,18551
2015.10.06,00:00,18306.1,18364.6,18049.7,18131.2,21726
2015.10.07,00:00,18128.7,18449.8,17979.7,18323.8,26589
2015.10.08,00:00,18328.8,18399.8,18009.8,18243.8,25075
2015.10.09,00:00,18246.3,18449.7,18174.8,18300.2,18724
2015.10.11,00:00,18298.7,18301.2,18263.7,18268.7,192
2015.10.12,00:00,18271.2,18422.4,18204.7,18333.9,7157
2015.10.13,00:00,18331.4,18359.9,18061.5,18081.5,13090
2015.10.14,00:00,18084,18125,17655.2,17734.2,20963
2015.10.15,00:00,17736.7,18259.2,17724.2,18249.2,19253
2015.10.16,00:00,18246.7,18395.2,18225.2,18338.2,14869
2015.10.18,00:00,18326.3,18349.2,18311.7,18329.2,220
2015.10.19,00:00,18326.7,18329.2,18070.2,18241.8,13313
2015.10.20,00:00,18239.3,18270.4,18140.3,18154.4,11044
2015.10.21,00:00,18156.9,18610.4,18156.9,18431.9,16154
2015.10.22,00:00,18434.4,18904.4,18367.9,18884.4,18191
2015.10.23,00:00,18886.9,19180.5,18748,19082.6,18063
2015.10.25,00:00,19082,19114.5,19060.5,19070.5,732
2015.10.26,00:00,19068,19090.5,18875.6,18960.6,12955
2015.10.27,00:00,18965.6,18970.6,18755.7,18845.7,14377
2015.10.28,00:00,18848.2,19163.2,18815.7,19070.7,16420
2015.10.29,00:00,19073.2,19090.7,18810.7,18910.7,15625
2015.10.30,00:00,18915.7,19210.7,18715.7,18773.6,20862
2015.11.01,00:00,18789.7,18823.2,18779.7,18810.7,612
2015.11.02,00:00,18805.7,19013.4,18633.4,19003.4,13467
2015.11.03,00:00,19005.9,19103.4,18905.9,19024.4,6648
2015.11.04,00:00,19021.9,19182,18872,19032,17248
2015.11.05,00:00,19029.5,19336,18997,19196,17209
2015.11.06,00:00,19193.5,19491,19166,19423.1,17848
2015.11.08,00:00,19447.5,19455,19421,19426,454
2015.11.09,00:00,19423.5,19691.1,19331.1,19446.1,18578
2015.11.10,00:00,19451.1,19766.1,19441.1,19598.6,16926
2015.11.11,00:00,19596.1,19786.2,19596.1,19621.2,13470
2015.11.12,00:00,19623.7,19726.3,19431.3,19501.3,16300
2015.11.13,00:00,19503.8,19631.3,19364.3,19371.1,18543
2015.11.15,00:00,19287.8,19315.3,19236.3,19236.3,924
2015.11.16,00:00,19241.3,19706.4,19231.3,19666.4,17180
2015.11.17,00:00,19663.9,19886.4,19628.9,19776.4,15068
2015.11.18,00:00,19778.9,19966.5,19646.5,19881.5,15168
2015.11.19,00:00,19884,19961.5,19756.5,19801.5,14843
2015.11.20,00:00,19806.5,19951.5,19706.5,19900.3,11762
2015.11.22,00:00,19897.8,20023,19897.8,19936.5,646
2015.11.23,00:00,19939,20029.1,19796.6,19886.6,7197
2015.11.24,00:00,19889.1,19976.7,19756.7,19861.7,13653
2015.11.25,00:00,19859.2,19936.7,19786.7,19934.2,10151
2015.11.26,00:00,19936.7,20006.7,19921.7,20001.7,5398
2015.11.27,00:00,19999.2,20001.7,19786.7,19833.2,9118
2015.11.29,00:00,19850.7,19891.7,19840.7,19866.7,292
2015.11.30,00:00,19869.2,19881.7,19701.7,19831.7,9507
2015.12.01,00:00,19829.2,20026.7,19801.7,19946.7,10208
2015.12.02,00:00,19949.2,19996.8,19781.8,19891.8,10049
2015.12.03,00:00,19894.3,19966.8,19419.3,19586.8,19235
2015.12.04,00:00,19584.3,19741.9,19386.9,19679.9,16221
2015.12.06,00:00,19703.4,19751.9,19675.9,19726.9,418
2015.12.07,00:00,19719.4,19806.9,19616.9,19711.9,12932
2015.12.08,00:00,19714.4,19766.9,19236.9,19396.9,16404
2015.12.09,00:00,19389.4,19466.9,18862,19062,17573
2015.12.10,00:00,19064.5,19152,18972,19027,16975
2015.12.11,00:00,19022,19287,18602,18647.8,24962
2015.12.13,00:00,18703.5,18787,18686,18774.5,668
2015.12.14,00:00,18777,18976,18531,18871,25795
2015.12.15,00:00,18868.5,18966,18526,18886,19652
2015.12.16,00:00,18883.5,19441.7,18869.2,19431.7,20323
2015.12.17,00:00,19429.2,19536.3,19198.5,19326.3,18986
2015.12.18,00:00,19328.8,19911.3,18755.3,18758.5,33532
2015.12.20,00:00,18795.3,18866.3,18795.3,18856.3,424
2015.12.21,00:00,18853.8,18986.6,18641.6,18916.6,19102
2015.12.22,00:00,18921.6,18946.6,18696.7,18921.7,15784
2015.12.23,00:00,18919.2,19119.4,18846.9,19091.9,10106
2015.12.24,00:00,19094.4,19094.4,18710.4,18805.4,5526
2015.12.27,00:00,18769.1,18835.4,18769.1,18830.4,314
2015.12.28,00:00,18832.9,18940.4,18760.4,18850.4,8878
2015.12.29,00:00,18855.4,19145.4,18775.4,19067.9,6021
2015.12.30,00:00,19072.9,19100.4,18864.4,18885.4,7378
2015.12.31,00:00,18882.9,18920.4,18715.4,18738.4,7496
2016.01.03,00:00,18754.4,18810.4,18734.4,18810.4,534
2016.01.04,00:00,18815.4,18950.4,18088.4,18395.9,24728
2016.01.05,00:00,18393.4,18550.9,18140.9,18375.9,22620
2016.01.06,00:00,18373.4,18461.1,17891.1,18121.2,27987
2016.01.07,00:00,18118.7,18166.2,17471.2,17576.2,36233
2016.01.08,00:00,17578.7,17981.2,17231,17237.3,35477
2016.01.10,00:00,17217.9,17227.9,17110.4,17133.9,1200
2016.01.11,00:00,17136.4,17556.5,17131.4,17411.5,27583
2016.01.12,00:00,17414,17546.5,17089.1,17461.6,34474
2016.01.13,00:00,17466.6,17741.7,17171.7,17199.3,29014
2016.01.14,00:00,17201.8,17581.8,16921.8,17521.8,37608
2016.01.15,00:00,17516.8,17606.8,16571.8,16740.7,43051
2016.01.17,00:00,16678.3,16836.8,16678.3,16764.3,1042
2016.01.18,00:00,16761.8,17032,16646.8,16892,26028
2016.01.19,00:00,16889.5,17277,16754.5,17027,33643
2016.01.20,00:00,17012,17022,15937.1,16482.1,48493
2016.01.21,00:00,16484.6,16787.1,15792.1,16594.6,60565
2016.01.22,00:00,16597.1,17272.1,16454.6,17244.2,37039
2016.01.24,00:00,17241.1,17281.1,17152.1,17162.1,730
2016.01.25,00:00,17164.6,17212.2,16787.2,16797.2,33520
2016.01.26,00:00,16794.7,17101,16541,17033.5,31300
2016.01.27,00:00,17031,17401,16953.5,17036,35740
2016.01.28,00:00,17031,17276,16926,17096,38403
2016.01.29,00:00,17098.5,17876,16741,17838.1,43284
2016.01.31,00:00,17870,17882.5,17776,17811,858
2016.02.01,00:00,17818.5,17901,17601.7,17661.7,28466
2016.02.02,00:00,17669.2,17871.8,17359.3,17411.8,27269
2016.02.03,00:00,17416.8,17451.8,16616.8,17029.3,40988
2016.02.04,00:00,17034.3,17206.8,16696.8,16776.8,43372
2016.02.05,00:00,16769.3,16884.3,16476.9,16515.9,37579
2016.02.07,00:00,16558.4,16616.9,16520.9,16591.9,516
2016.02.08,00:00,16586.9,17092.3,16207.3,16377.3,39660
2016.02.09,00:00,16372.3,16392.3,15832.3,16142.3,54392
2016.02.10,00:00,16139.8,16167.3,15419.8,15534.8,56269
2016.02.11,00:00,15537.3,15619.8,15022.4,15157.4,49384
2016.02.12,00:00,15162.4,15497.3,14787.3,15423.2,51801
2016.02.14,00:00,15461.3,15587.3,15461.3,15587.3,462
2016.02.15,00:00,15577.3,16157.7,15492.3,15852.8,24513
2016.02.16,00:00,15850.3,16337.8,15735.3,15975.3,36274
2016.02.17,00:00,15985.3,16307.7,15612.7,16302.7,32450
2016.02.18,00:00,16295.2,16337.8,15917.8,15992.8,29028
2016.02.19,00:00,15995.3,16032.8,15737.8,15782.2,30560
2016.02.21,00:00,15791.8,15827.8,15754.3,15827.8,186
2016.02.22,00:00,15830.3,16272,15802.8,16197,20794
2016.02.23,00:00,16202,16339.5,15766.9,15857.9,29928
2016.02.24,00:00,15850.4,16057.8,15522.8,15952.3,33059
2016.02.25,00:00,15949.8,16317.3,15920.3,16307.3,30960
2016.02.26,00:00,16312.3,16525.3,16182.3,16287.4,26562
2016.02.28,00:00,16294.3,16347.3,16271.8,16322.3,385
2016.02.29,00:00,16327.3,16457.3,15879.3,16007.3,28886
2016.03.01,00:00,16009.8,16587.3,15842.3,16527.3,24896
2016.03.02,00:00,16529.8,16822.2,16467.3,16682.2,25351
2016.03.03,00:00,16689.7,16987.1,16687.2,16904.6,21544
2016.03.04,00:00,16907.1,17167.1,16849.6,17025.6,24433
2016.03.06,00:00,17023.6,17061.1,17002.1,17024.6,299
2016.03.07,00:00,17022.1,17037.1,16757.1,16882,20092
2016.03.08,00:00,16884.5,16907,16562,16647,24513
2016.03.09,00:00,16642,16822,16487,16799.5,20093
2016.03.10,00:00,16802,17172,16452,16582,31743
2016.03.11,00:00,16584.5,17207,16552,17150.5,22547
2016.03.13,00:00,17196,17207,17131,17184.5,359
2016.03.14,00:00,17182,17309.5,17142,17232,15307
2016.03.15,00:00,17229.5,17285.5,16865.1,16975.1,16536
2016.03.16,00:00,16972.6,17095.1,16875.4,17090.4,16753
2016.03.17,00:00,17087.9,17240.4,16555.3,16875.3,21285
2016.03.18,00:00,16880.3,16910.3,16560.4,16712.3,14501
2016.03.20,00:00,16766.9,16766.9,16710.4,16722.9,228
2016.03.21,00:00,16725.4,16965.6,16627.9,16955.6,10396
2016.03.22,00:00,16960.6,17100.6,16790.6,17040.6,16887
2016.03.23,00:00,17045.6,17125.6,16861.6,16941.1,13425
2016.03.24,00:00,16936.1,17038.6,16710.7,16940.7,13702
2016.03.25,00:00,16938.2,17025.6,16880.7,17008.1,2519
2016.03.27,00:00,16977.1,17072.1,16977.1,17059.6,195
2016.03.28,00:00,17054.6,17165.6,16907.3,16966.3,7428
2016.03.29,00:00,16963.8,17127.3,16927.3,17061.3,17098
2016.03.30,00:00,17056.3,17076.3,16847.3,16981.3,11848
2016.03.31,00:00,16983.8,17032.3,16712.4,16771.4,14892
2016.04.01,00:00,16766.4,16781.4,16077.4,16135.6,19821
2016.04.03,00:00,16138.9,16171.4,16128.9,16161.4,142
2016.04.04,00:00,16163.9,16227.4,16017.4,16066.5,14256
2016.04.05,00:00,16061.5,16067.5,15537.5,15601.5,18953
2016.04.06,00:00,15606.5,15817.5,15552.2,15751.2,15977
2016.04.07,00:00,15748.7,15857.2,15317.2,15428.7,21628
2016.04.08,00:00,15431.2,16027.5,15386.2,15738,17809
2016.04.10,00:00,15761.5,15806.5,15716.5,15794,190
2016.04.11,00:00,15799,15887.5,15507.5,15651.5,16205
2016.04.12,00:00,15654,16122.5,15651.5,16056.5,17829
2016.04.13,00:00,16054,16657.5,16046.5,16601.5,15537
2016.04.14,00:00,16606.5,16912.5,16605,16780.5,14760
2016.04.15,00:00,16783,16929,16585.5,16612.7,12118
2016.04.17,00:00,16478,16480.5,16383,16418,359
2016.04.18,00:00,16413,16684,16236.5,16668,13990
2016.04.19,00:00,16663,17146.6,16660.5,17008.1,12489
2016.04.20,00:00,17010.6,17314.2,16844.2,17218.2,13442
2016.04.21,00:00,17223.2,17411.8,17123.3,17138.3,17146
2016.04.22,00:00,17133.3,17764.4,17133.3,17725.4,19023
2016.04.24,00:00,17748.4,17750.9,17658.4,17658.4,257
2016.04.25,00:00,17655.9,17694.4,17329.5,17438.5,13519
2016.04.26,00:00,17443.5,17514.5,17199.5,17433.5,11891
2016.04.27,00:00,17428.5,17509.6,17224.5,17423.6,13148
2016.04.28,00:00,17418.6,17574.6,16119.6,16291.1,25880
2016.04.29,00:00,16293.6,16352.1,15824.5,15858.3,13635
2016.05.01,00:00,15851,15943.5,15851,15916,358
2016.05.02,00:00,15918.5,16179.3,15886,16118.3,14692
2016.05.03,00:00,16115.8,16129.3,15824.3,16013.3,10829
2016.05.04,00:00,16010.8,16084.3,15814.2,15895.7,10619
2016.05.05,00:00,15893.2,16126.7,15880.7,16023.2,8027
2016.05.06,00:00,16025.7,16264.2,15834.2,16099.6,15680
2016.05.08,00:00,16093.2,16158.2,16093.2,16128.2,191
2016.05.09,00:00,16133.2,16419.2,16108.2,16178.2,12713
2016.05.10,00:00,16180.7,16804.2,16173.2,16783.2,12381
2016.05.11,00:00,16780.7,16809.2,16403,16413,12981
2016.05.12,00:00,16418,16789,16359,16618,15244
2016.05.13,00:00,16615.5,16786.5,16304.1,16368.9,19296
2016.05.15,00:00,16363.1,16363.1,16278.1,16298.1,207
2016.05.16,00:00,16293.1,16674.1,16288.1,16598.1,10053
2016.05.17,00:00,16595.6,16779.1,16504.1,16558.1,15320
2016.05.18,00:00,16560.6,16794.1,16499.1,16730.6,18420
2016.05.19,00:00,16733.1,16834.1,16478.9,16587.9,17633
2016.05.20,00:00,16590.4,16808.9,16538.9,16721.5,11994
2016.05.22,00:00,16722.9,16722.9,16700.4,16710.4,145
2016.05.23,00:00,16707.9,16710.4,16403.9,16522.9,11648
2016.05.24,00:00,16525.4,16798.9,16463.9,16770.4,8272
2016.05.25,00:00,16767.9,16988.9,16723.9,16917.9,10030
2016.05.26,00:00,16920.4,16963.9,16728.9,16862.9,9570
2016.05.27,00:00,16865.4,16928.9,16763.9,16897.9,6745
2016.05.29,00:00,16930.4,16992.9,16925.4,16985.4,119
2016.05.30,00:00,16982.9,17098.7,16903.9,16997.7,4462
2016.05.31,00:00,16992.7,17258.7,16983.7,17077.7,9292
2016.06.01,00:00,17075.2,17148.7,16743.7,16827.7,12945
2016.06.02,00:00,16822.7,16858.7,16433.7,16607.7,13958
2016.06.03,00:00,16602.7,16703.7,16253.6,16313.7,15297
2016.06.05,00:00,16307.6,16365.1,16300.1,16357.6,60
2016.06.06,00:00,16355.1,16678.6,16293.6,16642.6,11334
2016.06.07,00:00,16637.6,16838.6,16523.6,16677.6,7577
2016.06.08,00:00,16687.6,16878.5,16573.6,16775,6632
2016.06.09,00:00,16777.5,16785,16491,16607.5,9486
2016.06.10,00:00,16605,16686,16216,16320,10593
2016.06.12,00:00,16285,16295,16245,16257.5,173
2016.06.13,00:00,16260,16306,15877.5,15897.5,17502
2016.06.14,00:00,15895,16068.5,15668.5,15735,16022
2016.06.15,00:00,15737.5,16013.5,15727.5,15842.5,15866
2016.06.16,00:00,15837.5,15926,15258.5,15592.5,22912
2016.06.17,00:00,15595,15763.5,15443.5,15567.2,15752
2016.06.19,00:00,15730,15802.5,15722.5,15802.5,188
2016.06.20,00:00,15797.5,16083.5,15762.5,15890,13521
2016.06.21,00:00,15892.5,16283.3,15748.5,16122.3,15313
2016.06.22,00:00,16119.8,16168.2,15952.2,16097.3,12496
2016.06.23,00:00,16099.8,16644.8,16028.3,16457.3,18526
2016.06.24,00:00,16452.3,16477.3,14823.3,15143.4,58543
2016.06.26,00:00,15092.1,15142.1,14994.6,15114.6,530
2016.06.27,00:00,15117.1,15390.6,15000.6,15177.1,26563
2016.06.28,00:00,15179.6,15575.6,14968.1,15532.1,20124
2016.06.29,00:00,15534.6,15804.8,15365.8,15757.3,14147
2016.06.30,00:00,15754.8,15790.7,15458.2,15707.2,16358
2016.07.01,00:00,15704.7,15748.2,15535.5,15579.5,11281
2016.07.03,00:00,15587,15587,15577,15582,11
2016.07.04,00:00,15579.5,15805.4,15505.5,15671.9,5952
2016.07.05,00:00,15674.4,15685.4,15365.4,15414.4,10394
2016.07.06,00:00,15419.4,15419.4,15100.1,15331.6,19883
2016.07.07,00:00,15329.1,15405.1,15225.2,15264.2,13131
2016.07.08,00:00,15269.2,15390.3,15085.3,15369.3,13775
2016.07.10,00:00,15404.3,15429.3,15344.3,15419.3,178
2016.07.11,00:00,15421.8,16148.2,15419.3,16062.2,11757
2016.07.12,00:00,16059.7,16570.7,16010.7,16482.2,12985
2016.07.13,00:00,16479.7,16499.7,16190.7,16274.7,13948
2016.07.14,00:00,16277.2,16635.7,16220.7,16499.7,16185
2016.07.15,00:00,16504.7,16615.7,16384.7,16386,9169
2016.07.17,00:00,16567.2,16649.7,16532.2,16557.2,276
2016.07.18,00:00,16554.7,16655.8,16490.7,16614.8,6905
2016.07.19,00:00,16612.3,16730.8,16500.8,16607.3,10485
2016.07.20,00:00,16609.8,16870.7,16540.8,16842.2,7247
2016.07.21,00:00,16844.7,16930.4,16470.4,16584.4,13128
2016.07.22,00:00,16581.9,16700.7,16544.4,16624.7,9591
2016.07.24,00:00,16621.3,16664.7,16619.7,16659.7,65
2016.07.25,00:00,16654.7,16765.7,16525.5,16567,7082
2016.07.26,00:00,16564.5,16567,16239.2,16443.2,9550
2016.07.27,00:00,16438.2,16834.3,16438.2,16613.3,14225
2016.07.28,00:00,16615.8,16618.3,16293.4,16498.4,11411
2016.07.29,00:00,16500.9,16719.4,15974.4,16317.3,23214
2016.07.31,00:00,16338.4,16535.9,16335.9,16430.9,239
2016.08.01,00:00,16428.4,16663.8,16309.4,16465.3,10096
2016.08.02,00:00,16462.8,16528.7,15993.7,16112.7,10779
2016.08.03,00:00,16107.7,16263.7,15953.9,16075.4,10976
2016.08.04,00:00,16077.9,16258.8,15898.9,16217.8,10764
2016.08.05,00:00,16212.8,16481.4,16183.9,16412.9,8518
2016.08.07,00:00,16447.9,16472.9,16447.9,16452.9,42
2016.08.08,00:00,16455.4,16724.1,16455.4,16628.1,6409
2016.08.09,00:00,16625.6,16764.1,16598.1,16653.1,5944
2016.08.10,00:00,16648.1,16814,16633.1,16650.5,6846
2016.08.11,00:00,16653,16913.8,16589,16867.8,3648
2016.08.12,00:00,16872.8,16936.3,16778.8,16816.6,8070
2016.08.14,00:00,16813.3,16817.8,16797.8,16817.8,40
2016.08.15,00:00,16812.8,16933.8,16807.8,16849.4,6207
2016.08.16,00:00,16852.8,16888.8,16518.8,16580.3,8746
2016.08.17,00:00,16577.8,16753.9,16553.9,16632.9,9298
2016.08.18,00:00,16627.9,16728.7,16468.7,16570.2,7549
2016.08.19,00:00,16572.7,16603.7,16413.7,16490.3,6376
2016.08.21,00:00,16580.2,16580.2,16530.2,16537.7,58
2016.08.22,00:00,16535.2,16623.7,16488.7,16535.2,7031
2016.08.23,00:00,16537.7,16653.7,16438.7,16550.2,5857
2016.08.24,00:00,16552.7,16638.7,16508.7,16547.7,5240
2016.08.25,00:00,16550.2,16656.1,16483.6,16507.6,6086
2016.08.26,00:00,16502.6,16583.8,16323.8,16571.6,8619
2016.08.28,00:00,16572.8,16582.8,16562.8,16577.8,48
2016.08.29,00:00,16575.3,16778.8,16562.8,16712.8,4897
2016.08.30,00:00,16715.3,16878.8,16675.3,16820.3,4658
2016.08.31,00:00,16822.8,16916.2,16808.7,16862.7,5542
2016.09.01,00:00,16857.7,17063.7,16827.7,16932.7,7125
2016.09.02,00:00,16930.2,17158.6,16848.6,17109,9070
2016.09.04,00:00,17107.6,17127.6,17107.6,17117.6,27
2016.09.05,00:00,17122.6,17153.6,16997.1,17017.6,4147
2016.09.06,00:00,17022.6,17098.6,16893.6,16927.6,5613
2016.09.07,00:00,16922.6,17018.5,16877.6,16960,5060
2016.09.08,00:00,16957.5,17003.5,16817,16978.5,8178
2016.09.09,00:00,16976,17011,16752.2,16766.1,7920
2016.09.11,00:00,16767.2,16777.2,16702.2,16714.7,99
2016.09.12,00:00,16717.2,16789.9,16505.9,16734.9,10412
2016.09.13,00:00,16737.4,16819.9,16510.9,16634.9,12208
2016.09.14,00:00,16637.4,16705.9,16427.1,16467.1,10257
2016.09.15,00:00,16464.6,16515.4,16335.6,16456.9,7701
2016.09.16,00:00,16459.4,16510.6,16334.6,16357.3,6966
2016.09.18,00:00,16347.1,16364.6,16334.6,16339.6,25
2016.09.19,00:00,16342.1,16460.7,16325.7,16349.7,4162
2016.09.20,00:00,16354.7,16568.2,16349.7,16459.7,5639
2016.09.21,00:00,16462.2,16845.5,16350.5,16594.5,14508
2016.09.22,00:00,16592,16935.1,16549.5,16874.1,3300
2016.09.23,00:00,16869.1,16874.1,16649.7,16678.9,5782
2016.09.25,00:00,16670.2,16698.7,16666.2,16693.7,25
2016.09.26,00:00,16696.2,16698.7,16354.7,16388.7,6131
2016.09.27,00:00,16403.7,16644.7,16264.7,16473.7,8004
2016.09.28,00:00,16471.2,16543.7,16359.7,16526.2,6780
2016.09.29,00:00,16528.7,16742.2,16449.7,16506.2,8548
2016.09.30,00:00,16508.7,16589.7,16309.7,16522,9438
2016.10.02,00:00,16541.5,16563.7,16528.7,16558.7,38
2016.10.03,00:00,16553.7,16673.3,16524.3,16618.3,4695
2016.10.04,00:00,16613.3,16849.3,16593.3,16773.3,9214
2016.10.05,00:00,16778.3,16969.2,16704.2,16928.2,5954
2016.10.06,00:00,16923.2,16959.1,16824.1,16908.1,5297
2016.10.07,00:00,16905.6,16909.1,16734.1,16769.5,9391
2016.10.09,00:00,16800.6,16833.1,16800.6,16818.1,55
2016.10.10,00:00,16815.6,16994.2,16753.1,16953.2,2198
2016.10.11,00:00,16948.2,17069.2,16814.2,16855.7,6199
2016.10.12,00:00,16853.2,16984.3,16824.3,16933.3,5599
2016.10.13,00:00,16930.8,16969.1,16644.1,16758.1,7839
2016.10.14,00:00,16763.1,16958.9,16718.9,16866.5,6816
2016.10.16,00:00,16857.9,16857.9,16837.9,16842.9,21
2016.10.17,00:00,16837.9,16938.9,16803.9,16820.4,4999
2016.10.18,00:00,16822.9,17004,16815.4,16948,4825
2016.10.19,00:00,16953,17008.9,16913,16972.9,3338
2016.10.20,00:00,16970.4,17283.9,16947.9,17252.9,4763
2016.10.21,00:00,17250.4,17293.9,17118.9,17219.3,4357
2016.10.23,00:00,17222.9,17272.9,17222.9,17262.9,52
2016.10.24,00:00,17257.9,17358.9,17156.4,17327.9,3645
2016.10.25,00:00,17325.4,17423.9,17298.9,17310.4,3337
2016.10.26,00:00,17312.9,17383.8,17263.8,17355.3,4712
2016.10.27,00:00,17352.8,17488.8,17273.8,17447.8,4942
2016.10.28,00:00,17442.8,17488.9,17333.9,17382.2,6149
2016.10.30,00:00,17347.9,17369.2,17322.9,17359.2,156
2016.10.31,00:00,17361.7,17473.2,17324.2,17394.2,3950
2016.11.01,00:00,17399.2,17479.2,17149.2,17239.4,6544
2016.11.02,00:00,17244.4,17279.4,16949.4,17084.4,6548
2016.11.03,00:00,17079.4,17124.4,16904.1,16979.3,6761
2016.11.04,00:00,16974.3,16994.3,16799.3,16820.1,6664
2016.11.06,00:00,17038.3,17229.3,17038.3,17159.3,557
2016.11.07,00:00,17156.8,17309.4,17054.3,17234.3,4690
2016.11.08,00:00,17239.3,17374.3,17104.3,17294.3,5387
2016.11.09,00:00,17291.8,17439.3,16094.3,17229.4,46207
2016.11.10,00:00,17224.4,17559.4,17109.4,17529.5,19042
2016.11.11,00:00,17524.5,17614.5,17269.5,17439.5,11605
2016.11.13,00:00,17433.5,17489.5,17413.5,17489.5,176
2016.11.14,00:00,17487,17736.9,17472,17689.4,10159
2016.11.15,00:00,17686.9,17903.3,17604.4,17834.3,9104
2016.11.16,00:00,17836.8,17944.1,17733.1,17774.1,7761
2016.11.17,00:00,17779.1,18114,17769.1,18054,8568
2016.11.18,00:00,18056.5,18056.5,17918.9,17994.3,7934
2016.11.20,00:00,18015.4,18073.9,18012.9,18033.9,233
2016.11.21,00:00,18031.4,18159,17973,18079,7871
2016.11.22,00:00,18076.5,18243.9,18049,18203.9,5751
2016.11.23,00:00,18208.9,18449,18149,18359,5392
2016.11.24,00:00,18361.5,18458.9,18314,18388.9,4167
2016.11.25,00:00,18393.9,18478.9,18263.9,18384.8,6778
2016.11.27,00:00,18342.9,18353.9,18293.9,18298.9,313
2016.11.28,00:00,18296.4,18371.4,18208.9,18231.4,8315
2016.11.29,00:00,18228.9,18443.9,18228.9,18353.9,6179
2016.11.30,00:00,18358.9,18658.8,18278.8,18593.8,8617
2016.12.01,00:00,18591.3,18748.8,18388.8,18423.8,11571
2016.12.02,00:00,18421.3,18468.8,18248.8,18345.7,9842
2016.12.04,00:00,18222.8,18353.8,18220.3,18348.8,553
2016.12.05,00:00,18353.8,18563.6,18223.6,18458.6,11208
2016.12.06,00:00,18468.6,18488.6,18313.6,18438.6,7891
2016.12.07,00:00,18443.6,18673.5,18408.5,18673.5,4696
2016.12.08,00:00,18676,18912.5,18603.5,18802.5,11412
2016.12.09,00:00,18807.5,19232.5,18805,19203.5,8221
2016.12.11,00:00,19234,19296.5,19195,19207.5,466
2016.12.12,00:00,19205,19277.5,19036.5,19087.5,9037
2016.12.13,00:00,19092.5,19342.3,19057.5,19277.3,7287
2016.12.14,00:00,19262.3,19459.8,19157.3,19332.3,9155
2016.12.15,00:00,19329.8,19542.5,19162.5,19432.5,13747
2016.12.16,00:00,19437.5,19454.6,19272.1,19338.6,8526
2016.12.18,00:00,19306.1,19342.1,19273.6,19332.1,170
2016.12.19,00:00,19334.6,19456.5,19306.5,19376.5,7388
2016.12.20,00:00,19381.5,19656.5,19361.5,19555.7,6205
2016.12.21,00:00,19560.7,19595.7,19370.7,19405.7,5003
2016.12.22,00:00,19398.2,19460.6,19320.7,19415.3,4601
2016.12.23,00:00,19420.3,19480.3,19367.1,19391.1,1653
2016.12.26,00:00,19396.4,19397.9,19332.1,19337.1,135
2016.12.27,00:00,19334.6,19452.1,19332.1,19412.1,2826
2016.12.28,00:00,19407.1,19482.3,19306.3,19312.3,3913
2016.12.29,00:00,19307.3,19307.3,18937.3,19002.3,6489
2016.12.30,00:00,18999.8,19182.4,18987.3,19045.9,6321
2017.01.02,00:00,19133.9,19252.4,19108.9,19232.4,341
2017.01.03,00:00,19227.4,19427.4,19152.4,19277.4,7106
2017.01.04,00:00,19282.4,19678.4,19282.4,19603,9393
2017.01.05,00:00,19600.5,19613,19322.6,19347.6,11215
2017.01.06,00:00,19350.1,19632.6,19332.6,19570.1,10511
2017.01.08,00:00,19579.1,19622.6,19569.1,19587.9,258
2017.01.09,00:00,19582.9,19702.9,19396.9,19402.9,6081
2017.01.10,00:00,19407.9,19487.9,19247.9,19367.7,9219
2017.01.11,00:00,19362.7,19512.7,19127.7,19267.5,14988
2017.01.12,00:00,19262.5,19272.5,18952.5,19182.5,14516
2017.01.13,00:00,19177.5,19377.2,19147.5,19268.7,9567
2017.01.15,00:00,19261.2,19261.2,19192.2,19217.2,256
2017.01.16,00:00,19222.2,19247.2,19037.2,19062.3,5132
2017.01.17,00:00,19057.3,19062.3,18667.3,18764.5,13121
2017.01.18,00:00,18762,19072,18647,19067,10179
2017.01.19,00:00,19072,19184.5,18967,19052,10530
2017.01.20,00:00,19049.5,19282,19032,19136,12656
2017.01.22,00:00,19113.5,19116,18947,18947,440
2017.01.23,00:00,18949.5,19024.5,18767,18802,11360
2017.01.24,00:00,18797,19107.1,18772,19092.1,8567
2017.01.25,00:00,19097.1,19287.1,18977.1,19246.6,9298
2017.01.26,00:00,19241.6,19565.2,19226.6,19455.2,8659
2017.01.27,00:00,19450.2,19560.3,19400.3,19460.8,8516
2017.01.29,00:00,19414.3,19441.8,19340.4,19360.4,375
2017.01.30,00:00,19365.4,19395.4,19065.4,19125.4,9748
2017.01.31,00:00,19120.4,19190.4,18825.4,18935.4,14990
2017.02.01,00:00,18932.9,19290.5,18910.5,19155.5,12547
2017.02.02,00:00,19153,19165.5,18855.5,19025.5,11576
2017.02.03,00:00,19030.5,19100.4,18805.4,19040.9,11032
2017.02.05,00:00,19059.4,19100.4,19049.4,19085.4,307
2017.02.06,00:00,19080.4,19080.4,18800.3,18840.3,7616
2017.02.07,00:00,18835.3,18975.3,18795.3,18925.3,6755
2017.02.08,00:00,18930.3,19050.3,18870.3,18930.3,6814
2017.02.09,00:00,18932.8,19240.3,18870.3,19230.3,6437
2017.02.10,00:00,19235.3,19455.3,19195.3,19323.3,6777
2017.02.12,00:00,19374.3,19517.7,19369.3,19510.2,411
2017.02.13,00:00,19512.7,19535.2,19405.2,19495.2,5878
2017.02.14,00:00,19492.7,19497.7,19225.2,19465.4,8533
2017.02.15,00:00,19470.4,19509.4,19345.4,19410.2,6054
2017.02.16,00:00,19415.2,19425.2,19175.2,19225.3,8530
2017.02.17,00:00,19227.8,19272.8,19030.3,19130.4,7518
2017.02.19,00:00,19134.3,19185.3,19134.3,19170.3,234
2017.02.20,00:00,19165.3,19300.3,19110.3,19270.3,3544
2017.02.21,00:00,19275.3,19480.3,19257.8,19430.2,5314
2017.02.22,00:00,19425.2,19425.2,19280.2,19370.2,6314
2017.02.23,00:00,19375.2,19375.2,19218.5,19233.5,6089
2017.02.24,00:00,19228.5,19378.5,19078.5,19138.9,6630
2017.02.26,00:00,19142.5,19182.5,19108.5,19138.5,343
2017.02.27,00:00,19143.5,19218.5,18988.5,19213.5,6752
2017.02.28,00:00,19208.5,19263.5,19013.5,19218.5,6313
2017.03.01,00:00,19213.5,19663.5,19158.5,19648.5,10232
2017.03.02,00:00,19643.5,19673.5,19502.5,19543.5,7190
2017.03.03,00:00,19541,19583.5,19388.5,19458.6,7232
2017.03.05,00:00,19475,19487.5,19406,19408.5,317
2017.03.06,00:00,19406,19408.5,19298.5,19333.5,5060
2017.03.07,00:00,19328.5,19388.5,19302.5,19318.5,4491
2017.03.08,00:00,19313.5,19403.5,19188.5,19348.5,5813
2017.03.09,00:00,19343.5,19515.5,19253.5,19495.5,5309
2017.03.10,00:00,19490.5,19655.5,19420.5,19558.1,6683
2017.03.12,00:00,19574.5,19582,19529.5,19540.5,199
2017.03.13,00:00,19543,19694.5,19525.5,19655.5,4962
2017.03.14,00:00,19650.5,19661.1,19490.1,19528.6,5459
2017.03.15,00:00,19531.1,19591.1,19426.6,19446.6,7888
2017.03.16,00:00,19444.1,19621.6,19440.6,19486.6,6483
2017.03.17,00:00,19491.6,19541.6,19396.6,19421.6,3975
2017.03.19,00:00,19428.1,19526.3,19408.1,19476.3,210
2017.03.20,00:00,19471.3,19496.3,19346.3,19401.3,3029
2017.03.21,00:00,19406.3,19481.3,19051.3,19081.3,8108
2017.03.22,00:00,19083.8,19171.3,18896.3,19061.3,9907
2017.03.23,00:00,19056.3,19125.9,18940.9,19060.9,8655
2017.03.24,00:00,19065.9,19295.8,19050.9,19218.3,8857
2017.03.26,00:00,19172.3,19172.3,19079.8,19087.3,196
2017.03.27,00:00,19084.8,19125.7,18865.7,19124.7,7349
2017.03.28,00:00,19127.2,19208,18928,19182,6488
2017.03.29,00:00,19184.5,19238,19098.3,19154.8,6003
2017.03.30,00:00,19157.3,19212.1,19013.1,19192.1,5452
2017.03.31,00:00,19187.1,19206,18877.8,18922.6,5468
2017.04.02,00:00,18931.8,18976.8,18909.3,18936.8,84
2017.04.03,00:00,18941.8,19062.8,18897.8,18961.8,6252
2017.04.04,00:00,18956.8,18961.4,18692.8,18921.8,6700
2017.04.05,00:00,18926.8,19017.9,18721.9,18751.9,8157
2017.04.06,00:00,18756.9,18786.6,18522.3,18721.3,9086
2017.04.07,00:00,18723.8,18847.4,18502.4,18757.8,13270
2017.04.09,00:00,18748.9,18826.4,18743.9,18801.4,79
2017.04.10,00:00,18806.4,18842.4,18693,18722,6166
2017.04.11,00:00,18724.5,18758,18543,18609.5,8684
2017.04.12,00:00,18612,18628,18407.1,18417.1,8615
2017.04.13,00:00,18422.1,18448.2,18298.1,18342.2,7153
2017.04.14,00:00,18318.2,18403.2,18208.2,18273.2,2099
2017.04.16,00:00,18292.2,18292.2,18232.2,18237.2,110
2017.04.17,00:00,18239.7,18473.2,18195.7,18467.2,4480
2017.04.18,00:00,18469.7,18538.2,18263.7,18287.7,6904
2017.04.19,00:00,18290.2,18503.7,18287.7,18377.7,5972
2017.04.20,00:00,18372.7,18608.7,18362.7,18577.7,6149
2017.04.21,00:00,18582.7,18658.7,18528.7,18595.2,5151
2017.04.23,00:00,18922.7,19022.7,18907.7,18945.2,490
2017.04.24,00:00,18942.7,19003.7,18833.5,18892.5,8126
2017.04.25,00:00,18887.5,19233.5,18848.5,19157.5,6355
2017.04.26,00:00,19155,19318.5,19147.5,19177.5,8168
2017.04.27,00:00,19175,19298.8,19167.5,19237.8,5880
2017.04.28,00:00,19230.3,19258.8,19158.8,19210.6,6146
2017.04.30,00:00,19182.8,19202.8,19152.8,19162.8,74
2017.05.01,00:00,19160.3,19364,19152.8,19358,4055
2017.05.02,00:00,19353,19509,19324,19405.5,4876
2017.05.03,00:00,19403,19623.9,19390.5,19570.4,3739
2017.05.04,00:00,19572.9,19664,19499,19560.5,5048
2017.05.05,00:00,19563,19722.9,19448.9,19716.8,3808
2017.05.07,00:00,19757.9,19807.9,19727.9,19762.9,204
2017.05.08,00:00,19767.9,19928.9,19703.9,19897.8,6082
2017.05.09,00:00,19892.8,20023.8,19838.8,19905.3,4979
2017.05.10,00:00,19910.3,19964.3,19859.3,19927.8,6163
2017.05.11,00:00,19930.3,19989.3,19789.3,19865.3,5490
2017.05.12,00:00,19862.8,19944.3,19784.3,19790.7,4734
2017.05.14,00:00,19797.8,19807.8,19780.3,19792.8,45
2017.05.15,00:00,19795.3,19955.3,19749.3,19935.3,4648
2017.05.16,00:00,19930.3,19994.3,19775.3,19785.3,4692
2017.05.17,00:00,19790.3,19839.3,19415.3,19475.3,10142
2017.05.18,00:00,19470.3,19649.3,19279.3,19607.8,15567
2017.05.19,00:00,19610.3,19744.2,19486.8,19677.7,7716
2017.05.21,00:00,19667.7,19700.2,19667.7,19682.7,72
2017.05.22,00:00,19680.2,19719.2,19609.2,19662.7,5168
2017.05.23,00:00,19660.2,19775.2,19579.2,19760.2,6491
2017.05.24,00:00,19757.7,19784.2,19684.2,19742.7,7080
2017.05.25,00:00,19740.2,19849.2,19705.2,19790.2,6589
2017.05.26,00:00,19792.7,19795.2,19584.2,19709.1,4658
2017.05.28,00:00,19712.7,19725.2,19700.2,19717.7,64
2017.05.29,00:00,19720.2,19734.2,19619.2,19670.1,1345
2017.05.30,00:00,19675.1,19709.1,19564.1,19627.6,4422
2017.05.31,00:00,19625.1,19709.1,19584.1,19670.1,5384
2017.06.01,00:00,19667.6,19960.1,19659.1,19950.1,4672
2017.06.02,00:00,19947.6,20239,19919.1,20138.6,6259
2017.06.04,00:00,20130,20145,20130,20135,29
2017.06.05,00:00,20130,20219,20084,20120.3,3177
2017.06.06,00:00,20121.8,20154,19889,19935,4706
2017.06.07,00:00,19930,20019,19909,19990,3865
2017.06.08,00:00,19992.5,20074,19899,20005,6768
2017.06.09,00:00,20000,20109,19859,19951.8,8157
2017.06.11,00:00,19960,19960,19937.5,19945,54
2017.06.12,00:00,19947.5,19954,19789,19840,7532
2017.06.13,00:00,19845,19985,19839,19965,4745
2017.06.14,00:00,19967.5,20009,19749,19835,10237
2017.06.15,00:00,19830,19969,19744,19910,6840
2017.06.16,00:00,19907.5,20019,19894,19964.3,5378
2017.06.18,00:00,19980,19985,19965,19972.5,49
2017.06.19,00:00,19970,20180,19940,20175,4027
2017.06.20,00:00,20170,20324,20160,20170,4194
2017.06.21,00:00,20167.5,20214,20079,20112.5,6052
2017.06.22,00:00,20110,20194,20074,20150,4325
2017.06.23,00:00,20147.5,20154,20079,20102.5,4491
2017.06.25,00:00,19885,20090,19885,20090,47
2017.06.26,00:00,20085,20240,20080,20240,3961
2017.06.27,00:00,20235,20249,20107.8,20148.8,6414
2017.06.28,00:00,20143.8,20276.3,20062.8,20268.8,6437
2017.06.29,00:00,20273.8,20283.8,19867.8,19963.8,7499
2017.06.30,00:00,19966.3,20097,19942.8,20072.6,7033
2017.07.02,00:00,20063,20063,20033,20048,13
2017.07.03,00:00,20043,20209.6,20027,20153.1,3729
2017.07.04,00:00,20150.6,20202.1,19962.1,20008.1,2787
2017.07.05,00:00,20010.6,20137.1,19887.1,20073.1,5118
2017.07.06,00:00,20078.1,20088.1,19867.1,19883.1,4941
2017.07.07,00:00,19880.6,20062.1,19842.1,20029.9,4652
2017.07.09,00:00,20048.1,20080.6,20043.1,20070.6,16
2017.07.10,00:00,20063.1,20132.1,20027.1,20068.1,3190
2017.07.11,00:00,20063.1,20197.1,20048.1,20133.1,3193
2017.07.12,00:00,20130.6,20172.2,20052.2,20158.2,3715
2017.07.13,00:00,20155.7,20177.2,20057.2,20133.2,2571
2017.07.14,00:00,20128.2,20148.2,20025.7,20034.6,2913
2017.07.16,00:00,20025.7,20050.7,20025.7,20048.2,17
2017.07.17,00:00,20045.7,20122.3,19982.2,20073.3,1612
2017.07.18,00:00,20068.3,20078.3,19897.3,19993.3,3357
2017.07.19,00:00,19988.3,20048.3,19942.3,20038.3,2554
2017.07.20,00:00,20035.8,20147.3,20017.3,20073.3,4488
2017.07.21,00:00,20075.8,20122.3,19957.3,19963.6,3138
2017.07.23,00:00,19975.8,19988.3,19968.3,19983.3,14
2017.07.24,00:00,19978.3,19987.4,19867.4,19943.4,3009
2017.07.25,00:00,19948.4,20092.4,19927.4,20068.4,3104
2017.07.26,00:00,20063.4,20107.4,19996.7,20022,3062
2017.07.27,00:00,20024.5,20171,19961,20019.5,5059
2017.07.28,00:00,20017,20036,19921.1,19962.4,4548
2017.07.30,00:00,19967.1,19972.1,19957.1,19957.1,20
2017.07.31,00:00,19962.1,19991.1,19902.1,19922.1,3299
2017.08.01,00:00,19927.1,20082.3,19921.1,20067.3,2793
2017.08.02,00:00,20064.8,20101.2,20011.2,20037.2,3539
2017.08.03,00:00,20034.7,20061.1,19947.1,19947.1,3186
2017.08.04,00:00,19952.1,20061.1,19931.1,20033.2,2390
2017.08.06,00:00,20067.1,20077.1,20067.1,20072.1,14
2017.08.07,00:00,20077.1,20096.1,20031.1,20034.1,1305
2017.08.08,00:00,20047.2,20066.2,19897.2,19907.2,2009
2017.08.09,00:00,19904.7,19927.2,19651.2,19782.2,5510
2017.08.10,00:00,19787.2,19821.2,19337.2,19352.2,4953
2017.08.11,00:00,19357.2,19496.1,19301.1,19411,3626
2017.08.13,00:00,19424.6,19457.1,19424.6,19437.1,62
2017.08.14,00:00,19442.1,19612.1,19439.6,19612.1,3570
2017.08.15,00:00,19609.6,19826.1,19602.1,19742.1,3028
2017.08.16,00:00,19737.1,19801.1,19686.1,19694.6,3197
2017.08.17,00:00,19697.1,19731.1,19461.9,19476.9,5931
2017.08.18,00:00,19479.4,19550.9,19320.9,19441.6,8143
2017.08.20,00:00,19471.9,19524.4,19466.9,19524.4,53
2017.08.21,00:00,19521.9,19541.9,19260.9,19371.9,5527
2017.08.22,00:00,19369.4,19541.9,19340.9,19531.9,3633
2017.08.23,00:00,19536.9,19555.9,19311.8,19316.8,5115
2017.08.24,00:00,19319.3,19440.7,19315.7,19421.7,4821
2017.08.25,00:00,19416.7,19540.7,19375.7,19444.2,5359
2017.08.27,00:00,19418.4,19451.7,19418.4,19451.7,50
2017.08.28,00:00,19446.7,19525.7,19040.2,19232.7,5337
2017.08.29,00:00,19230.2,19494.2,19135.2,19445.2,10673
2017.08.30,00:00,19450.2,19584.1,19429.2,19560.1,5160
2017.08.31,00:00,19562.6,19729.1,19550.1,19685.1,4623
2017.09.01,00:00,19690.1,19739.1,19614.1,19681.2,5489
2017.09.03,00:00,19472.6,19565.1,19462.6,19557.6,289
2017.09.04,00:00,19555.1,19619.1,19419.1,19507.6,3713
2017.09.05,00:00,19510.1,19579.1,19259.1,19325.1,7904
2017.09.06,00:00,19330.1,19479,19254.1,19420,5848
2017.09.07,00:00,19422.5,19479,19343.8,19402.3,7686
2017.09.08,00:00,19399.8,19411.3,19219.4,19289.3,6541
2017.09.10,00:00,19377.9,19445.4,19377.9,19420.4,184
2017.09.11,00:00,19415.4,19695.4,19400.4,19662.9,3960
2017.09.12,00:00,19665.4,19895.4,19645.4,19885.4,3699
2017.09.13,00:00,19880.4,19900.4,19794.1,19852.6,2903
2017.09.14,00:00,19850.1,19904.1,19747,19774.5,5001
2017.09.15,00:00,19777,20024.1,19768.5,19969,4665
2017.09.17,00:00,19987.6,20010.1,19985.1,19987.6,112
2017.09.18,00:00,19990.1,20133.8,19990.1,20114.8,2363
2017.09.19,00:00,20109.8,20308.8,20098.8,20264.8,5362
2017.09.20,00:00,20259.8,20414.7,20249.8,20404.7,5192
2017.09.21,00:00,20407.2,20498.7,20313.7,20379.7,5351
2017.09.22,00:00,20382.2,20418.7,20253.7,20311.1,5259
2017.09.24,00:00,20364.7,20389.7,20344.7,20384.7,51
2017.09.25,00:00,20382.2,20443.7,20236.2,20329.7,6081
2017.09.26,00:00,20332.2,20378.9,20142.9,20226.4,4554
2017.09.27,00:00,20221.4,20425.5,20205.4,20381.5,5118
2017.09.28,00:00,20379,20408,20286.9,20306.5,4462
2017.09.29,00:00,20301.5,20370.6,20275.5,20354.4,3439
2017.10.01,00:00,20361.6,20416.6,20359.1,20396.6,70
2017.10.02,00:00,20394.1,20481.6,20355.6,20461.6,4178
2017.10.03,00:00,20456.6,20675.7,20435.6,20636.7,3773
2017.10.04,00:00,20641.7,20685.7,20585.6,20651.6,4522
2017.10.05,00:00,20646.6,20698.8,20595.3,20686.3,4255
2017.10.06,00:00,20691.3,20755.3,20635.3,20641.3,4678
2017.10.08,00:00,20628.8,20653.8,20621.3,20636.3,99
2017.10.09,00:00,20631.3,20735.3,20631.3,20691.3,1396
2017.10.10,00:00,20688.8,20837.8,20655.3,20796.3,4717
2017.10.11,00:00,20791.3,20965.3,20780.3,20941.3,4585
2017.10.12,00:00,20938.8,21030,20915.3,20963.5,4488
2017.10.13,00:00,20966,21260,20925,21208.1,5388
2017.10.15,00:00,21212.5,21256,21212.5,21241,34
2017.10.16,00:00,21246,21350,21190,21335.9,5756
2017.10.17,00:00,21340.9,21389.9,21224.9,21345.9,5719
2017.10.18,00:00,21340.9,21445.5,21309.9,21440.5,5607
2017.10.19,00:00,21444.5,21509.3,21204.3,21320.3,8991
2017.10.20,00:00,21315.3,21555.5,21300.3,21536.5,6034
2017.10.22,00:00,21600.5,21710.5,21585.5,21695.5,137
2017.10.23,00:00,21690.5,21834.5,21614.5,21625.5,7092
2017.10.24,00:00,21630.5,21929.5,21625.5,21888,8146
2017.10.25,00:00,21885.5,21924.5,21589.5,21700.5,11653
2017.10.26,00:00,21695.5,21890.5,21690.5,21860.5,9061
2017.10.27,00:00,21863,22124.5,21819.5,22026.5,8903
2017.10.29,00:00,22090.5,22098,22024.5,22054.5,213
2017.10.30,00:00,22059.5,22089.5,21844.5,21869.5,7326
2017.10.31,00:00,21872,22215.5,21839.5,22189.5,6025
2017.11.01,00:00,22194.5,22597.2,22179.5,22504.7,9064
2017.11.02,00:00,22509.7,22590.5,22364.5,22544.5,8937
2017.11.03,00:00,22547,22639.5,22497,22600.4,5588
2017.11.05,00:00,22610.5,22644.5,22598,22619.5,185
2017.11.06,00:00,22624.5,22654.5,22429.5,22534.5,7469
2017.11.07,00:00,22529.5,22994.5,22519.5,22834.5,8138
2017.11.08,00:00,22839.5,23034.4,22754.5,23014.4,7332
2017.11.09,00:00,23016.9,23424.3,22319.3,22594.3,26122
2017.11.10,00:00,22589.3,22724.4,22334.4,22451.9,16441
2017.11.12,00:00,22490.4,22624.4,22485.4,22609.4,343
2017.11.13,00:00,22606.9,22614.4,22114.3,22344.3,11964
2017.11.14,00:00,22346.8,22541.8,22226.8,22259.3,13158
2017.11.15,00:00,22256.8,22314.3,21834.3,21999.3,20991
2017.11.16,00:00,21996.8,22639.2,21984.3,22614.2,13261
2017.11.17,00:00,22616.7,22764.2,22274.3,22294.8,17477
2017.11.19,00:00,22295.3,22360.3,22209.3,22299.3,655
2017.11.20,00:00,22301.8,22504.2,22164.2,22469.2,14433
2017.11.21,00:00,22464.2,22684.2,22404.2,22634.2,10438
2017.11.22,00:00,22631.7,22684.2,22354.2,22399.2,12070
2017.11.23,00:00,22396.7,22484.3,22314.3,22414.3,4869
2017.11.24,00:00,22419.3,22654.2,22379.3,22623.8,10195
2017.11.26,00:00,22647.7,22694.2,22647.7,22664.2,232
2017.11.27,00:00,22659.2,22669.2,22419.1,22466.6,12634
2017.11.28,00:00,22469.1,22664.1,22369.1,22639.1,13445
2017.11.29,00:00,22634.1,22794.1,22509.1,22589.1,14174
2017.11.30,00:00,22584.1,22964.1,22509.1,22944.1,14105
2017.12.01,00:00,22946.6,22994.1,22374.1,22625.6,20164
2017.12.03,00:00,22837.6,22930.1,22799.1,22859.1,672
2017.12.04,00:00,22864.1,22864.1,22470,22584,13037
2017.12.05,00:00,22589,22684,22449,22526.5,15631
2017.12.06,00:00,22524,22534,22054,22336.5,15114
2017.12.07,00:00,22334,22715.5,22324,22670.5,10469
2017.12.08,00:00,22675.5,22912,22555.5,22887,9576
2017.12.10,00:00,23053,23053,22897,22907,423
2017.12.11,00:00,22912,22960.1,22817.6,22947.6,6314
2017.12.12,00:00,22950.1,23007.6,22827.6,22892.6,6481
2017.12.13,00:00,22895.1,22895.1,22687.3,22707.3,9289
2017.12.14,00:00,22712.3,22792.3,22552.2,22627.2,7569
2017.12.15,00:00,22629.7,22762.2,22487.2,22726.2,7812
2017.12.17,00:00,22728.2,22812.2,22728.2,22777.2,410
2017.12.18,00:00,22779.7,23038.6,22752.2,22982.6,7536
2017.12.19,00:00,22980.1,23007.6,22802.6,22852.6,5479
2017.12.20,00:00,22850.1,22944.9,22817.6,22867.2,5810
2017.12.21,00:00,22869.7,22952.2,22734.7,22852.2,4601
2017.12.22,00:00,22857.2,22927.4,22817.4,22883.9,3278
2017.12.25,00:00,22886.1,22947.4,22886.1,22932.4,131
2017.12.26,00:00,22929.9,22957.4,22859,22884,2217
2017.12.27,00:00,22879,22964.1,22874,22929.1,3056
2017.12.28,00:00,22934.1,22959.1,22734.1,22834.1,2807
2017.12.29,00:00,22839.1,22889.1,22579.1,22687.1,3338
2018.01.01,00:00,22732.6,22874.1,22732.6,22854.1,236
2018.01.02,00:00,22849.1,22909.1,22629.1,22834.1,4169
2018.01.03,00:00,22839.1,23224.1,22819.1,23144.1,4300
2018.01.04,00:00,23139.1,23679.1,23139.1,23639.1,5385
2018.01.05,00:00,23634.1,23829.1,23519.1,23782.6,5461
2018.01.07,00:00,23827.6,23914.1,23800.1,23899.1,395
2018.01.08,00:00,23894.1,24008.9,23823.9,23978.9,4074
2018.01.09,00:00,23973.9,23983.9,23767.4,23828.9,5981
2018.01.10,00:00,23826.4,23858.9,23558.6,23658.6,8971
2018.01.11,00:00,23653.6,23804.6,23603.6,23738.6,7619
2018.01.12,00:00,23736.1,23842.1,23583.6,23823.1,7394
2018.01.14,00:00,23839.6,23864.6,23798.6,23816.1,317
2018.01.15,00:00,23818.6,23828.6,23674.1,23719.1,4096
2018.01.16,00:00,23714.1,23999.2,23649.2,23769.2,10082
2018.01.17,00:00,23764.2,24134.1,23729.2,24119.1,9705
2018.01.18,00:00,24116.6,24119.1,23699.1,23839.1,11309
2018.01.19,00:00,23836.6,23904.1,23729.1,23849.6,9367
2018.01.21,00:00,23797.6,23845.1,23761.6,23784.1,313
2018.01.22,00:00,23794.1,23965,23684,23926.5,5414
2018.01.23,00:00,23924,24189,23914,24004,9136
2018.01.24,00:00,24009,24064.1,23604.1,23733.9,11649
2018.01.25,00:00,23736.4,23823.9,23458.9,23738.9,15199
2018.01.26,00:00,23741.4,23793.9,23547.3,23701.9,11587
2018.01.28,00:00,23758.3,23773.3,23712.3,23717.3,228
2018.01.29,00:00,23719.8,23782.1,23482.1,23562.1,11520
2018.01.30,00:00,23564.6,23572.1,23102.1,23192.1,17476
2018.01.31,00:00,23187.1,23372,23077,23282,15388
2018.02.01,00:00,23277,23492.2,23222,23337.2,17202
2018.02.02,00:00,23332.2,23354.6,22938.1,22943.5,22649
2018.02.04,00:00,22968.1,22968.1,22739.6,22812.1,907
2018.02.05,00:00,22802.1,22852.1,21362.7,21705.2,35555
2018.02.06,00:00,21707.7,22288.7,21062.7,22242.7,87419
2018.02.07,00:00,22237.7,22344.7,21457.2,21704.7,50412
2018.02.08,00:00,21707.2,22002.1,21062.1,21132.1,58366
2018.02.09,00:00,21129.6,21567.1,20539.6,21238.4,64842
2018.02.11,00:00,21285.6,21387.1,21253.1,21382.1,723
2018.02.12,00:00,21387.1,21712,21279.6,21682,31579
2018.02.13,00:00,21689.5,21694.5,20917,21237,36705
2018.02.14,00:00,21242,21516.9,20921.9,21371.9,40450
2018.02.15,00:00,21376.9,21611.8,21291.9,21554.3,30482
2018.02.16,00:00,21551.8,21916.8,21501.8,21871.7,28402
2018.02.18,00:00,21867.8,21896.8,21846.8,21876.8,426
2018.02.19,00:00,21884.3,22154.2,21836.8,22046.7,13258
2018.02.20,00:00,22044.2,22051.7,21801.7,21939.2,24417
2018.02.21,00:00,21941.7,22176.5,21756.5,21761.5,28786
2018.02.22,00:00,21756.5,21881.4,21606.5,21796.4,29279
2018.02.23,00:00,21793.9,22029.3,21721.4,22017.8,16891
2018.02.25,00:00,22060.3,22191.8,22042.8,22144.3,471
2018.02.26,00:00,22139.3,22414.3,22034.3,22379.3,16081
2018.02.27,00:00,22381.8,22504.3,22164.3,22274.3,23104
2018.02.28,00:00,22279.3,22369.3,21857.7,21919.2,25985
2018.03.01,00:00,21909.2,21921.7,21024.2,21179.2,37759
2018.03.02,00:00,21181.7,21264.2,20679.2,21151.8,39264
2018.03.04,00:00,21070.2,21110.2,20979.2,21019.2,695
2018.03.05,00:00,21016.7,21459.1,20839.1,21434.1,31975
2018.03.06,00:00,21439.1,21804.1,21220.1,21264.1,28759
2018.03.07,00:00,21259.1,21494,21174,21489,24419
2018.03.08,00:00,21486.5,21647.5,21267.5,21602.5,24139
2018.03.09,00:00,21592.5,21872.5,21332.5,21848.5,26456
2018.03.11,00:00,21856,21965,21856,21932.5,721
2018.03.12,00:00,21935,21960,21662.8,21717.8,20538
2018.03.13,00:00,21722.8,22085.3,21675.2,21742.8,26255
2018.03.14,00:00,21737.8,21892.6,21577.6,21677.6,29335
2018.03.15,00:00,21682.6,21857.9,21525.4,21820.4,20650
2018.03.16,00:00,21822.9,21837.9,21493.6,21561.4,15466
2018.03.18,00:00,21544.6,21558.6,21493.6,21513.6,527
2018.03.19,00:00,21408.6,21508.6,21068.6,21266.1,21390
2018.03.20,00:00,21263.6,21481.1,21193.6,21448.6,21116
2018.03.21,00:00,21451.1,21528.7,21283.7,21343.7,17994
2018.03.22,00:00,21341.2,21558.4,20735.9,20893.4,36826
2018.03.23,00:00,20903.4,20968.4,20284.4,20365.9,44741
2018.03.25,00:00,20301.9,20369.4,20291.9,20319.4,210
2018.03.26,00:00,20321.9,20914.1,20308.4,20869.1,33251
2018.03.27,00:00,20874.1,21278.1,20610.9,20716.9,36893
2018.03.28,00:00,20719.4,21320.9,20675.9,21276.9,51800
2018.03.29,00:00,21274.4,21625.9,20980.9,21454.7,26683
2018.03.30,00:00,21460.9,21510.9,21298.4,21453.4,4158
2018.04.01,00:00,21439.4,21471.9,21436.9,21446.9,91
2018.04.02,00:00,21449.4,21590.9,20920.9,21046.9,32335
2018.04.03,00:00,21051.9,21520.5,21035.9,21454,33092
2018.04.04,00:00,21451.5,21561.5,21023,21534,36922
2018.04.05,00:00,21536.5,21910.5,21450.5,21656.5,25445
2018.04.06,00:00,21659,21740.5,21305.5,21417.9,38835
2018.04.09,00:00,21486.5,21795.3,21480.5,21631.3,22160
2018.04.10,00:00,21623.8,21957.8,21530.3,21841.3,30119
2018.04.11,00:00,21843.8,21855.3,21560.4,21661.4,22114
2018.04.12,00:00,21663.9,21840.2,21580.4,21758.7,19815
2018.04.13,00:00,21761.2,21915.3,21690.3,21767.7,18523
2018.04.15,00:00,21916.3,21921.3,21836.3,21901.3,194
2018.04.16,00:00,21906.3,21908.8,21755.3,21813.7,14229
2018.04.17,00:00,21816.2,21945.2,21765.2,21926.2,12243
2018.04.18,00:00,21921.2,22201.2,21908.7,22173.7,12443
2018.04.19,00:00,22176.2,22350.2,22047.7,22133.7,16778
2018.04.20,00:00,22131.2,22260.2,22045.2,22045.8,15275
2018.04.22,00:00,22136.2,22141.2,22101.2,22121.2,138
2018.04.23,00:00,22126.2,22221,22022.5,22206,14086
2018.04.24,00:00,22203.5,22345,21960,22086,22244
2018.04.25,00:00,22083.5,22373.5,22068.5,22361,21600
2018.04.26,00:00,22356,22446,22260,22436,13228
2018.04.27,00:00,22431,22555,22360,22424.5,12539
2018.04.29,00:00,22461,22481,22456,22463.5,54
2018.04.30,00:00,22466,22635.2,22406.1,22423.7,8886
2018.05.01,00:00,22426.2,22591.2,22416.2,22578.7,10681
2018.05.02,00:00,22581.2,22590.2,22371.1,22376.1,13386
2018.05.03,00:00,22373.6,22390.1,22090.1,22338.6,15060
2018.05.04,00:00,22336.1,22505,22160,22447,10857
2018.05.06,00:00,22463.5,22486,22436,22483.5,67
2018.05.07,00:00,22481,22540,22345,22460.9,9143
2018.05.08,00:00,22458.4,22564.9,22404.9,22480.9,11873
2018.05.09,00:00,22485.9,22490.8,22359.8,22483.3,8536
2018.05.10,00:00,22480.8,22544.9,22419.8,22505.9,6778
2018.05.11,00:00,22508.4,22774.8,22504.9,22689.3,6381
2018.05.13,00:00,22735.8,22745.8,22718.3,22733.3,90
2018.05.14,00:00,22735.8,22890.8,22725.8,22890.8,5308
2018.05.15,00:00,22888.3,22904.8,22714.8,22725.8,8998
2018.05.16,00:00,22720.8,22820.7,22685.8,22808.2,5613
2018.05.17,00:00,22810.7,22949.5,22790.7,22913,5046
2018.05.18,00:00,22910.5,22949.5,22801.5,22803.2,5952
2018.05.20,00:00,22900.5,22940.5,22888,22888,131
2018.05.21,00:00,22890.5,23044.5,22885.5,23008.1,3856
2018.05.22,00:00,23005.6,23019.6,22902.9,22913,3497
2018.05.23,00:00,22910.5,22944.5,22474.5,22610.5,9317
2018.05.24,00:00,22608,22634.5,22069.4,22282.9,8899
2018.05.25,00:00,22280.4,22509.4,22254.3,22337.8,9503
2018.05.27,00:00,22432.8,22470.3,22425.3,22452.8,70
2018.05.28,00:00,22455.3,22539.3,22346.8,22425.3,5158
2018.05.29,00:00,22422.8,22445.3,21911.8,22002.8,19100
2018.05.30,00:00,22000.3,22269.2,21919.2,22227.7,11910
2018.05.31,00:00,22225.2,22264.2,22009.2,22097.7,12818
2018.06.01,00:00,22095.2,22374.1,22079.1,22359,9615
2018.06.03,00:00,22280.1,22350.1,22280.1,22342.6,65
2018.06.04,00:00,22340.1,22564.1,22304.1,22550.1,5757
2018.06.05,00:00,22547.6,22599.1,22439.1,22540.1,6030
2018.06.06,00:00,22527.6,22787.5,22499.1,22757.5,6051
2018.06.07,00:00,22760,22871,22631,22707,8914
2018.06.08,00:00,22704.5,22871,22513,22682.9,10753
2018.06.10,00:00,22621.5,22669,22619,22656.5,71
2018.06.11,00:00,22654,22985.2,22631.5,22961.2,6422
2018.06.12,00:00,22963.7,23007.7,22780.2,22886.9,8063
2018.06.13,00:00,22891.9,22973.5,22801.6,22817,5700
2018.06.14,00:00,22814.5,22911,22701,22852,7983
2018.06.15,00:00,22854.5,22906,22676,22802,9086
2018.06.17,00:00,22799.5,22857,22799.5,22827,61
2018.06.18,00:00,22824.5,22827,22581.4,22692.4,5476
2018.06.19,00:00,22689.9,22716.4,22111.4,22262.4,13913
2018.06.20,00:00,22259.9,22573.8,22161.3,22519.8,11089
2018.06.21,00:00,22522.3,22776.1,22394.6,22429.6,14024
2018.06.22,00:00,22432.1,22630.9,22406.1,22514,10326
2018.06.24,00:00,22509.4,22529.4,22501.9,22519.4,85
2018.06.25,00:00,22516.9,22565.9,22033.8,22207.3,16820
2018.06.26,00:00,22209.8,22381.9,22101.3,22290.4,15816
2018.06.27,00:00,22287.9,22416.9,22104.4,22172.9,22461
2018.06.28,00:00,22175.4,22321,22036.9,22302,22233
2018.06.29,00:00,22294.5,22346.2,22136.2,22223.3,13816
2018.07.01,00:00,22247.2,22249.7,22119.7,22184.7,176
2018.07.02,00:00,22182.2,22306.2,21691.4,21862.4,15112
2018.07.03,00:00,21857.4,21916.3,21556.3,21722.3,15642
2018.07.04,00:00,21717.3,21766.2,21586.2,21699.7,8692
2018.07.05,00:00,21697.2,21731.2,21451.2,21677.2,15838
2018.07.06,00:00,21672.2,21871,21626,21812,14316
2018.07.08,00:00,21822,21857,21819.5,21837,75
2018.07.09,00:00,21834.5,22227.3,21829.5,22222.3,7858
2018.07.10,00:00,22217.3,22306.3,22027.3,22062.3,8906
2018.07.11,00:00,22064.8,22099.8,21741.3,21994.6,17555
2018.07.12,00:00,21997.1,22346,21981,22342,10100
2018.07.13,00:00,22489.5,22681,22367,22587,10691
2018.07.15,00:00,22687,22687,22637,22667,80
2018.07.16,00:00,22664.5,22726.1,22502.1,22502.1,3013
2018.07.17,00:00,22504.6,22887.1,22494.6,22867.1,9892
2018.07.18,00:00,22874.6,22941.1,22770.9,22874.4,8694
2018.07.19,00:00,22876.9,22913.3,22670.8,22724.3,9345
2018.07.20,00:00,22726.8,22865.7,22495.7,22534.9,14865
2018.07.22,00:00,22514.2,22551.7,22514.2,22531.7,72
2018.07.23,00:00,22539.2,22541.7,22333.4,22469.4,12403
2018.07.24,00:00,22471.9,22615.9,22400.9,22566.9,11417
2018.07.25,00:00,22569.4,22663.4,22505.9,22606.9,12220
2018.07.26,00:00,22601.9,22669.4,22525.8,22615.4,11890
2018.07.27,00:00,22612.9,22744.4,22569.4,22606.2,9440
2018.07.29,00:00,22607.9,22620.4,22592.9,22607.9,56
2018.07.30,00:00,22605.4,22624.3,22462.8,22492.8,9806
2018.07.31,00:00,22490.3,22704.3,22344.3,22580.3,13714
2018.08.01,00:00,22572.8,22819.4,22557.8,22697.9,10042
2018.08.02,00:00,22700.4,22744.4,22379.4,22580.4,11412
2018.08.03,00:00,22577.9,22624.4,22439.3,22552.8,8882
2018.08.05,00:00,22559.7,22575.3,22554.2,22560.3,66
2018.08.06,00:00,22565.3,22614.3,22449.3,22540.3,6728
2018.08.07,00:00,22537.8,22689.3,22524.3,22650.3,4499
2018.08.08,00:00,22655.3,22789.2,22541.8,22572.7,6115
2018.08.09,00:00,22570.2,22634.2,22491.7,22550.2,5262
2018.08.10,00:00,22545.2,22614.2,22074.2,22201.1,13218
2018.08.12,00:00,21995.2,22095.2,21995.2,22087.7,327
2018.08.13,00:00,22080.2,22159.1,21834.1,22077.6,15732
2018.08.14,00:00,22075.1,22384.1,22024.1,22340.1,12222
2018.08.15,00:00,22335.1,22364.1,21854.1,22000.1,17096
2018.08.16,00:00,22002.6,22353.9,21873.9,22279.9,15647
2018.08.17,00:00,22274.9,22338.8,22088.8,22232.8,12605
2018.08.19,00:00,22254.8,22269.8,22252.3,22262.3,68
2018.08.20,00:00,22264.8,22278.8,22143.9,22159.9,9623
2018.08.21,00:00,22164.9,22378.9,22048.9,22214.9,8699
2018.08.22,00:00,22217.4,22458.8,22148.8,22392.3,9387
2018.08.23,00:00,22389.8,22528.7,22368.7,22497.2,8860
2018.08.24,00:00,22494.7,22643.7,22453.7,22614.7,6242
2018.08.26,00:00,22623.6,22664.7,22623.6,22644.7,39
2018.08.27,00:00,22647.2,22934.6,22639.6,22932.1,4698
2018.08.28,00:00,22929.6,22993.6,22764.9,22798.4,5583
2018.08.29,00:00,22795.9,23125.6,22795.6,23073.1,6138
2018.08.30,00:00,23075.6,23083.1,22654.6,22695.6,10426
2018.08.31,00:00,22693.1,22889.5,22679.5,22810.5,9012
2018.09.02,00:00,22813,22830.5,22803,22813,70
2018.09.03,00:00,22810.5,22849.5,22689.5,22765.5,6077
2018.09.04,00:00,22763,22799.5,22594.5,22693,12103
2018.09.05,00:00,22695.5,22700.5,22479.4,22510.4,11728
2018.09.06,00:00,22512.9,22559.3,22354.3,22390.3,11964
2018.09.07,00:00,22387.8,22444.3,22169.3,22311.7,14783
2018.09.09,00:00,22337.8,22350.3,22305.3,22305.3,31
2018.09.10,00:00,22300.3,22494.3,22239.3,22452.8,10958
2018.09.11,00:00,22455.3,22732.8,22446.8,22720.3,10414
2018.09.12,00:00,22717.8,22794,22524.3,22637.5,9096
2018.09.13,00:00,22640,23004,22620,22985,10399
2018.09.14,00:00,22980,23255.2,22940,23216.2,10603
2018.09.16,00:00,23181.2,23181.2,23121.2,23131.2,46
2018.09.17,00:00,23136.2,23365.2,23023.7,23026.2,6022
2018.09.18,00:00,23031.2,23881.3,23028.7,23817.3,12334
2018.09.19,00:00,23814.8,23846.3,23660,23753.5,8746
2018.09.20,00:00,23756,23856,23575,23846,9814
2018.09.21,00:00,23843.5,23973,23770,23851.5,8445
2018.09.23,00:00,23821,23822.5,23818.2,23819.6,36
2018.09.24,00:00,23843,23881.5,23743,23871.5,4289
2018.09.25,00:00,23869,23940.5,23726.5,23837.5,6516
2018.09.26,00:00,23835,24026.5,23819.9,23882.5,9228
2018.09.27,00:00,23880,24121.5,23771.5,24037.5,10691
2018.09.28,00:00,24045,24286.5,23996.5,24160,11948
2018.09.30,00:00,24205,24227.5,24195,24227.5,52
2018.10.01,00:00,24225,24477,24136.5,24400.5,9401
2018.10.02,00:00,24398,24441.9,24086.9,24225.4,11943
2018.10.03,00:00,24222.9,24361.8,24036.8,24237.8,10027
2018.10.04,00:00,24232.8,24291.9,23616.9,23747.9,16996
2018.10.05,00:00,23745.4,23937.4,23552.4,23649.8,17217
2018.10.07,00:00,23703.4,23703.4,23658.4,23673.4,113
2018.10.08,00:00,23678.4,23807.4,23362.5,23593.5,12512
2018.10.09,00:00,23588.5,23618.5,23322.5,23543.5,16244
2018.10.10,00:00,23548.5,23592.5,22693.4,22800.9,23745
2018.10.11,00:00,22803.4,22902.5,22242.5,22548.5,48688
2018.10.12,00:00,22551,22752.3,22217.3,22551.9,31960
2018.10.14,00:00,22538.3,22553.3,22470.8,22520.8,296
2018.10.15,00:00,22523.3,22553.3,22032.5,22208.5,27145
2018.10.16,00:00,22211,22901,22206,22878.4,16700
2018.10.17,00:00,22885.9,22947.4,22637.4,22908.4,19735
2018.10.18,00:00,22905.9,22905.9,22157.3,22293.3,25923
2018.10.19,00:00,22290.8,22687.2,22212.2,22449.3,27053
2018.10.21,00:00,22418.2,22435.7,22388.2,22410.7,198
2018.10.22,00:00,22413.2,22707.3,22262.3,22475.8,28824
2018.10.23,00:00,22478.3,22478.3,21637.3,22133.3,36161
2018.10.24,00:00,22135.8,22207.1,21342.1,21483.1,48029
2018.10.25,00:00,21480.6,21787,21192,21533,41780
2018.10.26,00:00,21530.5,21530.5,20791.8,21204.2,58724
2018.10.28,00:00,21222.8,21346.8,21212.8,21331.8,560
2018.10.29,00:00,21326.8,21496.8,20796.8,21016.7,44653
2018.10.30,00:00,21026.7,21702.7,21011.7,21644.2,48091
2018.10.31,00:00,21641.7,21939.2,21556.7,21796.7,29114
2018.11.01,00:00,21794.2,21866.5,21506.5,21796.5,27364
2018.11.02,00:00,21801.5,22311.5,21791.5,21990.2,38228
