2015.08.18,00:00,124.4,124.509,124.176,124.378,48298
2015.08.19,00:00,124.382,124.465,123.686,123.922,67204
2015.08.20,00:00,123.921,124.152,123.322,123.437,72886
2015.08.21,00:00,123.438,123.489,121.808,122.034,105065
2015.08.23,00:00,121.879,122.021,121.509,121.527,8584
2015.08.24,00:00,121.524,121.939,116.183,118.388,187012
2015.08.25,00:00,118.391,120.391,118.389,118.912,198109
2015.08.26,00:00,118.913,120.356,118.444,120.256,169552
2015.08.27,00:00,120.259,121.393,119.786,121.056,132216
2015.08.28,00:00,121.057,121.735,120.644,121.7,97405
2015.08.30,00:00,121.616,121.633,121.192,121.268,6752
2015.08.31,00:00,121.267,121.413,120.872,121.197,77030
2015.09.01,00:00,121.196,121.231,119.213,119.606,148827
2015.09.02,00:00,119.607,120.612,119.564,120.485,124191
2015.09.03,00:00,120.486,120.694,119.636,120.177,109769
2015.09.04,00:00,120.178,120.181,118.76,118.996,128862
2015.09.06,00:00,118.899,119.206,118.845,119.174,3778
2015.09.07,00:00,119.173,119.584,118.792,119.228,77310
2015.09.08,00:00,119.233,120.219,118.845,119.971,111725
2015.09.09,00:00,119.97,121.193,119.934,120.318,127929
2015.09.10,00:00,120.317,121.322,119.969,120.765,137841
2015.09.11,00:00,120.764,120.964,120.353,120.573,91109
2015.09.13,00:00,120.508,120.639,120.484,120.615,3958
2015.09.14,00:00,120.614,120.836,119.845,120.331,96750
2015.09.15,00:00,120.328,120.648,119.393,120.354,102706
2015.09.16,00:00,120.353,120.722,120.102,120.556,88215
2015.09.17,00:00,120.557,120.984,119.787,120.137,106595
2015.09.18,00:00,120.135,120.402,119.047,119.957,122274
2015.09.20,00:00,120.102,120.139,119.947,119.996,8306
2015.09.21,00:00,119.997,120.654,119.719,120.497,88711
2015.09.22,00:00,120.492,120.537,119.688,120.005,96630
2015.09.23,00:00,120.006,120.54,119.618,120.217,101582
2015.09.24,00:00,120.216,120.385,119.219,120.282,142179
2015.09.25,00:00,120.284,121.231,120.016,120.565,131095
2015.09.27,00:00,120.481,120.587,120.458,120.529,6042
2015.09.28,00:00,120.528,120.569,119.69,119.913,123615
2015.09.29,00:00,119.912,120.156,119.244,119.78,141217
2015.09.30,00:00,119.779,120.344,119.545,119.925,117221
2015.10.01,00:00,119.926,120.272,119.484,119.837,113361
2015.10.02,00:00,119.838,120.399,118.677,119.885,131762
2015.10.04,00:00,119.973,120.048,119.875,119.978,10314
2015.10.05,00:00,119.977,120.546,119.862,120.446,99635
2015.10.06,00:00,120.445,120.563,120.101,120.215,99056
2015.10.07,00:00,120.216,120.355,119.741,119.978,109869
2015.10.08,00:00,119.984,120.104,119.618,119.906,94704
2015.10.09,00:00,119.904,120.342,119.829,120.221,80775
2015.10.11,00:00,120.162,120.256,120.157,120.214,9808
2015.10.12,00:00,120.215,120.24,119.885,120.041,41606
2015.10.13,00:00,120.04,120.075,119.545,119.74,73207
2015.10.14,00:00,119.736,119.773,118.621,118.856,94168
2015.10.15,00:00,118.855,119.163,118.058,118.939,110019
2015.10.16,00:00,118.94,119.656,118.899,119.409,76033
2015.10.18,00:00,119.355,119.432,119.295,119.377,10720
2015.10.19,00:00,119.378,119.561,119.133,119.495,77282
2015.10.20,00:00,119.494,119.96,119.405,119.796,70087
2015.10.21,00:00,119.798,120.087,119.778,119.897,74592
2015.10.22,00:00,119.885,120.762,119.609,120.677,94483
2015.10.23,00:00,120.678,121.465,120.221,121.462,104272
2015.10.25,00:00,121.464,121.472,121.284,121.314,6584
2015.10.26,00:00,121.311,121.331,120.591,120.961,80527
2015.10.27,00:00,120.966,120.984,120.153,120.475,88425
2015.10.28,00:00,120.473,121.253,120.238,120.874,134474
2015.10.29,00:00,120.873,121.179,120.579,121.035,150240
2015.10.30,00:00,121.034,121.477,120.271,120.595,180827
2015.11.01,00:00,120.335,120.568,120.334,120.497,21482
2015.11.02,00:00,120.498,120.807,120.248,120.791,119317
2015.11.03,00:00,120.795,121.225,120.591,121.082,112947
2015.11.04,00:00,121.078,121.714,120.996,121.516,159269
2015.11.05,00:00,121.525,121.995,121.382,121.686,154182
2015.11.06,00:00,121.687,123.263,121.627,123.116,149573
2015.11.08,00:00,123.275,123.335,123.194,123.198,9300
2015.11.09,00:00,123.194,123.599,122.972,123.042,121176
2015.11.10,00:00,123.047,123.432,123.034,123.085,119537
2015.11.11,00:00,123.081,123.201,122.733,122.743,105547
2015.11.12,00:00,122.744,123.067,122.547,122.584,134871
2015.11.13,00:00,122.583,122.983,122.444,122.589,121696
2015.11.15,00:00,122.223,122.44,122.218,122.303,20988
2015.11.16,00:00,122.294,123.33,122.294,123.27,127096
2015.11.17,00:00,123.26,123.485,123.18,123.436,117545
2015.11.18,00:00,123.439,123.748,123.214,123.513,109908
2015.11.19,00:00,123.509,123.56,122.617,122.902,133065
2015.11.20,00:00,122.901,123.048,122.719,122.738,109747
2015.11.22,00:00,122.796,122.937,122.796,122.929,13050
2015.11.23,00:00,122.931,123.255,122.774,122.943,102888
2015.11.24,00:00,122.941,122.956,122.301,122.514,124148
2015.11.25,00:00,122.512,122.931,122.251,122.674,129185
2015.11.26,00:00,122.675,122.698,122.495,122.633,86219
2015.11.27,00:00,122.635,122.875,122.3,122.771,84245
2015.11.29,00:00,122.806,122.84,122.727,122.828,9246
2015.11.30,00:00,122.827,123.336,122.682,123.209,91277
2015.12.01,00:00,123.208,123.271,122.637,122.907,115334
2015.12.02,00:00,122.906,123.663,122.821,123.236,113077
2015.12.03,00:00,123.233,123.556,122.291,122.641,166080
2015.12.04,00:00,122.642,123.368,122.471,123.089,150310
2015.12.06,00:00,123.169,123.221,123.145,123.192,12508
2015.12.07,00:00,123.191,123.471,123.146,123.289,104589
2015.12.08,00:00,123.29,123.322,122.716,122.923,120449
2015.12.09,00:00,122.924,123.042,121.066,121.685,165447
2015.12.10,00:00,121.684,121.862,121.24,121.698,146274
2015.12.11,00:00,121.699,122.225,120.572,120.967,165827
2015.12.13,00:00,121.153,121.153,120.63,120.903,14498
2015.12.14,00:00,120.885,121.349,120.337,121.109,179246
2015.12.15,00:00,121.116,121.787,120.568,121.666,140832
2015.12.16,00:00,121.667,122.491,121.374,122.478,149550
2015.12.17,00:00,122.476,122.872,122.21,122.447,123154
2015.12.18,00:00,122.449,123.547,121.049,121.126,155232
2015.12.20,00:00,121.216,121.377,121.184,121.295,10290
2015.12.21,00:00,121.289,121.5,120.833,121.196,113321
2015.12.22,00:00,121.202,121.302,120.715,121.021,107788
2015.12.23,00:00,121.02,121.049,120.806,120.939,81985
2015.12.24,00:00,120.94,120.967,120.243,120.395,59112
2015.12.27,00:00,120.12,120.284,120.108,120.237,12518
2015.12.28,00:00,120.239,120.625,120.201,120.335,68879
2015.12.29,00:00,120.339,120.572,120.231,120.515,70790
2015.12.30,00:00,120.517,120.65,120.347,120.456,60301
2015.12.31,00:00,120.457,120.493,119.997,120.187,58656
2016.01.03,00:00,120.174,120.38,120.173,120.308,9948
2016.01.04,00:00,120.307,120.462,118.693,119.462,169065
2016.01.05,00:00,119.461,119.696,118.786,119.103,161347
2016.01.06,00:00,119.094,119.154,118.243,118.614,176313
2016.01.07,00:00,118.62,118.745,117.319,117.51,215775
2016.01.08,00:00,117.525,118.739,117.192,117.252,194687
2016.01.10,00:00,117.2,117.203,116.679,117.058,29326
2016.01.11,00:00,117.055,118.021,116.965,117.675,189654
2016.01.12,00:00,117.676,118.069,117.219,117.827,210424
2016.01.13,00:00,117.826,118.374,117.365,117.411,202256
2016.01.14,00:00,117.41,118.275,117.287,118.218,217068
2016.01.15,00:00,118.216,118.258,116.501,116.966,221716
2016.01.17,00:00,116.656,117.046,116.644,116.991,10442
2016.01.18,00:00,116.993,117.436,116.918,117.394,143091
2016.01.19,00:00,117.393,118.108,117.223,117.559,198034
2016.01.20,00:00,117.552,117.562,115.969,117.189,257101
2016.01.21,00:00,117.195,117.932,116.462,117.917,286614
2016.01.22,00:00,117.921,118.873,117.531,118.763,200107
2016.01.24,00:00,118.636,118.788,118.557,118.557,5776
2016.01.25,00:00,118.553,118.852,118.164,118.227,172942
2016.01.26,00:00,118.226,118.617,117.648,118.38,168499
2016.01.27,00:00,118.378,119.062,118.037,118.473,194463
2016.01.28,00:00,118.475,118.987,118.406,118.92,190228
2016.01.29,00:00,118.923,121.683,118.42,121.125,232315
2016.01.31,00:00,121.312,121.482,121.152,121.349,9497
2016.02.01,00:00,121.34,121.435,120.669,120.848,161543
2016.02.02,00:00,120.849,121.007,119.675,119.842,178923
2016.02.03,00:00,119.841,120.04,117.045,118.163,228040
2016.02.04,00:00,118.16,118.208,116.52,116.847,212995
2016.02.05,00:00,116.848,117.423,116.28,116.824,187068
2016.02.07,00:00,116.782,116.997,116.782,116.943,11983
2016.02.08,00:00,116.942,117.52,115.167,115.659,208955
2016.02.09,00:00,115.658,115.66,114.199,115.178,260081
2016.02.10,00:00,115.176,115.212,113.111,113.232,275467
2016.02.11,00:00,113.236,113.481,110.978,112.499,261849
2016.02.12,00:00,112.484,113.532,111.647,113.217,228790
2016.02.14,00:00,113.376,113.701,113.293,113.673,8611
2016.02.15,00:00,113.67,114.724,113.267,114.346,161587
2016.02.16,00:00,114.345,114.87,113.587,114.128,182248
2016.02.17,00:00,114.127,114.5,113.365,114.283,180916
2016.02.18,00:00,114.288,114.314,113.135,113.247,160768
2016.02.19,00:00,113.252,113.292,112.299,112.607,154637
2016.02.21,00:00,112.55,112.627,112.418,112.516,7006
2016.02.22,00:00,112.522,113.383,112.501,112.95,136080
2016.02.23,00:00,112.949,112.993,111.764,111.901,173433
2016.02.24,00:00,111.902,112.262,111.034,112.057,186609
2016.02.25,00:00,112.056,113.16,111.973,113.136,190296
2016.02.26,00:00,113.135,113.99,112.552,113.978,158752
2016.02.28,00:00,113.937,113.975,113.553,113.711,6969
2016.02.29,00:00,113.71,113.85,112.174,112.404,178247
2016.03.01,00:00,112.414,114.179,112.15,113.909,153061
2016.03.02,00:00,113.912,114.55,113.208,113.488,148962
2016.03.03,00:00,113.48,114.264,113.287,113.681,145166
2016.03.04,00:00,113.682,114.251,113.117,113.706,146014
2016.03.06,00:00,113.907,113.923,113.749,113.822,7639
2016.03.07,00:00,113.823,113.855,113.217,113.486,123547
2016.03.08,00:00,113.482,113.507,112.415,112.687,158101
2016.03.09,00:00,112.686,113.45,112.22,113.225,142498
2016.03.10,00:00,113.227,114.442,112.597,112.841,183711
2016.03.11,00:00,112.845,113.914,112.747,113.837,131513
2016.03.13,00:00,113.909,113.909,113.635,113.772,7155
2016.03.14,00:00,113.768,114.002,113.5,113.819,113868
2016.03.15,00:00,113.823,114.127,112.624,113.101,171631
2016.03.16,00:00,113.096,113.813,112.323,112.787,158978
2016.03.17,00:00,112.788,112.952,110.658,111.353,201206
2016.03.18,00:00,111.356,111.751,110.814,111.523,152095
2016.03.20,00:00,111.53,111.553,111.325,111.436,5859
2016.03.21,00:00,111.437,112.169,111.213,112.134,128576
2016.03.22,00:00,112.138,112.486,111.373,112.245,165966
2016.03.23,00:00,112.244,112.902,112.136,112.416,154023
2016.03.24,00:00,112.415,113.003,112.286,112.828,134469
2016.03.25,00:00,112.827,113.316,112.804,113.059,55476
2016.03.27,00:00,113.151,113.386,113.109,113.363,5576
2016.03.28,00:00,113.365,113.682,113.146,113.431,74495
2016.03.29,00:00,113.43,113.798,112.607,112.783,152856
2016.03.30,00:00,112.782,112.785,112.011,112.452,155487
2016.03.31,00:00,112.454,112.66,112.105,112.528,146378
2016.04.01,00:00,112.529,112.574,111.581,111.606,172541
2016.04.03,00:00,111.594,111.791,111.554,111.751,4499
2016.04.04,00:00,111.747,111.79,111.091,111.285,141594
2016.04.05,00:00,111.284,111.286,109.944,110.282,189873
2016.04.06,00:00,110.281,110.635,109.332,109.725,174225
2016.04.07,00:00,109.724,109.898,107.664,108.327,223893
2016.04.08,00:00,108.33,109.094,107.996,108.041,185542
2016.04.10,00:00,108.047,108.296,107.951,108.251,7853
2016.04.11,00:00,108.252,108.435,107.623,107.913,141204
2016.04.12,00:00,107.914,108.784,107.863,108.575,151135
2016.04.13,00:00,108.574,109.401,108.5,109.322,153199
2016.04.14,00:00,109.324,109.543,108.891,109.336,153906
2016.04.15,00:00,109.337,109.729,108.598,108.732,129761
2016.04.17,00:00,108.159,108.393,108.115,108.381,7543
2016.04.18,00:00,108.38,108.988,107.833,108.851,158251
2016.04.19,00:00,108.852,109.485,108.784,109.244,145168
2016.04.20,00:00,109.245,109.875,108.759,109.757,152100
2016.04.21,00:00,109.755,109.896,109.318,109.418,164342
2016.04.22,00:00,109.419,111.815,109.254,111.808,180106
2016.04.24,00:00,111.843,111.87,111.528,111.57,6524
2016.04.25,00:00,111.567,111.578,110.838,111.188,158441
2016.04.26,00:00,111.187,111.47,110.667,111.268,157789
2016.04.27,00:00,111.269,111.749,111.023,111.505,150731
2016.04.28,00:00,111.506,111.883,107.861,108.142,230034
2016.04.29,00:00,108.143,108.148,106.273,106.354,204270
2016.05.01,00:00,106.21,106.718,106.203,106.684,8941
2016.05.02,00:00,106.679,106.818,106.131,106.413,139343
2016.05.03,00:00,106.414,107.458,105.543,106.85,151388
2016.05.04,00:00,106.848,107.361,106.242,106.961,174898
2016.05.05,00:00,106.958,107.494,106.797,107.252,134486
2016.05.06,00:00,107.253,107.417,106.433,107.096,165595
2016.05.08,00:00,107.056,107.294,107.05,107.249,3848
2016.05.09,00:00,107.25,108.599,107.215,108.383,154996
2016.05.10,00:00,108.384,109.369,108.269,109.275,158498
2016.05.11,00:00,109.274,109.287,108.362,108.438,147860
2016.05.12,00:00,108.439,109.393,108.224,108.937,173359
2016.05.13,00:00,108.939,109.55,108.507,108.595,170956
2016.05.15,00:00,108.606,108.666,108.458,108.548,4264
2016.05.16,00:00,108.55,109.099,108.511,109.05,104302
2016.05.17,00:00,109.051,109.65,108.836,109.111,129824
2016.05.18,00:00,109.109,110.253,108.716,110.116,154321
2016.05.19,00:00,110.117,110.378,109.693,109.929,145388
2016.05.20,00:00,109.926,110.585,109.843,110.105,115336
2016.05.22,00:00,110.1,110.237,110.1,110.203,2858
2016.05.23,00:00,110.202,110.205,109.105,109.268,125391
2016.05.24,00:00,109.269,110.122,109.163,110.023,118197
2016.05.25,00:00,110.022,110.446,109.858,110.173,116246
2016.05.26,00:00,110.179,110.228,109.411,109.68,127894
2016.05.27,00:00,109.681,110.444,109.469,110.303,115968
2016.05.29,00:00,110.407,110.798,110.359,110.718,6899
2016.05.30,00:00,110.717,111.444,110.642,110.941,95612
2016.05.31,00:00,110.94,111.347,110.496,110.738,139499
2016.06.01,00:00,110.739,110.829,109.045,109.54,167467
2016.06.02,00:00,109.538,109.55,108.518,108.837,160641
2016.06.03,00:00,108.839,109.135,106.491,106.491,178941
2016.06.05,00:00,106.548,106.793,106.359,106.682,6405
2016.06.06,00:00,106.681,107.652,106.426,107.532,157793
2016.06.07,00:00,107.534,107.899,107.146,107.278,144926
2016.06.08,00:00,107.28,107.381,106.586,106.904,150663
2016.06.09,00:00,106.903,107.173,106.251,107.023,149693
2016.06.10,00:00,107.022,107.254,106.548,106.976,146026
2016.06.12,00:00,106.794,106.857,106.633,106.725,6766
2016.06.13,00:00,106.726,106.757,105.732,106.027,189504
2016.06.14,00:00,106.026,106.417,105.621,106.033,190103
2016.06.15,00:00,106.031,106.394,105.426,105.873,173727
2016.06.16,00:00,105.875,105.92,103.545,104.351,228553
2016.06.17,00:00,104.353,104.823,104.076,104.141,174110
2016.06.19,00:00,104.697,104.804,104.485,104.786,4917
2016.06.20,00:00,104.785,104.84,103.759,103.89,151713
2016.06.21,00:00,103.886,105.053,103.576,104.675,137737
2016.06.22,00:00,104.676,104.976,104.309,104.703,136266
2016.06.23,00:00,104.704,106.809,104.009,106.055,170722
2016.06.24,00:00,106.055,106.089,98.946,102.186,225645
2016.06.26,00:00,101.512,102.3,101.488,102.263,10914
2016.06.27,00:00,102.261,102.462,101.398,102.02,184344
2016.06.28,00:00,102.021,102.836,101.552,102.608,164046
2016.06.29,00:00,102.609,103.02,102.167,102.882,147932
2016.06.30,00:00,102.881,103.389,102.361,103.179,167963
2016.07.01,00:00,103.184,103.192,102.437,102.465,136436
2016.07.03,00:00,102.594,102.667,102.528,102.613,5800
2016.07.04,00:00,102.615,102.802,102.415,102.544,90967
2016.07.05,00:00,102.545,102.582,101.444,101.628,132184
2016.07.06,00:00,101.632,101.638,100.193,101.119,177912
2016.07.07,00:00,101.118,101.251,100.59,100.678,132633
2016.07.08,00:00,100.684,101.264,99.986,100.506,138353
2016.07.10,00:00,100.605,100.796,100.518,100.653,6240
2016.07.11,00:00,100.651,102.89,100.553,102.67,144297
2016.07.12,00:00,102.669,104.983,102.442,104.694,187944
2016.07.13,00:00,104.695,104.875,103.905,104.086,185257
2016.07.14,00:00,104.092,105.935,103.966,105.245,203984
2016.07.15,00:00,105.246,106.311,104.621,104.836,199371
2016.07.17,00:00,105.341,106.007,105.33,105.537,13165
2016.07.18,00:00,105.537,106.328,105.271,106.243,135141
2016.07.19,00:00,106.244,106.53,105.641,106.18,154251
2016.07.20,00:00,106.179,107.438,105.825,107.146,149614
2016.07.21,00:00,107.148,107.487,105.419,105.91,195490
2016.07.22,00:00,105.911,106.399,105.559,106.105,145429
2016.07.24,00:00,106.122,106.408,106.085,106.346,6789
2016.07.25,00:00,106.345,106.723,105.737,105.777,119277
2016.07.26,00:00,105.776,105.782,103.992,104.697,162037
2016.07.27,00:00,104.702,106.538,104.684,105.149,178682
2016.07.28,00:00,105.145,105.503,103.35,104.79,155941
2016.07.29,00:00,104.8,105.614,101.97,102.037,225557
2016.07.31,00:00,102.275,102.551,102.01,102.472,6758
2016.08.01,00:00,102.473,102.682,102.112,102.407,129354
2016.08.02,00:00,102.399,102.831,100.678,101.036,148414
2016.08.03,00:00,101.023,101.569,100.744,101.294,132439
2016.08.04,00:00,101.288,101.666,100.859,101.186,122173
2016.08.05,00:00,101.182,102.063,100.87,101.781,110088
2016.08.07,00:00,101.976,102.257,101.856,102.225,6005
2016.08.08,00:00,102.221,102.653,101.904,102.446,97591
2016.08.09,00:00,102.443,102.527,101.787,101.898,90602
2016.08.10,00:00,101.895,101.956,100.964,101.188,117556
2016.08.11,00:00,101.181,102.053,101.019,101.893,93087
2016.08.12,00:00,101.892,102.271,100.831,101.263,112717
2016.08.14,00:00,101.116,101.277,101.109,101.252,3815
2016.08.15,00:00,101.25,101.453,100.866,101.19,92663
2016.08.16,00:00,101.194,101.288,99.533,100.276,145439
2016.08.17,00:00,100.275,101.164,99.923,99.98699999999999,127542
2016.08.18,00:00,99.98399999999999,100.494,99.64,100.089,142478
2016.08.19,00:00,100.086,100.459,100.008,100.186,102869
2016.08.21,00:00,100.762,100.762,100.4,100.459,7960
2016.08.22,00:00,100.458,100.931,100.209,100.361,124575
2016.08.23,00:00,100.357,100.382,99.93899999999999,100.292,117938
2016.08.24,00:00,100.294,100.607,100.09,100.452,106829
2016.08.25,00:00,100.453,100.614,100.3,100.553,89130
2016.08.26,00:00,100.552,101.941,100.056,101.812,128765
2016.08.28,00:00,102.081,102.103,101.831,101.93,6259
2016.08.29,00:00,101.928,102.39,101.837,101.997,111109
2016.08.30,00:00,102.001,103.134,101.75,102.947,112247
2016.08.31,00:00,102.95,103.531,102.859,103.321,124671
2016.09.01,00:00,103.326,103.996,103.057,103.189,131598
2016.09.02,00:00,103.19,104.318,102.793,103.93,145978
2016.09.04,00:00,104.079,104.128,104.002,104.054,7350
2016.09.05,00:00,104.052,104.07,103.144,103.428,105452
2016.09.06,00:00,103.432,103.805,101.931,102.101,139465
2016.09.07,00:00,102.099,102.108,101.198,101.682,132880
2016.09.08,00:00,101.702,102.596,101.409,102.381,142799
2016.09.09,00:00,102.384,103.054,101.967,102.708,142721
2016.09.11,00:00,102.549,102.624,102.295,102.367,8016
2016.09.12,00:00,102.365,102.667,101.558,101.856,161566
2016.09.13,00:00,101.852,102.745,101.416,102.502,162556
2016.09.14,00:00,102.505,103.356,102.246,102.452,150279
2016.09.15,00:00,102.461,102.754,101.734,101.854,150282
2016.09.16,00:00,101.858,102.461,101.769,102.256,127203
2016.09.18,00:00,102.127,102.301,102.126,102.242,10538
2016.09.19,00:00,102.241,102.417,101.578,101.839,114782
2016.09.20,00:00,101.835,102.061,101.537,101.716,116386
2016.09.21,00:00,101.718,102.782,100.292,100.343,226308
2016.09.22,00:00,100.339,100.929,100.096,100.82,129303
2016.09.23,00:00,100.813,101.24,100.672,100.994,130311
2016.09.25,00:00,101,101.055,100.924,100.972,4807
2016.09.26,00:00,100.977,101.078,100.247,100.324,120803
2016.09.27,00:00,100.325,100.987,100.079,100.372,148626
2016.09.28,00:00,100.368,100.817,100.257,100.794,136451
2016.09.29,00:00,100.795,101.839,100.759,101.183,159968
2016.09.30,00:00,101.186,101.774,100.743,101.34,156520
2016.10.02,00:00,101.21,101.469,101.195,101.452,6073
2016.10.03,00:00,101.464,101.686,101.206,101.671,103327
2016.10.04,00:00,101.672,102.965,101.656,102.831,155325
2016.10.05,00:00,102.834,103.667,102.668,103.476,134555
2016.10.06,00:00,103.477,104.158,103.344,103.948,129567
2016.10.07,00:00,103.953,103.991,102.855,102.901,169617
2016.10.09,00:00,103.247,103.313,103.037,103.074,7916
2016.10.10,00:00,103.073,103.786,102.806,103.658,94789
2016.10.11,00:00,103.654,104.07,103.169,103.45,144424
2016.10.12,00:00,103.449,104.481,103.277,104.263,140902
2016.10.13,00:00,104.266,104.634,103.331,103.619,159537
2016.10.14,00:00,103.62,104.475,103.605,104.184,148526
2016.10.16,00:00,104.332,104.366,104.198,104.244,4422
2016.10.17,00:00,104.245,104.37,103.754,103.852,127348
2016.10.18,00:00,103.855,104.2,103.679,103.875,117247
2016.10.19,00:00,103.874,103.947,103.162,103.373,111816
2016.10.20,00:00,103.374,104.104,103.341,103.996,125143
2016.10.21,00:00,103.999,104.201,103.52,103.823,112523
2016.10.23,00:00,103.822,103.997,103.818,103.968,4427
2016.10.24,00:00,103.967,104.375,103.72,104.323,109814
2016.10.25,00:00,104.322,104.871,104.11,104.159,127871
2016.10.26,00:00,104.16,104.618,104.021,104.547,129788
2016.10.27,00:00,104.548,105.347,104.294,105.251,143973
2016.10.28,00:00,105.25,105.53,104.456,104.695,157241
2016.10.30,00:00,104.545,104.677,104.545,104.574,13203
2016.10.31,00:00,104.571,105.229,104.523,104.825,132333
2016.11.01,00:00,104.823,105.115,103.797,104.079,173671
2016.11.02,00:00,104.078,104.164,103.014,103.384,188988
2016.11.03,00:00,103.387,103.441,102.544,103.065,174245
2016.11.04,00:00,103.063,103.354,102.829,103.091,160780
2016.11.06,00:00,104.085,104.463,103.723,104.154,15736
2016.11.07,00:00,104.156,104.629,103.837,104.452,140614
2016.11.08,00:00,104.46,105.235,104.291,104.979,144911
2016.11.09,00:00,104.978,105.895,101.186,105.8,344085
2016.11.10,00:00,105.806,106.945,104.959,106.803,274474
2016.11.11,00:00,106.807,106.93,106.029,106.723,221969
2016.11.13,00:00,106.862,106.898,106.729,106.879,9940
2016.11.14,00:00,106.876,108.542,106.841,108.208,229153
2016.11.15,00:00,108.209,109.333,107.766,108.979,203273
2016.11.16,00:00,108.989,109.754,108.596,108.776,191285
2016.11.17,00:00,108.769,110.34,108.548,110.25,205789
2016.11.18,00:00,110.236,110.949,109.794,110.907,200612
2016.11.20,00:00,110.897,111.118,110.884,110.942,14788
2016.11.21,00:00,110.939,111.362,110.453,110.654,215854
2016.11.22,00:00,110.651,111.354,110.264,110.978,200411
2016.11.23,00:00,110.969,112.974,110.851,112.551,184176
2016.11.24,00:00,112.552,113.531,112.407,113.259,171091
2016.11.25,00:00,113.269,113.897,112.554,113.178,202831
2016.11.27,00:00,112.732,112.967,112.585,112.643,10033
2016.11.28,00:00,112.654,112.796,111.354,111.66,227757
2016.11.29,00:00,111.669,113.337,111.669,112.46,196075
2016.11.30,00:00,112.467,114.823,112.053,114.68,240473
2016.12.01,00:00,114.681,114.723,113.831,113.894,236701
2016.12.02,00:00,113.9,114.203,113.325,113.48,196205
2016.12.04,00:00,113.252,113.559,112.858,113.513,30763
2016.12.05,00:00,113.518,114.773,113.151,113.852,223147
2016.12.06,00:00,113.853,114.186,113.496,114.038,167973
2016.12.07,00:00,114.039,114.402,113.412,113.734,160092
2016.12.08,00:00,113.735,114.369,113.124,114.055,205227
2016.12.09,00:00,114.056,115.366,114.007,115.321,165681
2016.12.11,00:00,115.397,115.543,115.352,115.413,11472
2016.12.12,00:00,115.416,116.121,114.729,114.975,201217
2016.12.13,00:00,114.977,115.475,114.77,115.217,183866
2016.12.14,00:00,115.215,117.394,114.767,117.203,201222
2016.12.15,00:00,117.213,118.661,117.191,118.25,268298
2016.12.16,00:00,118.247,118.426,117.468,117.941,208211
2016.12.18,00:00,117.959,117.96,117.707,117.801,15686
2016.12.19,00:00,117.802,117.838,116.541,117.014,250272
2016.12.20,00:00,117.019,118.241,116.985,117.828,250929
2016.12.21,00:00,117.826,118.068,117.104,117.616,219219
2016.12.22,00:00,117.617,117.875,117.263,117.525,189624
2016.12.23,00:00,117.529,117.561,117.17,117.304,111159
2016.12.26,00:00,117.033,117.222,117.011,117.189,17152
2016.12.27,00:00,117.191,117.617,117.185,117.477,140673
2016.12.28,00:00,117.478,117.813,116.836,117.082,190280
2016.12.29,00:00,117.079,117.081,116.04,116.304,237721
2016.12.30,00:00,116.326,117.193,116.109,116.998,257148
2017.01.02,00:00,117.163,117.663,117.153,117.449,108086
2017.01.03,00:00,117.453,118.605,117.214,117.627,206940
2017.01.04,00:00,117.634,118.184,117.046,117.128,227204
2017.01.05,00:00,117.129,117.13,115.062,115.33,321624
2017.01.06,00:00,115.339,117.179,115.239,116.944,257905
2017.01.08,00:00,117.009,117.231,116.987,117.144,7300
2017.01.09,00:00,117.15,117.532,115.615,115.985,240018
2017.01.10,00:00,115.982,116.343,115.194,115.869,262949
2017.01.11,00:00,115.87,116.864,114.236,115.089,295229
2017.01.12,00:00,115.09,115.232,113.748,114.659,329003
2017.01.13,00:00,114.669,115.445,114.265,114.455,262724
2017.01.15,00:00,114.3,114.464,114.082,114.218,11904
2017.01.16,00:00,114.217,114.452,113.611,114.156,207633
2017.01.17,00:00,114.161,114.28,112.563,112.888,310731
2017.01.18,00:00,112.889,114.839,112.637,114.712,259861
2017.01.19,00:00,114.703,115.618,114.4,114.933,269868
2017.01.20,00:00,114.936,115.384,114.209,114.581,246446
2017.01.22,00:00,114.235,114.417,113.753,113.795,15101
2017.01.23,00:00,113.804,114.076,112.52,112.778,251456
2017.01.24,00:00,112.78,113.988,112.552,113.865,222615
2017.01.25,00:00,113.866,113.981,113.036,113.272,233502
2017.01.26,00:00,113.263,114.855,113.044,114.419,229510
2017.01.27,00:00,114.42,115.376,114.387,115.068,200722
2017.01.29,00:00,114.711,114.951,114.569,114.652,11423
2017.01.30,00:00,114.651,114.934,113.447,113.68,215549
2017.01.31,00:00,113.674,113.963,112.073,112.773,260612
2017.02.01,00:00,112.776,113.95,112.74,113.287,223571
2017.02.02,00:00,113.291,113.295,112.05,112.811,230117
2017.02.03,00:00,112.81,113.451,112.314,112.565,204624
2017.02.05,00:00,112.421,112.705,112.398,112.646,9849
2017.02.06,00:00,112.64,112.775,111.622,111.823,211603
2017.02.07,00:00,111.82,112.577,111.589,112.376,202649
2017.02.08,00:00,112.378,112.543,111.629,111.964,209408
2017.02.09,00:00,111.968,113.469,111.881,113.43,195835
2017.02.10,00:00,113.429,113.855,112.855,113.183,189137
2017.02.12,00:00,113.504,113.965,113.402,113.927,10516
2017.02.13,00:00,113.923,114.166,113.434,113.685,175977
2017.02.14,00:00,113.679,114.497,113.245,114.281,190195
2017.02.15,00:00,114.285,114.955,113.856,114.121,188517
2017.02.16,00:00,114.122,114.162,113.083,113.318,194211
2017.02.17,00:00,113.32,113.502,112.615,112.818,169758
2017.02.19,00:00,112.857,112.983,112.787,112.915,8201
2017.02.20,00:00,112.916,113.295,112.832,113.27,108407
2017.02.21,00:00,113.267,113.776,113.236,113.665,154099
2017.02.22,00:00,113.67,113.678,112.904,113.402,179982
2017.02.23,00:00,113.409,113.424,112.547,112.695,141246
2017.02.24,00:00,112.696,112.953,111.93,112.106,136530
2017.02.26,00:00,112.114,112.315,112.114,112.181,12463
2017.02.27,00:00,112.186,112.838,111.918,112.746,135846
2017.02.28,00:00,112.747,113.113,111.686,113.09,154696
2017.03.01,00:00,113.095,114.139,112.764,114.117,187172
2017.03.02,00:00,114.111,114.589,113.825,114.353,140662
2017.03.03,00:00,114.35,114.747,113.805,113.995,143634
2017.03.05,00:00,113.893,114.131,113.794,113.819,7818
2017.03.06,00:00,113.813,114.1,113.557,113.903,116607
2017.03.07,00:00,113.902,114.151,113.726,113.917,102081
2017.03.08,00:00,113.921,114.75,113.604,114.408,132581
2017.03.09,00:00,114.409,115.191,114.363,115.138,178272
2017.03.10,00:00,115.138,115.503,114.651,114.734,172683
2017.03.12,00:00,114.755,114.878,114.692,114.752,7185
2017.03.13,00:00,114.755,114.977,114.477,114.916,150382
2017.03.14,00:00,114.914,115.194,114.513,114.653,149198
2017.03.15,00:00,114.657,114.882,113.168,113.385,167906
2017.03.16,00:00,113.383,113.536,112.899,113.343,182005
2017.03.17,00:00,113.346,113.492,112.559,112.648,133244
2017.03.19,00:00,112.618,112.756,112.604,112.673,5380
2017.03.20,00:00,112.676,112.895,112.426,112.559,115296
2017.03.21,00:00,112.56,112.864,111.426,111.53,187337
2017.03.22,00:00,111.525,111.767,110.728,111.369,186738
2017.03.23,00:00,111.371,111.578,110.626,110.992,176150
2017.03.24,00:00,110.987,111.479,110.62,111.303,154684
2017.03.26,00:00,110.877,111.041,110.523,110.562,10455
2017.03.27,00:00,110.565,110.76,110.105,110.616,148973
2017.03.28,00:00,110.617,111.199,110.171,111.116,138658
2017.03.29,00:00,111.12,111.313,110.711,111.09,138026
2017.03.30,00:00,111.097,111.943,110.935,111.811,139628
2017.03.31,00:00,111.816,112.197,111.24,111.383,142462
2017.04.02,00:00,111.371,111.488,111.283,111.326,4075
2017.04.03,00:00,111.322,111.587,110.833,110.867,124984
2017.04.04,00:00,110.871,110.872,110.267,110.82,138563
2017.04.05,00:00,110.821,111.452,110.387,110.498,152990
2017.04.06,00:00,110.499,111.139,110.288,110.843,151706
2017.04.07,00:00,110.845,111.364,110.127,111.057,194270
2017.04.09,00:00,111.025,111.33,110.992,111.289,8469
2017.04.10,00:00,111.294,111.577,110.654,110.751,144593
2017.04.11,00:00,110.752,110.846,109.518,109.669,156244
2017.04.12,00:00,109.665,109.866,108.89,109.052,158326
2017.04.13,00:00,109.051,109.393,108.723,109.135,150885
2017.04.14,00:00,109.136,109.225,108.54,108.581,98408
2017.04.16,00:00,108.69,108.81,108.519,108.595,10589
2017.04.17,00:00,108.594,109.071,108.127,109.034,116451
2017.04.18,00:00,109.029,109.22,108.318,108.437,137143
2017.04.19,00:00,108.436,109.178,108.377,108.908,127227
2017.04.20,00:00,108.909,109.487,108.718,109.38,123654
2017.04.21,00:00,109.381,109.421,108.878,109.056,110198
2017.04.23,00:00,110.533,110.533,109.971,110.033,18388
2017.04.24,00:00,110.032,110.345,109.654,109.82,139906
2017.04.25,00:00,109.821,111.186,109.586,110.984,127911
2017.04.26,00:00,110.983,111.776,110.867,111.197,163324
2017.04.27,00:00,111.193,111.597,111.041,111.258,133041
2017.04.28,00:00,111.253,111.716,111.07,111.519,113074
2017.04.30,00:00,111.25,111.451,111.25,111.29,5405
2017.05.01,00:00,111.291,111.941,111.2,111.866,92376
2017.05.02,00:00,111.863,112.305,111.777,111.97,97523
2017.05.03,00:00,111.969,112.816,111.962,112.698,100015
2017.05.04,00:00,112.702,113.046,112.314,112.516,107570
2017.05.05,00:00,112.519,112.797,112.084,112.625,151010
2017.05.07,00:00,112.913,112.957,112.762,112.825,7836
2017.05.08,00:00,112.826,113.293,112.393,113.266,89723
2017.05.09,00:00,113.261,114.325,113.128,113.715,91867
2017.05.10,00:00,113.716,114.365,113.624,114.31,91478
2017.05.11,00:00,114.307,114.366,113.457,113.757,84713
2017.05.12,00:00,113.754,113.952,113.197,113.342,79510
2017.05.14,00:00,113.13,113.307,113.12,113.298,6584
2017.05.15,00:00,113.311,113.85,113.221,113.64,70310
2017.05.16,00:00,113.641,113.77,112.758,112.807,83529
2017.05.17,00:00,112.808,112.846,110.524,110.938,145680
2017.05.18,00:00,110.94,111.733,110.234,111.488,186688
2017.05.19,00:00,111.489,111.699,111.039,111.246,120932
2017.05.21,00:00,110.968,111.312,110.968,111.26,8212
2017.05.22,00:00,111.263,111.604,110.929,111.095,110548
2017.05.23,00:00,111.094,111.857,110.858,111.776,131929
2017.05.24,00:00,111.775,112.126,111.474,111.625,114463
2017.05.25,00:00,111.621,111.949,111.509,111.77,98943
2017.05.26,00:00,111.769,111.803,110.876,111.315,89055
2017.05.28,00:00,111.205,111.316,111.139,111.213,4437
2017.05.29,00:00,111.212,111.466,111.187,111.223,60252
2017.05.30,00:00,111.224,111.287,110.661,110.864,92548
2017.05.31,00:00,110.865,111.226,110.48,110.834,98625
2017.06.01,00:00,110.833,111.479,110.709,111.382,96655
2017.06.02,00:00,111.381,111.708,110.327,110.429,101679
2017.06.04,00:00,110.341,110.555,110.333,110.473,7824
2017.06.05,00:00,110.472,110.729,110.306,110.466,75167
2017.06.06,00:00,110.467,110.467,109.224,109.407,101924
2017.06.07,00:00,109.402,109.881,109.113,109.741,83236
2017.06.08,00:00,109.736,110.382,109.375,110.016,105742
2017.06.09,00:00,110.015,110.808,109.809,110.317,111446
2017.06.11,00:00,110.303,110.438,110.281,110.371,2883
2017.06.12,00:00,110.37,110.379,109.63,109.826,98097
2017.06.13,00:00,109.833,110.269,109.827,110.065,75514
2017.06.14,00:00,110.063,110.34,108.807,109.339,130997
2017.06.15,00:00,109.34,110.977,109.267,110.861,130225
2017.06.16,00:00,110.857,111.416,110.645,110.862,96434
2017.06.18,00:00,110.865,110.903,110.719,110.848,5799
2017.06.19,00:00,110.849,111.687,110.842,111.64,85576
2017.06.20,00:00,111.639,111.786,111.306,111.375,86046
2017.06.21,00:00,111.374,111.734,111.066,111.359,99874
2017.06.22,00:00,111.36,111.444,110.949,111.281,94054
2017.06.23,00:00,111.282,111.427,111.151,111.265,62359
2017.06.25,00:00,111.131,111.315,111.117,111.212,3972
2017.06.26,00:00,111.211,111.944,111.202,111.864,83622
2017.06.27,00:00,111.858,112.464,111.46,112.234,111961
2017.06.28,00:00,112.235,112.447,111.828,112.327,125234
2017.06.29,00:00,112.328,112.923,111.81,111.959,128772
2017.06.30,00:00,111.966,112.6,111.729,112.378,122400
2017.07.02,00:00,112.069,112.343,112.069,112.27,5736
2017.07.03,00:00,112.271,113.47,112.193,113.315,104717
2017.07.04,00:00,113.318,113.401,112.736,113.054,93676
2017.07.05,00:00,113.05,113.684,112.823,113.114,124743
2017.07.06,00:00,113.113,113.468,112.884,113.122,119564
2017.07.07,00:00,113.121,114.177,113.1,113.901,120720
2017.07.09,00:00,113.862,114.06,113.853,114.004,8297
2017.07.10,00:00,114.006,114.299,113.902,114.057,98056
2017.07.11,00:00,114.058,114.492,113.713,113.891,120241
2017.07.12,00:00,113.896,113.9,112.924,113.307,137030
2017.07.13,00:00,113.305,113.523,112.857,113.359,134486
2017.07.14,00:00,113.363,113.575,112.263,112.524,107660
2017.07.16,00:00,112.442,112.619,112.442,112.569,8565
2017.07.17,00:00,112.564,112.865,112.325,112.602,110573
2017.07.18,00:00,112.598,112.659,111.683,112.072,154760
2017.07.19,00:00,112.069,112.23,111.553,111.888,122770
2017.07.20,00:00,111.889,112.416,111.479,111.88,169956
2017.07.21,00:00,111.881,112.076,111.009,111.121,135430
2017.07.23,00:00,111.093,111.195,111.076,111.119,6286
2017.07.24,00:00,111.114,111.316,110.621,111.198,147717
2017.07.25,00:00,111.197,111.957,110.826,111.874,158357
2017.07.26,00:00,111.87,112.189,111.049,111.116,183583
2017.07.27,00:00,111.115,111.709,110.779,111.233,227402
2017.07.28,00:00,111.232,111.286,110.545,110.692,195366
2017.07.30,00:00,110.635,110.667,110.494,110.531,8216
2017.07.31,00:00,110.534,110.771,110.21,110.292,169880
2017.08.01,00:00,110.305,110.588,109.919,110.372,191407
2017.08.02,00:00,110.373,110.981,110.282,110.712,176171
2017.08.03,00:00,110.711,110.824,109.854,109.958,193128
2017.08.04,00:00,109.962,111.047,109.839,110.661,157565
2017.08.06,00:00,110.672,110.799,110.654,110.773,6900
2017.08.07,00:00,110.783,110.917,110.64,110.752,124689
2017.08.08,00:00,110.746,110.827,110.067,110.11,135181
2017.08.09,00:00,110.109,110.163,109.557,109.937,155609
2017.08.10,00:00,109.939,110.176,109.104,109.156,188500
2017.08.11,00:00,109.157,109.402,108.724,109.188,164097
2017.08.13,00:00,109.153,109.214,109.021,109.135,7102
2017.08.14,00:00,109.136,109.798,109.102,109.74,141809
2017.08.15,00:00,109.737,110.846,109.698,110.627,149845
2017.08.16,00:00,110.628,110.946,110.026,110.091,140920
2017.08.17,00:00,110.088,110.368,109.361,109.479,174794
2017.08.18,00:00,109.476,109.596,108.601,109.199,166404
2017.08.20,00:00,109.363,109.409,109.234,109.391,6550
2017.08.21,00:00,109.39,109.421,108.631,109.032,139864
2017.08.22,00:00,109.033,109.754,108.887,109.679,113376
2017.08.23,00:00,109.678,109.82,108.842,108.926,137336
2017.08.24,00:00,108.924,109.601,108.854,109.569,142176
2017.08.25,00:00,109.574,109.842,109.107,109.333,150535
2017.08.27,00:00,109.154,109.293,109.137,109.261,6909
2017.08.28,00:00,109.26,109.411,108.328,108.633,153973
2017.08.29,00:00,108.631,109.898,108.262,109.563,224254
2017.08.30,00:00,109.565,110.437,109.562,110.286,169461
2017.08.31,00:00,110.285,110.669,109.877,110.048,192459
2017.09.01,00:00,110.047,110.494,109.556,110.248,155139
2017.09.03,00:00,109.493,109.892,109.478,109.825,11205
2017.09.04,00:00,109.823,109.931,109.377,109.665,139459
2017.09.05,00:00,109.664,109.832,108.507,108.578,197273
2017.09.06,00:00,108.573,109.394,108.447,109.174,182376
2017.09.07,00:00,109.177,109.244,108.045,108.427,198873
2017.09.08,00:00,108.426,108.484,107.312,107.843,210782
2017.09.10,00:00,108.158,108.486,108.112,108.341,13363
2017.09.11,00:00,108.34,109.504,108.158,109.26,168792
2017.09.12,00:00,109.264,110.252,109.26,110.215,173317
2017.09.13,00:00,110.216,110.687,109.899,110.493,168320
2017.09.14,00:00,110.49,111.037,109.546,109.934,191601
2017.09.15,00:00,109.935,111.333,109.884,110.819,183835
2017.09.17,00:00,111.05,111.158,110.993,111.028,8329
2017.09.18,00:00,111.031,111.661,111.015,111.482,162745
2017.09.19,00:00,111.48,111.877,111.195,111.558,183140
2017.09.20,00:00,111.555,112.528,111.053,112.362,171192
2017.09.21,00:00,112.361,112.714,112.131,112.456,184063
2017.09.22,00:00,112.457,112.552,111.647,111.983,165792
2017.09.24,00:00,112.115,112.382,112.11,112.335,8526
2017.09.25,00:00,112.333,112.524,111.47,111.715,208344
2017.09.26,00:00,111.714,112.472,111.492,112.258,184486
2017.09.27,00:00,112.259,113.254,112.258,112.881,214361
2017.09.28,00:00,112.868,113.207,112.248,112.402,196847
2017.09.29,00:00,112.395,112.734,112.211,112.483,163168
2017.10.01,00:00,112.642,112.692,112.433,112.626,6714
2017.10.02,00:00,112.623,113.056,112.528,112.667,178388
2017.10.03,00:00,112.664,113.193,112.663,112.816,170825
2017.10.04,00:00,112.818,112.936,112.315,112.761,174128
2017.10.05,00:00,112.759,112.917,112.407,112.802,167649
2017.10.06,00:00,112.803,113.438,112.601,112.618,164232
2017.10.08,00:00,112.566,112.67,112.323,112.49,12286
2017.10.09,00:00,112.491,112.743,112.478,112.673,129032
2017.10.10,00:00,112.674,112.826,111.984,112.369,170866
2017.10.11,00:00,112.37,112.583,112.077,112.481,153455
2017.10.12,00:00,112.482,112.502,112.119,112.252,131612
2017.10.13,00:00,112.253,112.301,111.684,111.843,130030
2017.10.15,00:00,111.758,111.976,111.743,111.927,7539
2017.10.16,00:00,111.925,112.286,111.648,112.168,123520
2017.10.17,00:00,112.169,112.477,112.031,112.167,129620
2017.10.18,00:00,112.163,113.088,112.131,113.082,131254
2017.10.19,00:00,113.081,113.145,112.289,112.583,161447
2017.10.20,00:00,112.585,113.567,112.552,113.517,157185
2017.10.22,00:00,113.862,113.942,113.773,113.876,10425
2017.10.23,00:00,113.874,114.098,113.238,113.362,147085
2017.10.24,00:00,113.357,114.019,113.242,113.966,157089
2017.10.25,00:00,113.965,114.241,113.474,113.621,189263
2017.10.26,00:00,113.619,114.098,113.335,114.094,172560
2017.10.27,00:00,114.095,114.45,113.637,113.674,162257
2017.10.29,00:00,113.712,113.803,113.676,113.722,10973
2017.10.30,00:00,113.72,113.833,112.977,113.008,146202
2017.10.31,00:00,113.016,113.729,112.951,113.653,169204
2017.11.01,00:00,113.649,114.278,113.624,114.168,191343
2017.11.02,00:00,114.167,114.214,113.532,114.014,199334
2017.11.03,00:00,114.009,114.424,113.625,114.051,140920
2017.11.05,00:00,113.995,114.205,113.995,114.165,13714
2017.11.06,00:00,114.166,114.733,113.688,113.765,166492
2017.11.07,00:00,113.762,114.338,113.65,113.741,165374
2017.11.08,00:00,113.746,113.968,113.392,113.914,140074
2017.11.09,00:00,113.91,114.066,113.087,113.363,193298
2017.11.10,00:00,113.347,113.634,113.218,113.516,129014
2017.11.12,00:00,113.446,113.704,113.439,113.694,12284
2017.11.13,00:00,113.695,113.713,113.241,113.603,113836
2017.11.14,00:00,113.604,113.908,113.305,113.413,134978
2017.11.15,00:00,113.417,113.494,112.474,112.764,179523
2017.11.16,00:00,112.763,113.331,112.732,113.041,141019
2017.11.17,00:00,113.04,113.046,111.943,112.097,145469
2017.11.19,00:00,112.103,112.194,111.88,112.022,22421
2017.11.20,00:00,112.019,112.717,111.943,112.553,144127
2017.11.21,00:00,112.546,112.702,112.169,112.331,146775
2017.11.22,00:00,112.33,112.35,111.135,111.282,148802
2017.11.23,00:00,111.281,111.378,111.062,111.258,106705
2017.11.24,00:00,111.259,111.62,111.249,111.492,116953
2017.11.26,00:00,111.473,111.686,111.451,111.662,11123
2017.11.27,00:00,111.66,111.66,110.839,111.136,143136
2017.11.28,00:00,111.134,111.657,110.926,111.625,161432
2017.11.29,00:00,111.624,112.145,111.367,112.006,157928
2017.11.30,00:00,112,112.693,111.733,112.587,170497
2017.12.01,00:00,112.58,112.872,111.399,112.175,193722
2017.12.03,00:00,112.796,112.894,112.636,112.891,21409
2017.12.04,00:00,112.884,113.088,112.358,112.497,157079
2017.12.05,00:00,112.496,112.864,112.368,112.467,145558
2017.12.06,00:00,112.47,112.531,111.99,112.306,142857
2017.12.07,00:00,112.31,113.208,112.305,113.202,133005
2017.12.08,00:00,113.203,113.585,113.108,113.452,112657
2017.12.10,00:00,113.52,113.626,113.496,113.563,17822
2017.12.11,00:00,113.56,113.687,113.24,113.545,90146
2017.12.12,00:00,113.544,113.748,113.369,113.533,101159
2017.12.13,00:00,113.532,113.536,112.453,112.759,138710
2017.12.14,00:00,112.76,112.879,112.06,112.39,135347
2017.12.15,00:00,112.389,112.741,112.028,112.595,120319
2017.12.17,00:00,112.689,112.744,112.39,112.729,13954
2017.12.18,00:00,112.731,112.827,112.307,112.573,113029
2017.12.19,00:00,112.571,113.076,112.508,113,102309
2017.12.20,00:00,113.001,113.465,112.848,113.244,111413
2017.12.21,00:00,113.247,113.634,113.195,113.317,104866
2017.12.22,00:00,113.31,113.445,113.234,113.267,93026
2017.12.25,00:00,113.252,113.326,113.209,113.303,6218
2017.12.26,00:00,113.302,113.35,113.112,113.208,109855
2017.12.27,00:00,113.207,113.379,113.145,113.214,125682
2017.12.28,00:00,113.217,113.264,112.662,112.872,112524
2017.12.29,00:00,112.877,112.968,112.47,112.658,106714
2018.01.01,00:00,112.642,112.788,112.545,112.772,13179
2018.01.02,00:00,112.769,112.79,112.052,112.25,115981
2018.01.03,00:00,112.249,112.623,112.187,112.606,99969
2018.01.04,00:00,112.609,112.862,112.487,112.8,115253
2018.01.05,00:00,112.803,113.297,112.721,113.049,102349
2018.01.07,00:00,113.107,113.178,112.993,113.153,12502
2018.01.08,00:00,113.158,113.385,112.88,113.146,98992
2018.01.09,00:00,113.15,113.177,112.363,112.774,125453
2018.01.10,00:00,112.775,112.782,111.267,111.458,155721
2018.01.11,00:00,111.453,111.875,111.039,111.281,146010
2018.01.12,00:00,111.282,111.694,110.91,111.009,141395
2018.01.14,00:00,111.075,111.164,110.97,111.135,10935
2018.01.15,00:00,111.14,111.181,110.321,110.616,137558
2018.01.16,00:00,110.606,110.979,110.243,110.392,152370
2018.01.17,00:00,110.386,111.389,110.187,111.352,170346
2018.01.18,00:00,111.35,111.48,110.688,111.037,158687
2018.01.19,00:00,111.031,111.128,110.489,110.816,141970
2018.01.21,00:00,110.544,110.8,110.488,110.68,18106
2018.01.22,00:00,110.685,111.221,110.589,110.982,128076
2018.01.23,00:00,110.979,111.175,110.058,110.114,156292
2018.01.24,00:00,110.119,110.296,108.965,109.323,177572
2018.01.25,00:00,109.31,109.717,108.497,109.673,229450
2018.01.26,00:00,109.67,109.769,108.279,108.62,193195
2018.01.28,00:00,108.674,108.778,108.583,108.6,21970
2018.01.29,00:00,108.608,109.201,108.503,108.938,172219
2018.01.30,00:00,108.942,109.203,108.411,108.74,194391
2018.01.31,00:00,108.75,109.442,108.59,109.189,198369
2018.02.01,00:00,109.19,109.748,109.09,109.396,194934
2018.02.02,00:00,109.402,110.48,109.273,110.145,211024
2018.02.04,00:00,110.176,110.287,110.016,110.03,18021
2018.02.05,00:00,110.022,110.263,108.986,109.049,247776
2018.02.06,00:00,109.048,109.709,108.45,109.626,367397
2018.02.07,00:00,109.633,109.699,108.915,109.146,254682
2018.02.08,00:00,109.152,109.782,108.489,108.552,289221
2018.02.09,00:00,108.559,109.308,108.041,108.787,288219
2018.02.11,00:00,108.856,108.884,108.696,108.801,11378
2018.02.12,00:00,108.799,108.808,108.433,108.717,178326
2018.02.13,00:00,108.705,108.766,107.405,107.763,197984
2018.02.14,00:00,107.764,107.899,106.41,106.544,238518
2018.02.15,00:00,106.546,106.887,106.017,106.1,225514
2018.02.16,00:00,106.102,106.398,105.546,106.284,196611
2018.02.18,00:00,106.299,106.367,106.131,106.259,19782
2018.02.19,00:00,106.266,106.736,106.089,106.714,130411
2018.02.20,00:00,106.715,107.393,106.636,107.389,160063
2018.02.21,00:00,107.381,107.901,107.284,107.572,185786
2018.02.22,00:00,107.574,107.762,106.59,106.835,182720
2018.02.23,00:00,106.836,107.132,106.51,106.872,139460
2018.02.25,00:00,107.174,107.184,106.904,107.067,20221
2018.02.26,00:00,107.072,107.088,106.37,107.069,158952
2018.02.27,00:00,107.067,107.673,106.776,107.426,170745
2018.02.28,00:00,107.434,107.525,106.562,106.633,173662
2018.03.01,00:00,106.634,107.2,106.07,106.165,213969
2018.03.02,00:00,106.17,106.293,105.246,105.714,208326
2018.03.04,00:00,105.429,105.674,105.404,105.554,20064
2018.03.05,00:00,105.556,106.278,105.344,106.251,202158
2018.03.06,00:00,106.256,106.46,105.45,105.577,196634
2018.03.07,00:00,105.578,106.219,105.501,106.18,206100
2018.03.08,00:00,106.178,106.437,105.89,106.417,181846
2018.03.09,00:00,106.405,107.047,106.341,106.826,169857
2018.03.11,00:00,106.785,106.97,106.717,106.9,9622
2018.03.12,00:00,106.897,106.971,106.254,106.277,141636
2018.03.13,00:00,106.3,107.291,106.247,106.532,172787
2018.03.14,00:00,106.532,106.746,106.061,106.16,157695
2018.03.15,00:00,106.162,106.412,105.779,106.307,165345
2018.03.16,00:00,106.311,106.332,105.599,105.959,134925
2018.03.18,00:00,106.041,106.041,105.902,105.954,7265
2018.03.19,00:00,105.814,106.3,105.674,106.013,155779
2018.03.20,00:00,106.019,106.606,105.979,106.472,157225
2018.03.21,00:00,106.478,106.638,105.871,105.939,157421
2018.03.22,00:00,105.928,105.968,104.631,104.952,234379
2018.03.23,00:00,104.955,105.284,104.655,104.713,215736
2018.03.25,00:00,104.639,104.82,104.614,104.722,5810
2018.03.26,00:00,104.728,105.544,104.722,105.453,185104
2018.03.27,00:00,105.454,105.901,105.309,105.397,188516
2018.03.28,00:00,105.396,107.008,105.36,106.814,217147
2018.03.29,00:00,106.818,106.933,106.262,106.476,177500
2018.03.30,00:00,106.477,106.511,106.118,106.263,125726
2018.04.01,00:00,106.186,106.403,106.159,106.298,8099
2018.04.02,00:00,106.299,106.448,105.651,105.828,165154
2018.04.03,00:00,105.831,106.655,105.687,106.503,179112
2018.04.04,00:00,106.5,106.847,105.989,106.778,190802
2018.04.05,00:00,106.781,107.49,106.705,107.158,161810
2018.04.06,00:00,107.156,107.458,106.771,106.922,203587
2018.04.08,00:00,106.936,107.036,106.883,106.89,6554
2018.04.09,00:00,106.891,107.201,106.611,106.731,150906
2018.04.10,00:00,106.728,107.396,106.615,107.202,188731
2018.04.11,00:00,107.21,107.224,106.646,106.799,169193
2018.04.12,00:00,106.8,107.428,106.695,107.248,160159
2018.04.13,00:00,107.247,107.777,107.2,107.336,140935
2018.04.15,00:00,107.493,107.603,107.421,107.539,8432
2018.04.16,00:00,107.538,107.584,107.032,107.112,145841
2018.04.17,00:00,107.114,107.21,106.878,107.032,135513
2018.04.18,00:00,107.031,107.383,107.004,107.213,133541
2018.04.19,00:00,107.218,107.515,107.207,107.418,159041
2018.04.20,00:00,107.424,107.853,107.371,107.629,132802
2018.04.22,00:00,107.746,107.822,107.653,107.776,10860
2018.04.23,00:00,107.779,108.751,107.726,108.671,141028
2018.04.24,00:00,108.674,109.198,108.538,108.852,168909
2018.04.25,00:00,108.853,109.463,108.782,109.406,167531
2018.04.26,00:00,109.408,109.455,109.062,109.348,159481
2018.04.27,00:00,109.347,109.535,108.946,109.035,141620
2018.04.29,00:00,109.071,109.162,109.001,109.142,6989
2018.04.30,00:00,109.143,109.45,109.018,109.268,131010
2018.05.01,00:00,109.265,109.908,109.245,109.906,132826
2018.05.02,00:00,109.904,110.033,109.591,109.825,162217
2018.05.03,00:00,109.822,109.854,108.925,109.152,164605
2018.05.04,00:00,109.155,109.269,108.644,109.056,119340
2018.05.06,00:00,109.104,109.111,109.035,109.079,5270
2018.05.07,00:00,109.081,109.395,108.751,109.134,121790
2018.05.08,00:00,109.132,109.349,108.826,109.1,157100
2018.05.09,00:00,109.093,109.832,108.993,109.743,145331
2018.05.10,00:00,109.744,110.015,109.308,109.405,160902
2018.05.11,00:00,109.406,109.566,109.147,109.36,114257
2018.05.13,00:00,109.323,109.403,109.247,109.357,8924
2018.05.14,00:00,109.356,109.714,109.202,109.707,118785
2018.05.15,00:00,109.704,110.452,109.66,110.285,161449
2018.05.16,00:00,110.28,110.407,110.037,110.293,155628
2018.05.17,00:00,110.289,110.858,110.069,110.784,157320
2018.05.18,00:00,110.786,111.079,110.603,110.741,124031
2018.05.20,00:00,110.866,110.903,110.816,110.866,6113
2018.05.21,00:00,110.865,111.393,110.834,110.956,133280
2018.05.22,00:00,110.957,111.184,110.763,110.822,143620
2018.05.23,00:00,110.823,110.876,109.554,109.981,213769
2018.05.24,00:00,109.98,110.042,108.952,109.258,193670
2018.05.25,00:00,109.259,109.741,109.116,109.372,158829
2018.05.27,00:00,109.734,109.83,109.584,109.639,9550
2018.05.28,00:00,109.637,109.747,109.226,109.449,152394
2018.05.29,00:00,109.45,109.456,108.106,108.624,250808
2018.05.30,00:00,108.619,109.072,108.34,108.819,212829
2018.05.31,00:00,108.823,109.001,108.384,108.772,205181
2018.06.01,00:00,108.771,109.731,108.718,109.508,167319
2018.06.03,00:00,109.456,109.556,109.425,109.552,6593
2018.06.04,00:00,109.548,109.905,109.368,109.898,140281
2018.06.05,00:00,109.899,110.002,109.47,109.826,148814
2018.06.06,00:00,109.825,110.266,109.791,110.16,150979
2018.06.07,00:00,110.158,110.219,109.475,109.691,169553
2018.06.08,00:00,109.69,109.851,109.196,109.516,159223
2018.06.10,00:00,109.312,109.477,109.268,109.408,6995
2018.06.11,00:00,109.406,110.171,109.36,110.165,134178
2018.06.12,00:00,110.161,110.54,110.093,110.443,162478
2018.06.13,00:00,110.439,110.843,110.077,110.193,137260
2018.06.14,00:00,110.192,110.691,109.907,110.57,157369
2018.06.15,00:00,110.572,110.901,110.383,110.641,152397
2018.06.17,00:00,110.655,110.735,110.603,110.612,10104
2018.06.18,00:00,110.613,110.667,110.291,110.54,120564
2018.06.19,00:00,110.536,110.547,109.548,110.031,204841
2018.06.20,00:00,110.029,110.448,109.852,110.381,152713
2018.06.21,00:00,110.37,110.756,109.834,109.9,189673
2018.06.22,00:00,109.901,110.216,109.799,109.975,124555
2018.06.24,00:00,109.85,110.012,109.827,109.914,9885
2018.06.25,00:00,109.915,110.037,109.366,109.676,170881
2018.06.26,00:00,109.671,110.213,109.367,110.058,166826
2018.06.27,00:00,110.036,110.488,109.681,110.23,193370
2018.06.28,00:00,110.225,110.646,109.962,110.489,177217
2018.06.29,00:00,110.481,110.94,110.372,110.664,160649
2018.07.01,00:00,110.633,110.821,110.553,110.698,18141
2018.07.02,00:00,110.697,111.061,110.596,110.834,141607
2018.07.03,00:00,110.833,111.132,110.472,110.499,137139
2018.07.04,00:00,110.497,110.554,110.274,110.466,151139
2018.07.05,00:00,110.467,110.724,110.286,110.654,139782
2018.07.06,00:00,110.654,110.784,110.374,110.449,109651
2018.07.08,00:00,110.373,110.476,110.354,110.408,9487
2018.07.09,00:00,110.416,110.9,110.349,110.863,109824
2018.07.10,00:00,110.865,111.352,110.79,110.84,116343
2018.07.11,00:00,110.839,112.173,110.764,111.941,176259
2018.07.12,00:00,111.94,112.659,111.919,112.604,136576
2018.07.13,00:00,112.616,112.799,112.274,112.331,104949
2018.07.15,00:00,112.177,112.427,112.177,112.395,9188
2018.07.16,00:00,112.394,112.561,112.222,112.306,107049
2018.07.17,00:00,112.304,112.948,112.218,112.923,162112
2018.07.18,00:00,112.915,113.135,112.707,112.857,135474
2018.07.19,00:00,112.856,113.174,112.052,112.444,157166
2018.07.20,00:00,112.443,112.621,111.378,111.439,166632
2018.07.22,00:00,111.367,111.504,111.287,111.332,9243
2018.07.23,00:00,111.329,111.541,110.749,111.374,156725
2018.07.24,00:00,111.375,111.512,110.959,111.241,141437
2018.07.25,00:00,111.238,111.382,110.657,110.914,154287
2018.07.26,00:00,110.913,111.246,110.585,111.199,112136
2018.07.27,00:00,111.2,111.242,110.794,111.01,102623
2018.07.29,00:00,110.929,111.012,110.906,110.962,8403
2018.07.30,00:00,110.963,111.163,110.888,111.02,97935
2018.07.31,00:00,111.015,111.956,110.727,111.765,153201
2018.08.01,00:00,111.766,112.15,111.388,111.669,131201
2018.08.02,00:00,111.67,111.735,111.309,111.623,125985
2018.08.03,00:00,111.62,111.871,111.098,111.258,104730
2018.08.05,00:00,111.208,111.261,111.131,111.244,5309
2018.08.06,00:00,111.245,111.525,111.165,111.361,98017
2018.08.07,00:00,111.362,111.476,110.991,111.363,92600
2018.08.08,00:00,111.364,111.436,110.834,110.88,109380
2018.08.09,00:00,110.876,111.182,110.704,111.153,111789
2018.08.10,00:00,111.153,111.169,110.509,110.921,162086
2018.08.12,00:00,110.432,110.745,110.407,110.594,10845
2018.08.13,00:00,110.592,110.931,110.102,110.721,178417
2018.08.14,00:00,110.72,111.313,110.582,111.178,141057
2018.08.15,00:00,111.177,111.43,110.43,110.628,152193
2018.08.16,00:00,110.624,111.12,110.456,110.939,149201
2018.08.17,00:00,110.943,111.05,110.313,110.482,106948
2018.08.19,00:00,110.581,110.588,110.492,110.505,9138
2018.08.20,00:00,110.506,110.682,109.91,109.928,109021
2018.08.21,00:00,109.926,110.544,109.771,110.07,127348
2018.08.22,00:00,110.076,110.614,110.024,110.548,121559
2018.08.23,00:00,110.547,111.393,110.535,111.349,132833
2018.08.24,00:00,111.346,111.484,111.099,111.248,97727
2018.08.26,00:00,111.301,111.317,111.219,111.245,5905
2018.08.27,00:00,111.246,111.346,110.931,111.071,108684
2018.08.28,00:00,111.073,111.354,110.95,111.165,116860
2018.08.29,00:00,111.167,111.825,111.119,111.723,127047
2018.08.30,00:00,111.722,111.753,110.935,111.014,134159
2018.08.31,00:00,111.016,111.133,110.676,111.093,127757
2018.09.02,00:00,111.09,111.176,111.041,111.171,10814
2018.09.03,00:00,111.181,111.186,110.848,111.087,112673
2018.09.04,00:00,111.085,111.531,110.898,111.462,135733
2018.09.05,00:00,111.461,111.755,111.397,111.462,131273
2018.09.06,00:00,111.472,111.511,110.516,110.664,137336
2018.09.07,00:00,110.665,111.245,110.378,111.049,134980
2018.09.09,00:00,111.024,111.083,110.981,110.986,6145
2018.09.10,00:00,110.981,111.246,110.848,111.133,95462
2018.09.11,00:00,111.134,111.648,111.072,111.628,105365
2018.09.12,00:00,111.619,111.632,111.108,111.231,112779
2018.09.13,00:00,111.23,112.046,111.166,112.041,116677
2018.09.14,00:00,112.042,112.166,111.751,112.056,102576
2018.09.16,00:00,111.998,112.05,111.934,111.968,3512
2018.09.17,00:00,111.959,112.12,111.664,111.678,92669
2018.09.18,00:00,111.672,112.387,111.66,112.349,138050
2018.09.19,00:00,112.348,112.444,112.155,112.268,128293
2018.09.20,00:00,112.267,112.582,112.04,112.483,125229
2018.09.21,00:00,112.487,112.872,112.422,112.519,106131
2018.09.23,00:00,112.431,112.568,112.397,112.542,4009
2018.09.24,00:00,112.538,112.837,112.432,112.795,93771
2018.09.25,00:00,112.796,112.995,112.739,112.971,110966
2018.09.26,00:00,112.969,113.134,112.619,112.754,117261
2018.09.27,00:00,112.756,113.466,112.558,113.398,130000
2018.09.28,00:00,113.396,113.704,113.31,113.681,113146
2018.09.30,00:00,113.736,113.763,113.685,113.744,6050
2018.10.01,00:00,113.743,114.06,113.725,113.999,106441
2018.10.02,00:00,113.997,114.011,113.525,113.65,122249
2018.10.03,00:00,113.648,114.541,113.518,114.451,123431
2018.10.04,00:00,114.457,114.549,113.63,113.89,157063
2018.10.05,00:00,113.885,114.099,113.551,113.71,141441
2018.10.07,00:00,113.784,113.79,113.644,113.706,5236
2018.10.08,00:00,113.703,113.941,112.819,113.137,132481
2018.10.09,00:00,113.136,113.391,112.868,113.013,171343
2018.10.10,00:00,113.002,113.284,112.085,112.246,181566
2018.10.11,00:00,112.228,112.533,111.828,112.114,259828
2018.10.12,00:00,112.111,112.495,111.876,112.208,183417
2018.10.14,00:00,112.134,112.2,112.097,112.177,6255
2018.10.15,00:00,112.174,112.234,111.622,111.77,178780
2018.10.16,00:00,111.766,112.334,111.761,112.308,150160
2018.10.17,00:00,112.309,112.714,112.012,112.62,165649
2018.10.18,00:00,112.622,112.726,111.945,112.194,198034
2018.10.19,00:00,112.193,112.645,112.137,112.51,179720
2018.10.21,00:00,112.581,112.591,112.434,112.46,7037
2018.10.22,00:00,112.462,112.883,112.347,112.82,161837
2018.10.23,00:00,112.821,112.829,111.951,112.384,199670
2018.10.24,00:00,112.375,112.74,112.039,112.086,213534
2018.10.25,00:00,112.083,112.672,111.818,112.4,212952
2018.10.26,00:00,112.402,112.442,111.375,111.872,241413
2018.10.28,00:00,111.884,111.942,111.792,111.922,13950
2018.10.29,00:00,111.919,112.558,111.774,112.322,207414
2018.10.30,00:00,112.325,113.153,112.302,113.064,202212
2018.10.31,00:00,113.071,113.382,112.801,112.854,164304
2018.11.01,00:00,112.855,113.001,112.554,112.73,147896
2018.11.02,00:00,112.735,113.32,112.653,113.185,157056
